date,erc
2005-01-01,0.0
2005-01-02,0.5
2005-01-03,0.5
2005-01-04,0.9
2005-01-05,1.2
2005-01-06,1.2
2005-01-07,1.6
2005-01-08,1.3
2005-01-09,1.6
2005-01-10,4.5
2005-01-11,4.8
2005-01-12,6.5
2005-01-13,4.9
2005-01-14,6.1
2005-01-15,6.8
2005-01-16,7.3
2005-01-17,7.5
2005-01-18,7.6
2005-01-19,5.4
2005-01-20,8.8
2005-01-21,9.9
2005-01-22,9.9
2005-01-23,10.9
2005-01-24,11.8
2005-01-25,12.0
2005-01-26,11.6
2005-01-27,8.7
2005-01-28,5.0
2005-01-29,4.3
2005-01-30,3.8
2005-01-31,3.6
2005-02-01,3.4
2005-02-02,3.2
2005-02-03,3.0
2005-02-04,2.7
2005-02-05,2.5
2005-02-06,2.3
2005-02-07,2.2
2005-02-08,2.0
2005-02-09,1.9
2005-02-10,1.8
2005-02-11,1.7
2005-02-12,1.6
2005-02-13,1.6
2005-02-14,1.5
2005-02-15,1.4
2005-02-16,3.6
2005-02-17,4.5
2005-02-18,4.0
2005-02-19,3.1
2005-02-20,4.4
2005-02-21,5.3
2005-02-22,5.5
2005-02-23,4.8
2005-02-24,4.0
2005-02-25,5.3
2005-02-26,5.9
2005-02-27,6.3
2005-02-28,6.6
2005-03-01,6.6
2005-03-02,7.2
2005-03-03,7.0
2005-03-04,7.5
2005-03-05,7.0
2005-03-06,7.7
2005-03-07,8.1
2005-03-08,8.4
2005-03-09,8.8
2005-03-10,12.2
2005-03-11,13.1
2005-03-12,14.0
2005-03-13,16.2
2005-03-14,13.1
2005-03-15,8.7
2005-03-16,6.1
2005-03-17,5.4
2005-03-18,4.9
2005-03-19,4.7
2005-03-20,4.4
2005-03-21,7.0
2005-03-22,10.4
2005-03-23,10.0
2005-03-24,10.3
2005-03-25,10.1
2005-03-26,7.2
2005-03-27,7.8
2005-03-28,11.9
2005-03-29,12.0
2005-03-30,11.9
2005-03-31,12.8
2005-04-01,12.1
2005-04-02,13.9
2005-04-03,15.0
2005-04-04,19.0
2005-04-05,18.9
2005-04-06,21.3
2005-04-07,23.0
2005-04-08,22.1
2005-04-09,23.7
2005-04-10,20.9
2005-04-11,14.1
2005-04-12,13.6
2005-04-13,17.5
2005-04-14,22.2
2005-04-15,22.1
2005-04-16,22.5
2005-04-17,23.3
2005-04-18,25.1
2005-04-19,26.8
2005-04-20,28.2
2005-04-21,28.4
2005-04-22,29.0
2005-04-23,29.2
2005-04-24,26.5
2005-04-25,19.1
2005-04-26,20.8
2005-04-27,23.7
2005-04-28,24.3
2005-04-29,24.6
2005-04-30,25.9
2005-05-01,23.2
2005-05-02,18.0
2005-05-03,15.3
2005-05-04,22.5
2005-05-05,23.5
2005-05-06,23.2
2005-05-07,23.2
2005-05-08,24.3
2005-05-09,29.8
2005-05-10,32.5
2005-05-11,31.1
2005-05-12,33.8
2005-05-13,34.7
2005-05-14,33.8
2005-05-15,35.0
2005-05-16,36.9
2005-05-17,38.0
2005-05-18,40.4
2005-05-19,42.4
2005-05-20,44.5
2005-05-21,46.2
2005-05-22,47.5
2005-05-23,49.1
2005-05-24,49.9
2005-05-25,50.3
2005-05-26,48.0
2005-05-27,47.8
2005-05-28,45.9
2005-05-29,45.2
2005-05-30,42.6
2005-05-31,44.7
2005-06-01,46.1
2005-06-02,47.3
2005-06-03,46.1
2005-06-04,45.4
2005-06-05,47.2
2005-06-06,49.2
2005-06-07,50.9
2005-06-08,52.5
2005-06-09,51.8
2005-06-10,48.6
2005-06-11,48.7
2005-06-12,43.4
2005-06-13,47.0
2005-06-14,49.3
2005-06-15,48.4
2005-06-16,50.3
2005-06-17,52.2
2005-06-18,53.7
2005-06-19,55.5
2005-06-20,56.2
2005-06-21,54.5
2005-06-22,52.4
2005-06-23,52.8
2005-06-24,51.8
2005-06-25,46.7
2005-06-26,47.5
2005-06-27,50.5
2005-06-28,49.9
2005-06-29,48.8
2005-06-30,50.6
2005-07-01,51.1
2005-07-02,52.6
2005-07-03,53.7
2005-07-04,53.9
2005-07-05,54.3
2005-07-06,55.3
2005-07-07,56.6
2005-07-08,57.7
2005-07-09,57.5
2005-07-10,58.8
2005-07-11,60.0
2005-07-12,59.3
2005-07-13,55.7
2005-07-14,55.0
2005-07-15,53.8
2005-07-16,52.7
2005-07-17,52.3
2005-07-18,51.8
2005-07-19,53.6
2005-07-20,54.7
2005-07-21,53.8
2005-07-22,55.3
2005-07-23,53.4
2005-07-24,49.8
2005-07-25,42.7
2005-07-26,41.7
2005-07-27,38.9
2005-07-28,39.6
2005-07-29,41.8
2005-07-30,43.0
2005-07-31,44.2
2005-08-01,45.7
2005-08-02,46.6
2005-08-03,46.5
2005-08-04,36.8
2005-08-05,31.8
2005-08-06,31.6
2005-08-07,33.0
2005-08-08,36.0
2005-08-09,35.9
2005-08-10,35.2
2005-08-11,31.4
2005-08-12,28.2
2005-08-13,27.7
2005-08-14,25.4
2005-08-15,24.4
2005-08-16,22.9
2005-08-17,27.9
2005-08-18,30.1
2005-08-19,32.4
2005-08-20,32.6
2005-08-21,32.0
2005-08-22,31.2
2005-08-23,33.0
2005-08-24,34.2
2005-08-25,34.1
2005-08-26,34.9
2005-08-27,35.1
2005-08-28,36.4
2005-08-29,38.8
2005-08-30,40.7
2005-08-31,41.6
2005-09-01,41.9
2005-09-02,42.4
2005-09-03,40.7
2005-09-04,38.9
2005-09-05,39.4
2005-09-06,38.7
2005-09-07,37.4
2005-09-08,35.7
2005-09-09,31.9
2005-09-10,33.1
2005-09-11,34.8
2005-09-12,35.2
2005-09-13,36.6
2005-09-14,35.5
2005-09-15,37.3
2005-09-16,39.9
2005-09-17,43.0
2005-09-18,44.9
2005-09-19,46.4
2005-09-20,46.4
2005-09-21,45.0
2005-09-22,39.6
2005-09-23,38.1
2005-09-24,40.4
2005-09-25,42.7
2005-09-26,44.0
2005-09-27,42.2
2005-09-28,32.6
2005-09-29,29.1
2005-09-30,33.4
2005-10-01,34.1
2005-10-02,35.4
2005-10-03,35.5
2005-10-04,32.4
2005-10-05,34.1
2005-10-06,33.1
2005-10-07,35.8
2005-10-08,37.0
2005-10-09,29.0
2005-10-10,17.8
2005-10-11,16.2
2005-10-12,17.2
2005-10-13,24.9
2005-10-14,26.0
2005-10-15,25.8
2005-10-16,24.7
2005-10-17,25.7
2005-10-18,26.3
2005-10-19,21.1
2005-10-20,23.7
2005-10-21,24.0
2005-10-22,24.6
2005-10-23,26.8
2005-10-24,28.8
2005-10-25,30.3
2005-10-26,29.9
2005-10-27,29.9
2005-10-28,30.0
2005-10-29,30.0
2005-10-30,30.4
2005-10-31,32.3
2005-11-01,34.2
2005-11-02,36.2
2005-11-03,35.5
2005-11-04,36.6
2005-11-05,36.7
2005-11-06,38.2
2005-11-07,39.2
2005-11-08,41.0
2005-11-09,40.9
2005-11-10,40.5
2005-11-11,38.1
2005-11-12,36.8
2005-11-13,38.3
2005-11-14,37.8
2005-11-15,34.4
2005-11-16,29.4
2005-11-17,28.1
2005-11-18,23.9
2005-11-19,21.7
2005-11-20,24.6
2005-11-21,24.6
2005-11-22,27.9
2005-11-23,31.5
2005-11-24,31.8
2005-11-25,32.6
2005-11-26,31.7
2005-11-27,28.6
2005-11-28,26.3
2005-11-29,26.5
2005-11-30,28.7
2005-12-01,29.5
2005-12-02,28.0
2005-12-03,25.0
2005-12-04,22.7
2005-12-05,14.2
2005-12-06,13.0
2005-12-07,14.5
2005-12-08,13.4
2005-12-09,10.3
2005-12-10,12.3
2005-12-11,15.4
2005-12-12,15.2
2005-12-13,14.5
2005-12-14,14.9
2005-12-15,15.1
2005-12-16,15.0
2005-12-17,14.7
2005-12-18,15.1
2005-12-19,14.9
2005-12-20,17.4
2005-12-21,18.2
2005-12-22,19.0
2005-12-23,22.9
2005-12-24,24.7
2005-12-25,25.2
2005-12-26,26.8
2005-12-27,26.3
2005-12-28,27.2
2005-12-29,27.1
2005-12-30,27.7
2005-12-31,28.4
2006-01-01,27.6
2006-01-02,28.8
2006-01-03,29.1
2006-01-04,29.8
2006-01-05,31.7
2006-01-06,33.1
2006-01-07,34.4
2006-01-08,33.6
2006-01-09,32.1
2006-01-10,27.7
2006-01-11,25.2
2006-01-12,27.3
2006-01-13,27.5
2006-01-14,28.0
2006-01-15,27.1
2006-01-16,25.9
2006-01-17,23.4
2006-01-18,19.5
2006-01-19,19.4
2006-01-20,15.2
2006-01-21,12.1
2006-01-22,10.9
2006-01-23,10.1
2006-01-24,9.3
2006-01-25,8.4
2006-01-26,7.6
2006-01-27,6.9
2006-01-28,6.3
2006-01-29,5.8
2006-01-30,5.3
2006-01-31,4.9
2006-02-01,7.6
2006-02-02,7.4
2006-02-03,9.3
2006-02-04,10.3
2006-02-05,11.1
2006-02-06,11.6
2006-02-07,12.5
2006-02-08,12.6
2006-02-09,16.3
2006-02-10,15.5
2006-02-11,15.1
2006-02-12,9.9
2006-02-13,12.3
2006-02-14,13.1
2006-02-15,16.8
2006-02-16,16.5
2006-02-17,15.9
2006-02-18,11.1
2006-02-19,6.2
2006-02-20,8.4
2006-02-21,8.4
2006-02-22,11.2
2006-02-23,14.7
2006-02-24,15.8
2006-02-25,16.8
2006-02-26,17.9
2006-02-27,18.7
2006-02-28,18.7
2006-03-01,21.5
2006-03-02,21.2
2006-03-03,24.2
2006-03-04,25.7
2006-03-05,28.3
2006-03-06,30.7
2006-03-07,31.1
2006-03-08,29.2
2006-03-09,23.2
2006-03-10,16.0
2006-03-11,14.3
2006-03-12,11.1
2006-03-13,10.3
2006-03-14,9.7
2006-03-15,8.9
2006-03-16,11.3
2006-03-17,14.1
2006-03-18,13.6
2006-03-19,11.0
2006-03-20,8.8
2006-03-21,6.6
2006-03-22,6.1
2006-03-23,5.7
2006-03-24,5.2
2006-03-25,4.8
2006-03-26,11.1
2006-03-27,12.2
2006-03-28,14.4
2006-03-29,15.7
2006-03-30,14.7
2006-03-31,17.3
2006-04-01,17.7
2006-04-02,19.6
2006-04-03,21.5
2006-04-04,25.1
2006-04-05,24.7
2006-04-06,21.1
2006-04-07,20.8
2006-04-08,23.8
2006-04-09,29.6
2006-04-10,31.0
2006-04-11,30.7
2006-04-12,33.8
2006-04-13,36.0
2006-04-14,37.2
2006-04-15,33.1
2006-04-16,35.7
2006-04-17,38.6
2006-04-18,38.7
2006-04-19,40.5
2006-04-20,42.1
2006-04-21,43.8
2006-04-22,44.9
2006-04-23,45.4
2006-04-24,45.3
2006-04-25,42.6
2006-04-26,44.6
2006-04-27,45.4
2006-04-28,41.5
2006-04-29,32.9
2006-04-30,35.7
2006-05-01,39.4
2006-05-02,40.1
2006-05-03,39.6
2006-05-04,40.3
2006-05-05,40.6
2006-05-06,40.0
2006-05-07,41.4
2006-05-08,42.0
2006-05-09,39.8
2006-05-10,41.8
2006-05-11,44.2
2006-05-12,46.2
2006-05-13,47.3
2006-05-14,44.7
2006-05-15,41.2
2006-05-16,43.9
2006-05-17,44.5
2006-05-18,44.7
2006-05-19,45.6
2006-05-20,45.6
2006-05-21,47.7
2006-05-22,45.7
2006-05-23,44.9
2006-05-24,48.2
2006-05-25,49.9
2006-05-26,51.0
2006-05-27,52.6
2006-05-28,51.6
2006-05-29,53.1
2006-05-30,53.4
2006-05-31,53.0
2006-06-01,52.3
2006-06-02,52.0
2006-06-03,54.1
2006-06-04,55.4
2006-06-05,56.7
2006-06-06,55.7
2006-06-07,52.9
2006-06-08,50.9
2006-06-09,48.1
2006-06-10,49.6
2006-06-11,51.7
2006-06-12,53.4
2006-06-13,52.5
2006-06-14,53.7
2006-06-15,55.4
2006-06-16,52.5
2006-06-17,54.3
2006-06-18,56.1
2006-06-19,57.7
2006-06-20,58.7
2006-06-21,58.8
2006-06-22,57.5
2006-06-23,58.4
2006-06-24,58.5
2006-06-25,54.2
2006-06-26,47.7
2006-06-27,47.5
2006-06-28,46.8
2006-06-29,48.1
2006-06-30,48.9
2006-07-01,47.6
2006-07-02,45.0
2006-07-03,39.1
2006-07-04,39.4
2006-07-05,35.8
2006-07-06,31.8
2006-07-07,30.9
2006-07-08,19.9
2006-07-09,18.1
2006-07-10,19.7
2006-07-11,23.2
2006-07-12,26.6
2006-07-13,31.2
2006-07-14,34.4
2006-07-15,36.4
2006-07-16,38.7
2006-07-17,40.4
2006-07-18,38.9
2006-07-19,38.4
2006-07-20,38.2
2006-07-21,37.8
2006-07-22,37.0
2006-07-23,36.9
2006-07-24,37.1
2006-07-25,36.8
2006-07-26,31.9
2006-07-27,32.0
2006-07-28,32.1
2006-07-29,32.6
2006-07-30,34.8
2006-07-31,34.0
2006-08-01,30.2
2006-08-02,30.9
2006-08-03,30.7
2006-08-04,29.8
2006-08-05,26.9
2006-08-06,25.0
2006-08-07,22.0
2006-08-08,25.0
2006-08-09,25.8
2006-08-10,26.0
2006-08-11,27.7
2006-08-12,26.2
2006-08-13,25.2
2006-08-14,25.3
2006-08-15,24.9
2006-08-16,25.6
2006-08-17,26.5
2006-08-18,27.7
2006-08-19,23.5
2006-08-20,23.9
2006-08-21,25.6
2006-08-22,26.0
2006-08-23,29.0
2006-08-24,29.4
2006-08-25,25.6
2006-08-26,23.6
2006-08-27,26.0
2006-08-28,27.9
2006-08-29,29.3
2006-08-30,31.5
2006-08-31,32.9
2006-09-01,31.5
2006-09-02,30.9
2006-09-03,32.4
2006-09-04,33.9
2006-09-05,34.3
2006-09-06,33.4
2006-09-07,31.6
2006-09-08,23.8
2006-09-09,27.5
2006-09-10,27.1
2006-09-11,27.8
2006-09-12,29.6
2006-09-13,30.9
2006-09-14,29.8
2006-09-15,28.9
2006-09-16,31.4
2006-09-17,34.1
2006-09-18,35.7
2006-09-19,37.7
2006-09-20,37.9
2006-09-21,27.9
2006-09-22,25.6
2006-09-23,25.3
2006-09-24,27.7
2006-09-25,29.2
2006-09-26,30.3
2006-09-27,34.7
2006-09-28,35.7
2006-09-29,37.7
2006-09-30,38.8
2006-10-01,39.8
2006-10-02,40.0
2006-10-03,38.8
2006-10-04,37.4
2006-10-05,35.2
2006-10-06,34.5
2006-10-07,34.0
2006-10-08,29.3
2006-10-09,22.4
2006-10-10,18.9
2006-10-11,19.9
2006-10-12,23.7
2006-10-13,27.2
2006-10-14,26.4
2006-10-15,21.8
2006-10-16,24.7
2006-10-17,23.4
2006-10-18,21.5
2006-10-19,19.6
2006-10-20,19.4
2006-10-21,22.4
2006-10-22,21.8
2006-10-23,19.8
2006-10-24,26.7
2006-10-25,26.6
2006-10-26,22.1
2006-10-27,18.8
2006-10-28,19.4
2006-10-29,23.0
2006-10-30,23.6
2006-10-31,27.8
2006-11-01,29.3
2006-11-02,30.1
2006-11-03,31.3
2006-11-04,30.1
2006-11-05,29.6
2006-11-06,31.2
2006-11-07,32.0
2006-11-08,34.9
2006-11-09,34.9
2006-11-10,35.0
2006-11-11,36.7
2006-11-12,34.8
2006-11-13,31.5
2006-11-14,28.0
2006-11-15,26.8
2006-11-16,21.9
2006-11-17,27.9
2006-11-18,31.8
2006-11-19,32.5
2006-11-20,33.9
2006-11-21,35.0
2006-11-22,35.2
2006-11-23,35.8
2006-11-24,34.6
2006-11-25,34.2
2006-11-26,35.6
2006-11-27,36.2
2006-11-28,32.1
2006-11-29,25.1
2006-11-30,17.8
2006-12-01,16.1
2006-12-02,17.2
2006-12-03,15.7
2006-12-04,13.0
2006-12-05,11.7
2006-12-06,10.5
2006-12-07,9.5
2006-12-08,11.8
2006-12-09,11.6
2006-12-10,11.1
2006-12-11,13.1
2006-12-12,12.4
2006-12-13,16.4
2006-12-14,17.3
2006-12-15,18.5
2006-12-16,20.2
2006-12-17,19.4
2006-12-18,17.6
2006-12-19,13.0
2006-12-20,8.5
2006-12-21,7.9
2006-12-22,7.3
2006-12-23,6.9
2006-12-24,6.4
2006-12-25,5.9
2006-12-26,5.4
2006-12-27,4.9
2006-12-28,4.5
2006-12-29,4.2
2006-12-30,3.9
2006-12-31,3.6
2007-01-01,3.3
2007-01-02,3.1
2007-01-03,2.9
2007-01-04,2.7
2007-01-05,2.6
2007-01-06,2.4
2007-01-07,2.3
2007-01-08,2.2
2007-01-09,2.0
2007-01-10,1.9
2007-01-11,4.6
2007-01-12,4.4
2007-01-13,3.9
2007-01-14,2.0
2007-01-15,1.9
2007-01-16,1.8
2007-01-17,1.7
2007-01-18,1.6
2007-01-19,1.6
2007-01-20,1.5
2007-01-21,1.4
2007-01-22,1.4
2007-01-23,1.3
2007-01-24,1.3
2007-01-25,1.2
2007-01-26,1.2
2007-01-27,1.1
2007-01-28,1.1
2007-01-29,1.1
2007-01-30,1.1
2007-01-31,1.0
2007-02-01,1.0
2007-02-02,1.0
2007-02-03,1.0
2007-02-04,1.0
2007-02-05,0.9
2007-02-06,4.0
2007-02-07,4.7
2007-02-08,7.8
2007-02-09,8.8
2007-02-10,9.3
2007-02-11,9.2
2007-02-12,9.9
2007-02-13,9.7
2007-02-14,8.0
2007-02-15,4.1
2007-02-16,3.7
2007-02-17,3.3
2007-02-18,3.1
2007-02-19,2.9
2007-02-20,5.7
2007-02-21,6.4
2007-02-22,6.7
2007-02-23,9.6
2007-02-24,9.1
2007-02-25,7.1
2007-02-26,6.8
2007-02-27,12.8
2007-02-28,11.6
2007-03-01,8.4
2007-03-02,4.1
2007-03-03,3.7
2007-03-04,3.5
2007-03-05,12.3
2007-03-06,14.5
2007-03-07,15.1
2007-03-08,15.0
2007-03-09,17.2
2007-03-10,17.4
2007-03-11,16.7
2007-03-12,19.5
2007-03-13,21.6
2007-03-14,22.4
2007-03-15,23.5
2007-03-16,24.7
2007-03-17,26.5
2007-03-18,27.4
2007-03-19,27.4
2007-03-20,28.0
2007-03-21,27.8
2007-03-22,26.1
2007-03-23,23.9
2007-03-24,21.7
2007-03-25,17.9
2007-03-26,15.2
2007-03-27,23.3
2007-03-28,23.0
2007-03-29,22.7
2007-03-30,19.7
2007-03-31,11.4
2007-04-01,14.1
2007-04-02,21.6
2007-04-03,23.6
2007-04-04,24.1
2007-04-05,24.1
2007-04-06,23.1
2007-04-07,21.5
2007-04-08,18.0
2007-04-09,20.9
2007-04-10,21.1
2007-04-11,21.7
2007-04-12,20.4
2007-04-13,15.8
2007-04-14,10.8
2007-04-15,9.9
2007-04-16,12.4
2007-04-17,15.4
2007-04-18,18.8
2007-04-19,20.9
2007-04-20,22.2
2007-04-21,24.8
2007-04-22,23.6
2007-04-23,25.5
2007-04-24,19.8
2007-04-25,17.0
2007-04-26,19.0
2007-04-27,23.3
2007-04-28,27.5
2007-04-29,28.8
2007-04-30,30.1
2007-05-01,29.0
2007-05-02,23.9
2007-05-03,28.1
2007-05-04,29.3
2007-05-05,28.3
2007-05-06,25.8
2007-05-07,19.4
2007-05-08,20.7
2007-05-09,25.1
2007-05-10,30.0
2007-05-11,31.9
2007-05-12,32.8
2007-05-13,32.8
2007-05-14,33.0
2007-05-15,30.8
2007-05-16,30.5
2007-05-17,30.1
2007-05-18,31.3
2007-05-19,31.6
2007-05-20,29.6
2007-05-21,30.0
2007-05-22,30.5
2007-05-23,26.3
2007-05-24,25.0
2007-05-25,25.9
2007-05-26,27.9
2007-05-27,31.8
2007-05-28,34.0
2007-05-29,35.7
2007-05-30,37.1
2007-05-31,38.9
2007-06-01,40.1
2007-06-02,39.9
2007-06-03,39.2
2007-06-04,37.8
2007-06-05,39.5
2007-06-06,40.9
2007-06-07,40.4
2007-06-08,43.0
2007-06-09,43.1
2007-06-10,44.4
2007-06-11,44.7
2007-06-12,34.9
2007-06-13,34.6
2007-06-14,35.7
2007-06-15,37.5
2007-06-16,36.7
2007-06-17,39.2
2007-06-18,42.4
2007-06-19,44.7
2007-06-20,46.4
2007-06-21,46.1
2007-06-22,45.5
2007-06-23,47.5
2007-06-24,48.2
2007-06-25,50.2
2007-06-26,50.4
2007-06-27,47.7
2007-06-28,46.9
2007-06-29,47.3
2007-06-30,48.9
2007-07-01,50.3
2007-07-02,51.3
2007-07-03,52.4
2007-07-04,50.1
2007-07-05,45.1
2007-07-06,43.0
2007-07-07,44.1
2007-07-08,43.9
2007-07-09,44.5
2007-07-10,45.3
2007-07-11,44.1
2007-07-12,42.2
2007-07-13,39.8
2007-07-14,41.3
2007-07-15,41.7
2007-07-16,42.3
2007-07-17,42.6
2007-07-18,42.0
2007-07-19,39.1
2007-07-20,32.3
2007-07-21,31.8
2007-07-22,32.1
2007-07-23,33.3
2007-07-24,33.9
2007-07-25,33.9
2007-07-26,33.8
2007-07-27,30.4
2007-07-28,27.6
2007-07-29,26.5
2007-07-30,27.7
2007-07-31,28.2
2007-08-01,30.1
2007-08-02,31.3
2007-08-03,29.3
2007-08-04,27.9
2007-08-05,25.4
2007-08-06,25.7
2007-08-07,24.1
2007-08-08,27.5
2007-08-09,30.1
2007-08-10,30.9
2007-08-11,31.4
2007-08-12,29.6
2007-08-13,32.1
2007-08-14,30.3
2007-08-15,31.7
2007-08-16,31.3
2007-08-17,30.4
2007-08-18,31.7
2007-08-19,32.8
2007-08-20,36.4
2007-08-21,39.4
2007-08-22,41.4
2007-08-23,42.2
2007-08-24,40.6
2007-08-25,42.7
2007-08-26,42.0
2007-08-27,39.7
2007-08-28,36.9
2007-08-29,35.5
2007-08-30,33.9
2007-08-31,34.4
2007-09-01,33.7
2007-09-02,32.3
2007-09-03,32.6
2007-09-04,31.8
2007-09-05,30.7
2007-09-06,31.4
2007-09-07,32.8
2007-09-08,35.7
2007-09-09,34.2
2007-09-10,33.3
2007-09-11,34.8
2007-09-12,35.2
2007-09-13,38.4
2007-09-14,39.5
2007-09-15,39.6
2007-09-16,39.4
2007-09-17,33.3
2007-09-18,34.9
2007-09-19,36.9
2007-09-20,33.6
2007-09-21,34.2
2007-09-22,35.2
2007-09-23,31.2
2007-09-24,32.1
2007-09-25,34.0
2007-09-26,36.2
2007-09-27,37.3
2007-09-28,35.4
2007-09-29,32.0
2007-09-30,35.5
2007-10-01,35.5
2007-10-02,33.5
2007-10-03,35.4
2007-10-04,35.7
2007-10-05,32.7
2007-10-06,35.2
2007-10-07,36.5
2007-10-08,38.2
2007-10-09,39.6
2007-10-10,38.9
2007-10-11,40.5
2007-10-12,42.4
2007-10-13,42.1
2007-10-14,38.3
2007-10-15,34.7
2007-10-16,38.1
2007-10-17,34.1
2007-10-18,35.7
2007-10-19,34.8
2007-10-20,39.1
2007-10-21,36.6
2007-10-22,31.3
2007-10-23,24.2
2007-10-24,35.6
2007-10-25,36.9
2007-10-26,38.0
2007-10-27,37.0
2007-10-28,37.5
2007-10-29,38.1
2007-10-30,38.8
2007-10-31,37.0
2007-11-01,38.0
2007-11-02,38.6
2007-11-03,39.5
2007-11-04,41.1
2007-11-05,42.6
2007-11-06,42.7
2007-11-07,43.6
2007-11-08,44.3
2007-11-09,44.3
2007-11-10,44.0
2007-11-11,43.6
2007-11-12,43.3
2007-11-13,44.0
2007-11-14,43.6
2007-11-15,44.6
2007-11-16,44.5
2007-11-17,44.3
2007-11-18,45.4
2007-11-19,47.0
2007-11-20,48.0
2007-11-21,45.4
2007-11-22,44.3
2007-11-23,37.4
2007-11-24,31.4
2007-11-25,23.1
2007-11-26,21.2
2007-11-27,19.4
2007-11-28,21.6
2007-11-29,20.7
2007-11-30,21.0
2007-12-01,16.7
2007-12-02,12.9
2007-12-03,13.5
2007-12-04,20.6
2007-12-05,20.4
2007-12-06,18.8
2007-12-07,17.4
2007-12-08,15.1
2007-12-09,11.9
2007-12-10,8.6
2007-12-11,7.9
2007-12-12,7.3
2007-12-13,6.7
2007-12-14,6.2
2007-12-15,5.7
2007-12-16,5.2
2007-12-17,4.8
2007-12-18,4.4
2007-12-19,4.1
2007-12-20,3.8
2007-12-21,3.6
2007-12-22,3.3
2007-12-23,3.1
2007-12-24,2.9
2007-12-25,2.7
2007-12-26,2.6
2007-12-27,2.4
2007-12-28,2.3
2007-12-29,2.2
2007-12-30,2.1
2007-12-31,2.0
2008-01-01,1.9
2008-01-02,1.8
2008-01-03,1.7
2008-01-04,1.6
2008-01-05,1.5
2008-01-06,1.5
2008-01-07,1.4
2008-01-08,1.4
2008-01-09,1.3
2008-01-10,1.3
2008-01-11,1.2
2008-01-12,1.2
2008-01-13,1.2
2008-01-14,1.1
2008-01-15,1.1
2008-01-16,1.1
2008-01-17,1.1
2008-01-18,1.0
2008-01-19,1.0
2008-01-20,1.0
2008-01-21,1.0
2008-01-22,1.0
2008-01-23,0.9
2008-01-24,0.9
2008-01-25,0.9
2008-01-26,0.9
2008-01-27,0.9
2008-01-28,0.9
2008-01-29,0.9
2008-01-30,0.9
2008-01-31,0.9
2008-02-01,0.8
2008-02-02,0.8
2008-02-03,0.8
2008-02-04,0.8
2008-02-05,0.8
2008-02-06,0.8
2008-02-07,0.8
2008-02-08,0.8
2008-02-09,0.8
2008-02-10,0.8
2008-02-11,0.8
2008-02-12,0.8
2008-02-13,0.8
2008-02-14,0.8
2008-02-15,0.8
2008-02-16,0.8
2008-02-17,0.8
2008-02-18,0.8
2008-02-19,0.8
2008-02-20,0.8
2008-02-21,0.8
2008-02-22,0.8
2008-02-23,0.8
2008-02-24,0.8
2008-02-25,0.8
2008-02-26,0.8
2008-02-27,0.8
2008-02-28,0.8
2008-02-29,0.8
2008-03-01,0.8
2008-03-02,2.7
2008-03-03,2.6
2008-03-04,1.0
2008-03-05,0.9
2008-03-06,0.9
2008-03-07,0.9
2008-03-08,0.9
2008-03-09,0.9
2008-03-10,0.9
2008-03-11,0.9
2008-03-12,0.8
2008-03-13,3.5
2008-03-14,5.0
2008-03-15,2.7
2008-03-16,1.2
2008-03-17,1.2
2008-03-18,1.1
2008-03-19,1.1
2008-03-20,1.0
2008-03-21,1.0
2008-03-22,3.9
2008-03-23,4.5
2008-03-24,5.2
2008-03-25,9.1
2008-03-26,10.4
2008-03-27,11.4
2008-03-28,15.0
2008-03-29,15.9
2008-03-30,17.1
2008-03-31,17.2
2008-04-01,19.0
2008-04-02,20.9
2008-04-03,20.3
2008-04-04,19.6
2008-04-05,22.2
2008-04-06,22.4
2008-04-07,21.8
2008-04-08,23.8
2008-04-09,22.5
2008-04-10,21.4
2008-04-11,20.3
2008-04-12,16.8
2008-04-13,15.2
2008-04-14,22.7
2008-04-15,24.7
2008-04-16,25.2
2008-04-17,20.3
2008-04-18,12.9
2008-04-19,22.2
2008-04-20,23.9
2008-04-21,25.0
2008-04-22,26.5
2008-04-23,27.1
2008-04-24,27.8
2008-04-25,28.2
2008-04-26,29.4
2008-04-27,30.4
2008-04-28,31.7
2008-04-29,32.4
2008-04-30,33.7
2008-05-01,32.4
2008-05-02,32.5
2008-05-03,33.4
2008-05-04,34.7
2008-05-05,35.3
2008-05-06,34.9
2008-05-07,34.1
2008-05-08,32.1
2008-05-09,33.6
2008-05-10,33.7
2008-05-11,35.8
2008-05-12,37.3
2008-05-13,37.7
2008-05-14,34.2
2008-05-15,30.2
2008-05-16,32.0
2008-05-17,36.6
2008-05-18,38.6
2008-05-19,40.9
2008-05-20,42.2
2008-05-21,42.9
2008-05-22,38.6
2008-05-23,33.4
2008-05-24,35.7
2008-05-25,36.5
2008-05-26,40.2
2008-05-27,41.8
2008-05-28,41.3
2008-05-29,43.2
2008-05-30,44.9
2008-05-31,46.7
2008-06-01,48.6
2008-06-02,49.9
2008-06-03,49.8
2008-06-04,49.9
2008-06-05,45.3
2008-06-06,47.0
2008-06-07,50.2
2008-06-08,49.9
2008-06-09,52.1
2008-06-10,53.8
2008-06-11,54.3
2008-06-12,54.8
2008-06-13,56.1
2008-06-14,57.3
2008-06-15,58.0
2008-06-16,57.9
2008-06-17,57.3
2008-06-18,58.1
2008-06-19,57.7
2008-06-20,57.4
2008-06-21,56.6
2008-06-22,54.8
2008-06-23,53.4
2008-06-24,52.5
2008-06-25,52.9
2008-06-26,53.1
2008-06-27,54.3
2008-06-28,52.9
2008-06-29,47.9
2008-06-30,45.1
2008-07-01,45.0
2008-07-02,44.8
2008-07-03,43.3
2008-07-04,44.2
2008-07-05,43.7
2008-07-06,40.4
2008-07-07,38.2
2008-07-08,38.2
2008-07-09,39.6
2008-07-10,41.8
2008-07-11,42.1
2008-07-12,41.8
2008-07-13,43.5
2008-07-14,43.7
2008-07-15,43.1
2008-07-16,43.5
2008-07-17,39.7
2008-07-18,38.7
2008-07-19,39.6
2008-07-20,40.7
2008-07-21,38.5
2008-07-22,38.6
2008-07-23,36.5
2008-07-24,35.5
2008-07-25,35.1
2008-07-26,32.3
2008-07-27,32.4
2008-07-28,31.0
2008-07-29,32.5
2008-07-30,34.7
2008-07-31,37.6
2008-08-01,39.7
2008-08-02,41.6
2008-08-03,41.6
2008-08-04,40.0
2008-08-05,36.0
2008-08-06,32.3
2008-08-07,28.8
2008-08-08,25.8
2008-08-09,25.4
2008-08-10,23.6
2008-08-11,27.6
2008-08-12,30.7
2008-08-13,32.8
2008-08-14,34.8
2008-08-15,32.7
2008-08-16,25.4
2008-08-17,24.7
2008-08-18,26.9
2008-08-19,28.5
2008-08-20,29.1
2008-08-21,32.3
2008-08-22,35.2
2008-08-23,33.3
2008-08-24,33.2
2008-08-25,32.4
2008-08-26,31.6
2008-08-27,33.7
2008-08-28,35.2
2008-08-29,34.9
2008-08-30,33.5
2008-08-31,30.2
2008-09-01,30.2
2008-09-02,30.9
2008-09-03,31.2
2008-09-04,33.4
2008-09-05,35.7
2008-09-06,37.4
2008-09-07,38.8
2008-09-08,39.3
2008-09-09,37.7
2008-09-10,32.3
2008-09-11,35.2
2008-09-12,32.9
2008-09-13,35.0
2008-09-14,35.7
2008-09-15,35.1
2008-09-16,36.8
2008-09-17,37.6
2008-09-18,36.0
2008-09-19,35.7
2008-09-20,36.5
2008-09-21,35.3
2008-09-22,36.3
2008-09-23,38.8
2008-09-24,40.7
2008-09-25,41.4
2008-09-26,41.4
2008-09-27,40.3
2008-09-28,39.8
2008-09-29,40.7
2008-09-30,42.0
2008-10-01,41.9
2008-10-02,41.5
2008-10-03,41.1
2008-10-04,38.2
2008-10-05,36.5
2008-10-06,38.2
2008-10-07,39.8
2008-10-08,41.4
2008-10-09,42.3
2008-10-10,41.7
2008-10-11,40.7
2008-10-12,32.6
2008-10-13,32.8
2008-10-14,30.7
2008-10-15,28.0
2008-10-16,35.7
2008-10-17,37.0
2008-10-18,37.7
2008-10-19,38.1
2008-10-20,36.6
2008-10-21,35.4
2008-10-22,35.7
2008-10-23,37.4
2008-10-24,34.7
2008-10-25,39.4
2008-10-26,39.9
2008-10-27,40.2
2008-10-28,41.2
2008-10-29,42.2
2008-10-30,43.0
2008-10-31,43.4
2008-11-01,42.8
2008-11-02,42.7
2008-11-03,42.1
2008-11-04,39.5
2008-11-05,35.1
2008-11-06,33.8
2008-11-07,30.8
2008-11-08,34.0
2008-11-09,37.0
2008-11-10,36.1
2008-11-11,31.5
2008-11-12,28.5
2008-11-13,28.2
2008-11-14,34.7
2008-11-15,35.2
2008-11-16,35.8
2008-11-17,37.0
2008-11-18,37.7
2008-11-19,38.2
2008-11-20,36.6
2008-11-21,36.1
2008-11-22,38.1
2008-11-23,39.1
2008-11-24,40.0
2008-11-25,40.7
2008-11-26,41.0
2008-11-27,37.8
2008-11-28,28.7
2008-11-29,24.5
2008-11-30,23.5
2008-12-01,25.1
2008-12-02,25.6
2008-12-03,24.6
2008-12-04,23.0
2008-12-05,21.1
2008-12-06,22.2
2008-12-07,24.9
2008-12-08,26.0
2008-12-09,21.6
2008-12-10,15.4
2008-12-11,12.6
2008-12-12,11.6
2008-12-13,10.7
2008-12-14,9.8
2008-12-15,8.9
2008-12-16,8.1
2008-12-17,7.4
2008-12-18,6.7
2008-12-19,6.1
2008-12-20,5.6
2008-12-21,5.2
2008-12-22,4.8
2008-12-23,4.5
2008-12-24,4.1
2008-12-25,3.9
2008-12-26,3.6
2008-12-27,3.4
2008-12-28,3.2
2008-12-29,3.0
2008-12-30,2.8
2008-12-31,5.6
2009-01-01,5.9
2009-01-02,6.3
2009-01-03,6.0
2009-01-04,5.7
2009-01-05,5.1
2009-01-06,2.9
2009-01-07,5.5
2009-01-08,6.1
2009-01-09,6.0
2009-01-10,5.6
2009-01-11,5.8
2009-01-12,5.9
2009-01-13,6.4
2009-01-14,6.6
2009-01-15,6.7
2009-01-16,7.1
2009-01-17,7.6
2009-01-18,8.0
2009-01-19,8.2
2009-01-20,8.3
2009-01-21,8.8
2009-01-22,8.5
2009-01-23,8.0
2009-01-24,7.2
2009-01-25,7.7
2009-01-26,7.0
2009-01-27,4.4
2009-01-28,4.0
2009-01-29,3.7
2009-01-30,3.5
2009-01-31,3.3
2009-02-01,6.1
2009-02-02,6.4
2009-02-03,6.4
2009-02-04,6.9
2009-02-05,7.4
2009-02-06,7.1
2009-02-07,7.3
2009-02-08,9.5
2009-02-09,7.9
2009-02-10,3.8
2009-02-11,3.5
2009-02-12,3.3
2009-02-13,5.7
2009-02-14,4.8
2009-02-15,2.9
2009-02-16,2.6
2009-02-17,5.2
2009-02-18,5.7
2009-02-19,5.9
2009-02-20,6.4
2009-02-21,6.6
2009-02-22,9.7
2009-02-23,9.5
2009-02-24,9.8
2009-02-25,11.4
2009-02-26,12.1
2009-02-27,12.4
2009-02-28,13.5
2009-03-01,14.6
2009-03-02,19.0
2009-03-03,19.3
2009-03-04,20.7
2009-03-05,22.1
2009-03-06,21.7
2009-03-07,19.9
2009-03-08,17.6
2009-03-09,18.3
2009-03-10,18.4
2009-03-11,18.3
2009-03-12,17.0
2009-03-13,14.4
2009-03-14,11.5
2009-03-15,12.2
2009-03-16,15.9
2009-03-17,19.9
2009-03-18,21.1
2009-03-19,21.6
2009-03-20,22.9
2009-03-21,23.4
2009-03-22,25.4
2009-03-23,23.7
2009-03-24,24.7
2009-03-25,22.2
2009-03-26,18.4
2009-03-27,13.9
2009-03-28,11.0
2009-03-29,10.1
2009-03-30,12.0
2009-03-31,14.9
2009-04-01,14.2
2009-04-02,13.0
2009-04-03,13.3
2009-04-04,16.2
2009-04-05,13.4
2009-04-06,7.2
2009-04-07,10.2
2009-04-08,17.6
2009-04-09,18.1
2009-04-10,19.1
2009-04-11,17.0
2009-04-12,15.8
2009-04-13,13.6
2009-04-14,12.2
2009-04-15,18.6
2009-04-16,19.1
2009-04-17,16.2
2009-04-18,11.3
2009-04-19,15.0
2009-04-20,16.2
2009-04-21,21.0
2009-04-22,22.5
2009-04-23,23.7
2009-04-24,25.0
2009-04-25,25.9
2009-04-26,26.3
2009-04-27,26.9
2009-04-28,28.1
2009-04-29,33.6
2009-04-30,35.9
2009-05-01,36.9
2009-05-02,34.1
2009-05-03,33.9
2009-05-04,32.4
2009-05-05,35.0
2009-05-06,38.1
2009-05-07,40.3
2009-05-08,41.7
2009-05-09,41.7
2009-05-10,42.6
2009-05-11,43.0
2009-05-12,44.9
2009-05-13,46.4
2009-05-14,46.5
2009-05-15,47.7
2009-05-16,44.5
2009-05-17,46.4
2009-05-18,47.5
2009-05-19,46.6
2009-05-20,45.8
2009-05-21,39.2
2009-05-22,33.3
2009-05-23,31.0
2009-05-24,30.4
2009-05-25,30.3
2009-05-26,27.1
2009-05-27,26.7
2009-05-28,29.0
2009-05-29,28.6
2009-05-30,30.2
2009-05-31,27.8
2009-06-01,27.0
2009-06-02,27.1
2009-06-03,26.2
2009-06-04,30.1
2009-06-05,31.0
2009-06-06,33.4
2009-06-07,34.9
2009-06-08,35.9
2009-06-09,36.0
2009-06-10,30.7
2009-06-11,33.8
2009-06-12,35.9
2009-06-13,37.2
2009-06-14,35.0
2009-06-15,38.0
2009-06-16,39.5
2009-06-17,41.3
2009-06-18,41.2
2009-06-19,42.6
2009-06-20,38.8
2009-06-21,38.6
2009-06-22,41.3
2009-06-23,39.9
2009-06-24,38.2
2009-06-25,36.1
2009-06-26,29.6
2009-06-27,34.2
2009-06-28,33.2
2009-06-29,32.8
2009-06-30,35.2
2009-07-01,35.8
2009-07-02,35.0
2009-07-03,34.8
2009-07-04,35.5
2009-07-05,34.1
2009-07-06,34.2
2009-07-07,38.3
2009-07-08,41.4
2009-07-09,42.9
2009-07-10,42.5
2009-07-11,42.3
2009-07-12,43.2
2009-07-13,42.0
2009-07-14,44.9
2009-07-15,46.3
2009-07-16,48.1
2009-07-17,49.0
2009-07-18,49.0
2009-07-19,48.1
2009-07-20,47.3
2009-07-21,45.5
2009-07-22,44.7
2009-07-23,45.2
2009-07-24,45.7
2009-07-25,45.5
2009-07-26,36.1
2009-07-27,38.7
2009-07-28,36.9
2009-07-29,35.6
2009-07-30,34.1
2009-07-31,33.7
2009-08-01,36.7
2009-08-02,37.8
2009-08-03,39.4
2009-08-04,41.3
2009-08-05,42.3
2009-08-06,39.7
2009-08-07,40.4
2009-08-08,43.6
2009-08-09,45.3
2009-08-10,46.7
2009-08-11,46.7
2009-08-12,48.0
2009-08-13,47.0
2009-08-14,37.9
2009-08-15,38.8
2009-08-16,40.2
2009-08-17,42.2
2009-08-18,41.2
2009-08-19,43.5
2009-08-20,44.6
2009-08-21,45.1
2009-08-22,44.9
2009-08-23,43.1
2009-08-24,37.8
2009-08-25,36.2
2009-08-26,36.7
2009-08-27,38.6
2009-08-28,40.0
2009-08-29,40.0
2009-08-30,39.0
2009-08-31,39.5
2009-09-01,40.6
2009-09-02,39.9
2009-09-03,40.1
2009-09-04,39.6
2009-09-05,38.0
2009-09-06,37.2
2009-09-07,36.7
2009-09-08,36.4
2009-09-09,36.1
2009-09-10,34.5
2009-09-11,35.7
2009-09-12,32.3
2009-09-13,30.9
2009-09-14,30.7
2009-09-15,30.2
2009-09-16,25.2
2009-09-17,26.5
2009-09-18,26.3
2009-09-19,26.5
2009-09-20,25.0
2009-09-21,23.7
2009-09-22,22.4
2009-09-23,21.5
2009-09-24,22.3
2009-09-25,26.1
2009-09-26,29.9
2009-09-27,33.1
2009-09-28,33.4
2009-09-29,34.7
2009-09-30,34.3
2009-10-01,35.3
2009-10-02,37.8
2009-10-03,39.0
2009-10-04,36.9
2009-10-05,35.4
2009-10-06,36.6
2009-10-07,36.4
2009-10-08,30.6
2009-10-09,29.6
2009-10-10,34.9
2009-10-11,35.9
2009-10-12,37.3
2009-10-13,34.0
2009-10-14,33.9
2009-10-15,34.8
2009-10-16,36.5
2009-10-17,36.4
2009-10-18,37.8
2009-10-19,37.6
2009-10-20,38.1
2009-10-21,27.0
2009-10-22,21.2
2009-10-23,18.0
2009-10-24,16.7
2009-10-25,18.8
2009-10-26,16.6
2009-10-27,13.0
2009-10-28,14.1
2009-10-29,12.5
2009-10-30,9.8
2009-10-31,9.0
2009-11-01,8.2
2009-11-02,14.4
2009-11-03,22.3
2009-11-04,24.2
2009-11-05,25.0
2009-11-06,25.7
2009-11-07,27.3
2009-11-08,28.0
2009-11-09,28.2
2009-11-10,29.5
2009-11-11,30.3
2009-11-12,30.5
2009-11-13,29.5
2009-11-14,26.8
2009-11-15,24.6
2009-11-16,17.9
2009-11-17,13.7
2009-11-18,16.0
2009-11-19,19.0
2009-11-20,22.3
2009-11-21,23.3
2009-11-22,23.8
2009-11-23,23.6
2009-11-24,23.9
2009-11-25,24.5
2009-11-26,23.7
2009-11-27,24.2
2009-11-28,24.0
2009-11-29,22.0
2009-11-30,19.6
2009-12-01,20.1
2009-12-02,19.2
2009-12-03,17.1
2009-12-04,10.9
2009-12-05,9.9
2009-12-06,9.1
2009-12-07,10.2
2009-12-08,8.7
2009-12-09,7.3
2009-12-10,6.6
2009-12-11,6.1
2009-12-12,5.6
2009-12-13,5.1
2009-12-14,4.7
2009-12-15,4.4
2009-12-16,4.0
2009-12-17,3.8
2009-12-18,3.5
2009-12-19,3.3
2009-12-20,3.1
2009-12-21,2.9
2009-12-22,2.7
2009-12-23,2.5
2009-12-24,2.4
2009-12-25,2.3
2009-12-26,2.1
2009-12-27,2.0
2009-12-28,1.9
2009-12-29,1.8
2009-12-30,1.7
2009-12-31,1.7
2010-01-01,1.6
2010-01-02,1.5
2010-01-03,1.5
2010-01-04,1.4
2010-01-05,4.0
2010-01-06,4.5
2010-01-07,4.4
2010-01-08,5.0
2010-01-09,5.3
2010-01-10,5.3
2010-01-11,5.6
2010-01-12,5.9
2010-01-13,6.1
2010-01-14,6.0
2010-01-15,5.3
2010-01-16,2.4
2010-01-17,5.1
2010-01-18,5.2
2010-01-19,5.5
2010-01-20,5.8
2010-01-21,5.8
2010-01-22,4.6
2010-01-23,2.6
2010-01-24,2.4
2010-01-25,2.2
2010-01-26,2.1
2010-01-27,2.0
2010-01-28,1.9
2010-01-29,1.8
2010-01-30,1.7
2010-01-31,1.6
2010-02-01,1.5
2010-02-02,1.4
2010-02-03,1.4
2010-02-04,1.3
2010-02-05,1.3
2010-02-06,1.2
2010-02-07,1.2
2010-02-08,1.2
2010-02-09,1.1
2010-02-10,1.1
2010-02-11,1.1
2010-02-12,1.0
2010-02-13,1.0
2010-02-14,1.0
2010-02-15,1.0
2010-02-16,1.0
2010-02-17,0.9
2010-02-18,0.9
2010-02-19,0.9
2010-02-20,0.9
2010-02-21,0.9
2010-02-22,0.9
2010-02-23,0.9
2010-02-24,0.9
2010-02-25,0.9
2010-02-26,0.8
2010-02-27,0.8
2010-02-28,0.8
2010-03-01,0.8
2010-03-02,0.8
2010-03-03,0.8
2010-03-04,0.8
2010-03-05,0.8
2010-03-06,0.8
2010-03-07,0.8
2010-03-08,0.8
2010-03-09,0.8
2010-03-10,0.8
2010-03-11,0.8
2010-03-12,0.8
2010-03-13,0.8
2010-03-14,2.6
2010-03-15,2.2
2010-03-16,1.0
2010-03-17,1.0
2010-03-18,4.1
2010-03-19,3.9
2010-03-20,3.2
2010-03-21,1.3
2010-03-22,1.2
2010-03-23,4.0
2010-03-24,2.6
2010-03-25,1.4
2010-03-26,1.3
2010-03-27,1.2
2010-03-28,1.2
2010-03-29,4.4
2010-03-30,5.4
2010-03-31,12.4
2010-04-01,12.8
2010-04-02,12.1
2010-04-03,13.7
2010-04-04,15.9
2010-04-05,17.5
2010-04-06,17.5
2010-04-07,17.5
2010-04-08,17.7
2010-04-09,18.4
2010-04-10,16.2
2010-04-11,16.9
2010-04-12,20.4
2010-04-13,20.1
2010-04-14,22.6
2010-04-15,24.1
2010-04-16,19.5
2010-04-17,17.8
2010-04-18,20.5
2010-04-19,21.6
2010-04-20,22.6
2010-04-21,22.9
2010-04-22,21.2
2010-04-23,20.6
2010-04-24,20.1
2010-04-25,19.9
2010-04-26,23.3
2010-04-27,25.4
2010-04-28,26.8
2010-04-29,25.2
2010-04-30,24.0
2010-05-01,20.3
2010-05-02,22.7
2010-05-03,23.0
2010-05-04,26.6
2010-05-05,31.6
2010-05-06,32.7
2010-05-07,34.2
2010-05-08,34.2
2010-05-09,35.8
2010-05-10,36.8
2010-05-11,38.7
2010-05-12,39.0
2010-05-13,35.0
2010-05-14,33.1
2010-05-15,33.8
2010-05-16,36.7
2010-05-17,38.0
2010-05-18,36.9
2010-05-19,35.9
2010-05-20,39.1
2010-05-21,41.5
2010-05-22,43.3
2010-05-23,45.3
2010-05-24,44.7
2010-05-25,46.4
2010-05-26,46.7
2010-05-27,47.1
2010-05-28,47.3
2010-05-29,47.9
2010-05-30,49.2
2010-05-31,50.5
2010-06-01,51.0
2010-06-02,50.3
2010-06-03,50.2
2010-06-04,51.6
2010-06-05,52.5
2010-06-06,51.9
2010-06-07,52.2
2010-06-08,53.1
2010-06-09,52.2
2010-06-10,52.7
2010-06-11,51.5
2010-06-12,46.0
2010-06-13,45.1
2010-06-14,43.3
2010-06-15,45.0
2010-06-16,47.2
2010-06-17,49.2
2010-06-18,51.0
2010-06-19,52.6
2010-06-20,54.0
2010-06-21,54.7
2010-06-22,55.8
2010-06-23,56.9
2010-06-24,55.3
2010-06-25,54.7
2010-06-26,50.6
2010-06-27,49.9
2010-06-28,48.7
2010-06-29,47.8
2010-06-30,48.5
2010-07-01,48.5
2010-07-02,45.4
2010-07-03,44.1
2010-07-04,45.9
2010-07-05,46.8
2010-07-06,48.1
2010-07-07,45.7
2010-07-08,39.9
2010-07-09,40.8
2010-07-10,41.1
2010-07-11,41.0
2010-07-12,40.4
2010-07-13,42.0
2010-07-14,42.5
2010-07-15,44.6
2010-07-16,46.7
2010-07-17,46.9
2010-07-18,47.6
2010-07-19,48.7
2010-07-20,48.4
2010-07-21,41.1
2010-07-22,39.3
2010-07-23,37.8
2010-07-24,35.4
2010-07-25,34.6
2010-07-26,33.9
2010-07-27,34.6
2010-07-28,33.9
2010-07-29,32.7
2010-07-30,29.8
2010-07-31,24.6
2010-08-01,25.0
2010-08-02,24.9
2010-08-03,23.4
2010-08-04,24.5
2010-08-05,23.9
2010-08-06,26.5
2010-08-07,28.8
2010-08-08,27.9
2010-08-09,25.8
2010-08-10,30.2
2010-08-11,31.9
2010-08-12,29.9
2010-08-13,32.8
2010-08-14,35.9
2010-08-15,36.7
2010-08-16,32.0
2010-08-17,34.0
2010-08-18,35.7
2010-08-19,35.0
2010-08-20,35.0
2010-08-21,36.9
2010-08-22,36.8
2010-08-23,34.1
2010-08-24,30.5
2010-08-25,33.4
2010-08-26,34.3
2010-08-27,36.3
2010-08-28,35.8
2010-08-29,35.1
2010-08-30,32.0
2010-08-31,35.1
2010-09-01,37.0
2010-09-02,39.0
2010-09-03,39.1
2010-09-04,41.4
2010-09-05,42.5
2010-09-06,44.8
2010-09-07,44.9
2010-09-08,36.8
2010-09-09,36.2
2010-09-10,37.6
2010-09-11,39.3
2010-09-12,40.4
2010-09-13,40.5
2010-09-14,41.6
2010-09-15,43.6
2010-09-16,44.4
2010-09-17,45.9
2010-09-18,47.3
2010-09-19,48.3
2010-09-20,45.6
2010-09-21,45.4
2010-09-22,42.3
2010-09-23,37.0
2010-09-24,38.0
2010-09-25,38.5
2010-09-26,40.1
2010-09-27,41.3
2010-09-28,42.1
2010-09-29,43.9
2010-09-30,42.9
2010-10-01,43.6
2010-10-02,42.9
2010-10-03,42.8
2010-10-04,42.6
2010-10-05,41.0
2010-10-06,37.1
2010-10-07,38.0
2010-10-08,34.9
2010-10-09,37.0
2010-10-10,37.2
2010-10-11,38.2
2010-10-12,36.2
2010-10-13,37.1
2010-10-14,39.0
2010-10-15,40.2
2010-10-16,40.6
2010-10-17,40.7
2010-10-18,38.0
2010-10-19,33.7
2010-10-20,37.9
2010-10-21,33.4
2010-10-22,30.8
2010-10-23,33.2
2010-10-24,33.4
2010-10-25,30.5
2010-10-26,28.9
2010-10-27,25.9
2010-10-28,26.0
2010-10-29,33.2
2010-10-30,34.0
2010-10-31,34.1
2010-11-01,33.7
2010-11-02,35.7
2010-11-03,35.1
2010-11-04,35.0
2010-11-05,36.9
2010-11-06,37.8
2010-11-07,37.7
2010-11-08,38.8
2010-11-09,35.1
2010-11-10,34.4
2010-11-11,33.0
2010-11-12,28.6
2010-11-13,19.2
2010-11-14,17.4
2010-11-15,15.9
2010-11-16,14.9
2010-11-17,17.0
2010-11-18,16.4
2010-11-19,19.5
2010-11-20,22.9
2010-11-21,22.3
2010-11-22,18.5
2010-11-23,13.9
2010-11-24,13.5
2010-11-25,12.0
2010-11-26,8.7
2010-11-27,8.0
2010-11-28,9.8
2010-11-29,12.1
2010-11-30,11.8
2010-12-01,9.5
2010-12-02,9.8
2010-12-03,13.0
2010-12-04,16.8
2010-12-05,17.9
2010-12-06,18.0
2010-12-07,18.2
2010-12-08,19.3
2010-12-09,20.4
2010-12-10,19.7
2010-12-11,18.6
2010-12-12,17.0
2010-12-13,21.1
2010-12-14,22.5
2010-12-15,22.7
2010-12-16,20.0
2010-12-17,16.6
2010-12-18,10.4
2010-12-19,10.7
2010-12-20,12.9
2010-12-21,14.8
2010-12-22,16.4
2010-12-23,16.3
2010-12-24,11.1
2010-12-25,13.0
2010-12-26,12.3
2010-12-27,10.8
2010-12-28,10.7
2010-12-29,10.1
2010-12-30,9.1
2010-12-31,8.3
2011-01-01,6.0
2011-01-02,5.5
2011-01-03,5.1
2011-01-04,4.8
2011-01-05,4.4
2011-01-06,4.1
2011-01-07,6.6
2011-01-08,6.8
2011-01-09,6.6
2011-01-10,5.6
2011-01-11,3.5
2011-01-12,5.6
2011-01-13,6.2
2011-01-14,6.4
2011-01-15,6.5
2011-01-16,6.7
2011-01-17,6.6
2011-01-18,8.5
2011-01-19,9.2
2011-01-20,8.7
2011-01-21,7.5
2011-01-22,9.9
2011-01-23,9.7
2011-01-24,9.7
2011-01-25,8.6
2011-01-26,4.0
2011-01-27,6.4
2011-01-28,9.8
2011-01-29,10.7
2011-01-30,10.8
2011-01-31,10.6
2011-02-01,8.5
2011-02-02,4.4
2011-02-03,4.0
2011-02-04,3.7
2011-02-05,3.5
2011-02-06,3.3
2011-02-07,3.1
2011-02-08,2.8
2011-02-09,2.6
2011-02-10,2.4
2011-02-11,2.3
2011-02-12,2.1
2011-02-13,2.0
2011-02-14,5.0
2011-02-15,8.9
2011-02-16,9.0
2011-02-17,9.0
2011-02-18,10.2
2011-02-19,12.6
2011-02-20,10.6
2011-02-21,9.2
2011-02-22,10.9
2011-02-23,10.9
2011-02-24,8.2
2011-02-25,8.1
2011-02-26,8.4
2011-02-27,8.6
2011-02-28,8.8
2011-03-01,15.1
2011-03-02,16.3
2011-03-03,16.7
2011-03-04,14.3
2011-03-05,13.0
2011-03-06,12.6
2011-03-07,11.6
2011-03-08,9.2
2011-03-09,5.9
2011-03-10,11.5
2011-03-11,14.9
2011-03-12,16.6
2011-03-13,17.6
2011-03-14,19.1
2011-03-15,19.9
2011-03-16,21.4
2011-03-17,22.6
2011-03-18,22.2
2011-03-19,24.4
2011-03-20,26.2
2011-03-21,27.3
2011-03-22,25.1
2011-03-23,26.8
2011-03-24,26.9
2011-03-25,27.0
2011-03-26,20.9
2011-03-27,20.7
2011-03-28,19.4
2011-03-29,20.9
2011-03-30,21.0
2011-03-31,24.7
2011-04-01,26.7
2011-04-02,28.1
2011-04-03,27.1
2011-04-04,22.1
2011-04-05,21.8
2011-04-06,26.2
2011-04-07,23.0
2011-04-08,25.7
2011-04-09,26.3
2011-04-10,24.5
2011-04-11,26.8
2011-04-12,28.2
2011-04-13,28.6
2011-04-14,27.4
2011-04-15,29.7
2011-04-16,30.5
2011-04-17,31.4
2011-04-18,30.8
2011-04-19,27.8
2011-04-20,33.6
2011-04-21,35.4
2011-04-22,35.6
2011-04-23,33.9
2011-04-24,28.1
2011-04-25,25.4
2011-04-26,24.0
2011-04-27,25.6
2011-04-28,30.2
2011-04-29,30.9
2011-04-30,31.1
2011-05-01,28.2
2011-05-02,22.3
2011-05-03,15.3
2011-05-04,18.6
2011-05-05,25.9
2011-05-06,27.2
2011-05-07,32.0
2011-05-08,34.2
2011-05-09,34.4
2011-05-10,28.3
2011-05-11,24.3
2011-05-12,22.6
2011-05-13,25.9
2011-05-14,25.9
2011-05-15,26.8
2011-05-16,31.7
2011-05-17,32.1
2011-05-18,31.4
2011-05-19,26.6
2011-05-20,28.0
2011-05-21,31.5
2011-05-22,34.0
2011-05-23,35.2
2011-05-24,34.6
2011-05-25,35.9
2011-05-26,35.4
2011-05-27,39.6
2011-05-28,41.5
2011-05-29,43.6
2011-05-30,43.4
2011-05-31,46.8
2011-06-01,47.3
2011-06-02,48.8
2011-06-03,50.8
2011-06-04,51.3
2011-06-05,51.5
2011-06-06,52.4
2011-06-07,54.3
2011-06-08,55.7
2011-06-09,54.9
2011-06-10,55.2
2011-06-11,55.1
2011-06-12,57.0
2011-06-13,57.7
2011-06-14,57.5
2011-06-15,58.2
2011-06-16,58.9
2011-06-17,57.9
2011-06-18,57.8
2011-06-19,58.5
2011-06-20,52.9
2011-06-21,55.6
2011-06-22,57.4
2011-06-23,57.9
2011-06-24,59.1
2011-06-25,60.4
2011-06-26,61.6
2011-06-27,61.3
2011-06-28,59.8
2011-06-29,59.8
2011-06-30,56.2
2011-07-01,58.7
2011-07-02,58.5
2011-07-03,56.6
2011-07-04,58.1
2011-07-05,57.9
2011-07-06,55.7
2011-07-07,54.8
2011-07-08,52.6
2011-07-09,51.0
2011-07-10,49.9
2011-07-11,44.6
2011-07-12,41.8
2011-07-13,41.6
2011-07-14,41.6
2011-07-15,42.4
2011-07-16,43.2
2011-07-17,42.7
2011-07-18,43.6
2011-07-19,43.1
2011-07-20,44.2
2011-07-21,42.6
2011-07-22,44.3
2011-07-23,45.7
2011-07-24,44.8
2011-07-25,44.2
2011-07-26,42.4
2011-07-27,41.1
2011-07-28,40.5
2011-07-29,36.2
2011-07-30,34.4
2011-07-31,34.1
2011-08-01,34.1
2011-08-02,31.7
2011-08-03,27.6
2011-08-04,27.7
2011-08-05,29.8
2011-08-06,32.1
2011-08-07,36.2
2011-08-08,39.7
2011-08-09,41.8
2011-08-10,43.3
2011-08-11,41.2
2011-08-12,42.9
2011-08-13,42.5
2011-08-14,38.9
2011-08-15,42.0
2011-08-16,43.0
2011-08-17,42.7
2011-08-18,43.4
2011-08-19,43.9
2011-08-20,43.2
2011-08-21,39.4
2011-08-22,36.6
2011-08-23,37.4
2011-08-24,37.7
2011-08-25,35.9
2011-08-26,36.1
2011-08-27,32.8
2011-08-28,33.2
2011-08-29,31.6
2011-08-30,34.3
2011-08-31,35.0
2011-09-01,35.7
2011-09-02,35.8
2011-09-03,36.9
2011-09-04,35.4
2011-09-05,37.8
2011-09-06,36.4
2011-09-07,30.2
2011-09-08,29.6
2011-09-09,29.3
2011-09-10,29.1
2011-09-11,30.3
2011-09-12,30.7
2011-09-13,29.1
2011-09-14,25.0
2011-09-15,26.1
2011-09-16,26.7
2011-09-17,26.2
2011-09-18,29.4
2011-09-19,31.1
2011-09-20,32.5
2011-09-21,33.7
2011-09-22,34.8
2011-09-23,37.3
2011-09-24,39.2
2011-09-25,39.8
2011-09-26,41.2
2011-09-27,42.2
2011-09-28,43.2
2011-09-29,42.6
2011-09-30,42.2
2011-10-01,43.0
2011-10-02,43.0
2011-10-03,41.9
2011-10-04,34.8
2011-10-05,34.7
2011-10-06,31.7
2011-10-07,27.9
2011-10-08,23.0
2011-10-09,19.4
2011-10-10,15.6
2011-10-11,20.5
2011-10-12,26.7
2011-10-13,27.7
2011-10-14,28.5
2011-10-15,29.6
2011-10-16,30.9
2011-10-17,33.0
2011-10-18,34.0
2011-10-19,35.7
2011-10-20,37.2
2011-10-21,38.0
2011-10-22,38.8
2011-10-23,40.3
2011-10-24,41.1
2011-10-25,40.2
2011-10-26,29.5
2011-10-27,26.9
2011-10-28,22.2
2011-10-29,21.0
2011-10-30,20.1
2011-10-31,28.8
2011-11-01,29.0
2011-11-02,27.0
2011-11-03,22.0
2011-11-04,14.0
2011-11-05,20.0
2011-11-06,20.4
2011-11-07,18.2
2011-11-08,15.5
2011-11-09,10.9
2011-11-10,10.0
2011-11-11,11.6
2011-11-12,11.2
2011-11-13,10.1
2011-11-14,9.9
2011-11-15,12.3
2011-11-16,12.7
2011-11-17,12.9
2011-11-18,13.2
2011-11-19,13.2
2011-11-20,15.5
2011-11-21,15.2
2011-11-22,16.1
2011-11-23,17.0
2011-11-24,20.6
2011-11-25,20.1
2011-11-26,19.9
2011-11-27,20.7
2011-11-28,22.5
2011-11-29,23.0
2011-11-30,23.0
2011-12-01,22.2
2011-12-02,19.3
2011-12-03,12.3
2011-12-04,11.3
2011-12-05,9.0
2011-12-06,8.4
2011-12-07,7.8
2011-12-08,7.2
2011-12-09,6.6
2011-12-10,6.0
2011-12-11,5.5
2011-12-12,5.0
2011-12-13,4.6
2011-12-14,4.2
2011-12-15,3.9
2011-12-16,3.6
2011-12-17,3.4
2011-12-18,3.2
2011-12-19,4.9
2011-12-20,4.2
2011-12-21,2.8
2011-12-22,2.6
2011-12-23,2.4
2011-12-24,2.3
2011-12-25,2.2
2011-12-26,2.1
2011-12-27,2.0
2011-12-28,1.9
2011-12-29,1.8
2011-12-30,4.3
2011-12-31,4.6
2012-01-01,4.8
2012-01-02,4.9
2012-01-03,5.2
2012-01-04,5.3
2012-01-05,5.5
2012-01-06,5.7
2012-01-07,5.3
2012-01-08,4.7
2012-01-09,2.5
2012-01-10,2.3
2012-01-11,4.4
2012-01-12,4.7
2012-01-13,4.8
2012-01-14,5.1
2012-01-15,5.3
2012-01-16,5.1
2012-01-17,4.5
2012-01-18,4.4
2012-01-19,4.9
2012-01-20,5.3
2012-01-21,9.4
2012-01-22,8.3
2012-01-23,5.4
2012-01-24,7.4
2012-01-25,6.4
2012-01-26,5.3
2012-01-27,7.6
2012-01-28,8.4
2012-01-29,8.7
2012-01-30,11.4
2012-01-31,12.0
2012-02-01,12.5
2012-02-02,12.1
2012-02-03,9.9
2012-02-04,4.4
2012-02-05,4.0
2012-02-06,3.6
2012-02-07,3.4
2012-02-08,3.2
2012-02-09,3.0
2012-02-10,2.8
2012-02-11,2.6
2012-02-12,2.4
2012-02-13,2.2
2012-02-14,2.1
2012-02-15,2.0
2012-02-16,1.9
2012-02-17,1.8
2012-02-18,1.7
2012-02-19,1.6
2012-02-20,1.5
2012-02-21,1.5
2012-02-22,3.7
2012-02-23,4.0
2012-02-24,3.9
2012-02-25,1.7
2012-02-26,5.9
2012-02-27,8.5
2012-02-28,8.5
2012-02-29,7.5
2012-03-01,4.5
2012-03-02,3.9
2012-03-03,2.2
2012-03-04,2.0
2012-03-05,9.4
2012-03-06,13.6
2012-03-07,14.8
2012-03-08,13.9
2012-03-09,13.6
2012-03-10,11.9
2012-03-11,15.6
2012-03-12,18.0
2012-03-13,20.1
2012-03-14,21.9
2012-03-15,23.1
2012-03-16,24.0
2012-03-17,25.3
2012-03-18,24.9
2012-03-19,22.8
2012-03-20,18.1
2012-03-21,17.9
2012-03-22,23.7
2012-03-23,25.7
2012-03-24,27.1
2012-03-25,28.3
2012-03-26,29.6
2012-03-27,30.8
2012-03-28,32.0
2012-03-29,33.0
2012-03-30,33.5
2012-03-31,37.0
2012-04-01,39.2
2012-04-02,37.9
2012-04-03,31.0
2012-04-04,26.9
2012-04-05,28.0
2012-04-06,35.1
2012-04-07,36.7
2012-04-08,37.6
2012-04-09,38.8
2012-04-10,38.2
2012-04-11,37.4
2012-04-12,36.3
2012-04-13,38.3
2012-04-14,36.9
2012-04-15,32.1
2012-04-16,31.2
2012-04-17,33.5
2012-04-18,34.7
2012-04-19,36.0
2012-04-20,36.1
2012-04-21,39.7
2012-04-22,40.6
2012-04-23,41.4
2012-04-24,43.2
2012-04-25,44.6
2012-04-26,43.2
2012-04-27,38.8
2012-04-28,41.7
2012-04-29,43.2
2012-04-30,45.6
2012-05-01,46.3
2012-05-02,46.9
2012-05-03,48.3
2012-05-04,50.6
2012-05-05,51.9
2012-05-06,51.4
2012-05-07,43.3
2012-05-08,33.1
2012-05-09,32.5
2012-05-10,39.4
2012-05-11,39.4
2012-05-12,30.1
2012-05-13,33.8
2012-05-14,33.8
2012-05-15,38.6
2012-05-16,39.5
2012-05-17,39.8
2012-05-18,41.6
2012-05-19,41.7
2012-05-20,41.0
2012-05-21,42.7
2012-05-22,45.2
2012-05-23,47.1
2012-05-24,47.2
2012-05-25,47.8
2012-05-26,50.3
2012-05-27,50.8
2012-05-28,51.9
2012-05-29,53.4
2012-05-30,54.5
2012-05-31,53.5
2012-06-01,53.5
2012-06-02,52.3
2012-06-03,53.6
2012-06-04,51.7
2012-06-05,49.9
2012-06-06,52.6
2012-06-07,53.3
2012-06-08,54.6
2012-06-09,56.0
2012-06-10,56.4
2012-06-11,57.3
2012-06-12,57.5
2012-06-13,59.5
2012-06-14,60.6
2012-06-15,59.8
2012-06-16,58.8
2012-06-17,60.2
2012-06-18,62.1
2012-06-19,63.6
2012-06-20,64.7
2012-06-21,60.3
2012-06-22,61.3
2012-06-23,62.2
2012-06-24,62.3
2012-06-25,63.2
2012-06-26,62.8
2012-06-27,60.3
2012-06-28,57.4
2012-06-29,56.9
2012-06-30,58.5
2012-07-01,58.7
2012-07-02,57.3
2012-07-03,55.1
2012-07-04,53.0
2012-07-05,48.0
2012-07-06,46.7
2012-07-07,37.4
2012-07-08,36.9
2012-07-09,32.9
2012-07-10,33.4
2012-07-11,33.0
2012-07-12,35.0
2012-07-13,36.4
2012-07-14,34.5
2012-07-15,35.7
2012-07-16,36.3
2012-07-17,36.2
2012-07-18,36.8
2012-07-19,39.2
2012-07-20,40.8
2012-07-21,42.6
2012-07-22,41.4
2012-07-23,41.9
2012-07-24,41.9
2012-07-25,40.0
2012-07-26,41.2
2012-07-27,36.2
2012-07-28,37.9
2012-07-29,37.7
2012-07-30,39.1
2012-07-31,35.4
2012-08-01,35.7
2012-08-02,35.8
2012-08-03,36.4
2012-08-04,37.7
2012-08-05,37.6
2012-08-06,37.6
2012-08-07,37.5
2012-08-08,39.2
2012-08-09,40.2
2012-08-10,38.8
2012-08-11,40.2
2012-08-12,40.5
2012-08-13,38.1
2012-08-14,35.4
2012-08-15,37.6
2012-08-16,36.7
2012-08-17,37.7
2012-08-18,38.5
2012-08-19,39.7
2012-08-20,36.8
2012-08-21,36.9
2012-08-22,36.4
2012-08-23,33.0
2012-08-24,29.4
2012-08-25,33.5
2012-08-26,34.1
2012-08-27,35.5
2012-08-28,36.8
2012-08-29,38.6
2012-08-30,40.0
2012-08-31,40.2
2012-09-01,41.8
2012-09-02,42.1
2012-09-03,41.7
2012-09-04,43.2
2012-09-05,45.7
2012-09-06,46.8
2012-09-07,45.5
2012-09-08,41.6
2012-09-09,44.4
2012-09-10,44.5
2012-09-11,43.0
2012-09-12,27.3
2012-09-13,33.5
2012-09-14,33.8
2012-09-15,35.5
2012-09-16,37.4
2012-09-17,36.7
2012-09-18,36.6
2012-09-19,39.3
2012-09-20,40.9
2012-09-21,42.3
2012-09-22,43.5
2012-09-23,43.5
2012-09-24,41.8
2012-09-25,35.7
2012-09-26,37.4
2012-09-27,37.3
2012-09-28,38.0
2012-09-29,37.8
2012-09-30,39.2
2012-10-01,40.3
2012-10-02,41.1
2012-10-03,43.1
2012-10-04,43.0
2012-10-05,42.1
2012-10-06,41.2
2012-10-07,42.0
2012-10-08,44.0
2012-10-09,44.7
2012-10-10,44.1
2012-10-11,44.5
2012-10-12,36.7
2012-10-13,35.5
2012-10-14,39.0
2012-10-15,40.9
2012-10-16,42.3
2012-10-17,42.4
2012-10-18,43.8
2012-10-19,44.9
2012-10-20,46.1
2012-10-21,45.7
2012-10-22,45.0
2012-10-23,45.7
2012-10-24,46.3
2012-10-25,45.0
2012-10-26,43.8
2012-10-27,45.4
2012-10-28,45.9
2012-10-29,46.0
2012-10-30,46.8
2012-10-31,47.8
2012-11-01,48.6
2012-11-02,48.9
2012-11-03,48.8
2012-11-04,48.8
2012-11-05,48.3
2012-11-06,49.1
2012-11-07,50.1
2012-11-08,49.5
2012-11-09,48.1
2012-11-10,38.0
2012-11-11,35.3
2012-11-12,24.7
2012-11-13,22.5
2012-11-14,27.3
2012-11-15,32.9
2012-11-16,31.9
2012-11-17,31.2
2012-11-18,29.7
2012-11-19,29.9
2012-11-20,31.2
2012-11-21,32.1
2012-11-22,32.0
2012-11-23,31.4
2012-11-24,32.3
2012-11-25,32.8
2012-11-26,33.0
2012-11-27,34.1
2012-11-28,36.5
2012-11-29,35.0
2012-11-30,35.0
2012-12-01,36.6
2012-12-02,37.1
2012-12-03,36.3
2012-12-04,37.1
2012-12-05,37.8
2012-12-06,36.6
2012-12-07,34.6
2012-12-08,33.3
2012-12-09,30.5
2012-12-10,26.8
2012-12-11,18.6
2012-12-12,17.0
2012-12-13,15.7
2012-12-14,14.5
2012-12-15,13.1
2012-12-16,11.8
2012-12-17,10.6
2012-12-18,9.5
2012-12-19,8.6
2012-12-20,7.8
2012-12-21,7.1
2012-12-22,9.2
2012-12-23,8.9
2012-12-24,8.4
2012-12-25,7.1
2012-12-26,5.1
2012-12-27,6.6
2012-12-28,6.7
2012-12-29,6.9
2012-12-30,6.8
2012-12-31,6.4
2013-01-01,5.3
2013-01-02,3.7
2013-01-03,3.4
2013-01-04,3.2
2013-01-05,3.0
2013-01-06,2.8
2013-01-07,2.6
2013-01-08,2.5
2013-01-09,4.7
2013-01-10,5.1
2013-01-11,4.3
2013-01-12,2.3
2013-01-13,2.2
2013-01-14,2.0
2013-01-15,1.9
2013-01-16,1.8
2013-01-17,1.7
2013-01-18,1.7
2013-01-19,3.9
2013-01-20,4.3
2013-01-21,4.4
2013-01-22,4.8
2013-01-23,7.7
2013-01-24,7.9
2013-01-25,7.1
2013-01-26,7.2
2013-01-27,5.8
2013-01-28,6.9
2013-01-29,6.2
2013-01-30,3.3
2013-01-31,2.9
2013-02-01,2.7
2013-02-02,4.9
2013-02-03,7.4
2013-02-04,8.1
2013-02-05,8.5
2013-02-06,8.7
2013-02-07,9.0
2013-02-08,9.1
2013-02-09,9.0
2013-02-10,8.2
2013-02-11,3.9
2013-02-12,3.5
2013-02-13,3.2
2013-02-14,3.1
2013-02-15,2.9
2013-02-16,2.8
2013-02-17,2.5
2013-02-18,4.4
2013-02-19,4.6
2013-02-20,4.6
2013-02-21,3.4
2013-02-22,2.2
2013-02-23,2.0
2013-02-24,1.9
2013-02-25,1.8
2013-02-26,1.7
2013-02-27,1.6
2013-02-28,1.6
2013-03-01,1.5
2013-03-02,1.4
2013-03-03,3.7
2013-03-04,3.1
2013-03-05,1.5
2013-03-06,3.8
2013-03-07,9.6
2013-03-08,9.9
2013-03-09,6.6
2013-03-10,3.9
2013-03-11,2.6
2013-03-12,4.5
2013-03-13,7.7
2013-03-14,11.6
2013-03-15,16.0
2013-03-16,15.5
2013-03-17,13.1
2013-03-18,15.5
2013-03-19,17.7
2013-03-20,18.5
2013-03-21,17.9
2013-03-22,18.9
2013-03-23,16.7
2013-03-24,13.7
2013-03-25,7.6
2013-03-26,6.9
2013-03-27,16.9
2013-03-28,18.3
2013-03-29,19.4
2013-03-30,20.6
2013-03-31,22.1
2013-04-01,23.1
2013-04-02,22.3
2013-04-03,18.0
2013-04-04,19.9
2013-04-05,23.9
2013-04-06,21.3
2013-04-07,24.1
2013-04-08,25.3
2013-04-09,22.0
2013-04-10,18.7
2013-04-11,11.8
2013-04-12,12.5
2013-04-13,15.6
2013-04-14,18.2
2013-04-15,19.1
2013-04-16,21.8
2013-04-17,20.9
2013-04-18,17.4
2013-04-19,10.0
2013-04-20,11.5
2013-04-21,17.0
2013-04-22,20.6
2013-04-23,18.6
2013-04-24,16.8
2013-04-25,17.3
2013-04-26,19.7
2013-04-27,22.2
2013-04-28,24.7
2013-04-29,29.3
2013-04-30,32.1
2013-05-01,31.2
2013-05-02,25.6
2013-05-03,24.1
2013-05-04,26.8
2013-05-05,27.3
2013-05-06,27.1
2013-05-07,24.1
2013-05-08,24.8
2013-05-09,21.7
2013-05-10,25.1
2013-05-11,27.2
2013-05-12,28.3
2013-05-13,32.3
2013-05-14,33.0
2013-05-15,31.9
2013-05-16,32.9
2013-05-17,36.5
2013-05-18,36.6
2013-05-19,34.9
2013-05-20,35.1
2013-05-21,36.4
2013-05-22,39.3
2013-05-23,40.6
2013-05-24,41.4
2013-05-25,43.6
2013-05-26,45.3
2013-05-27,46.2
2013-05-28,47.4
2013-05-29,45.8
2013-05-30,46.6
2013-05-31,48.1
2013-06-01,49.9
2013-06-02,49.8
2013-06-03,50.1
2013-06-04,50.4
2013-06-05,50.0
2013-06-06,48.1
2013-06-07,46.3
2013-06-08,49.1
2013-06-09,50.1
2013-06-10,51.7
2013-06-11,54.0
2013-06-12,55.1
2013-06-13,55.6
2013-06-14,54.6
2013-06-15,54.7
2013-06-16,54.0
2013-06-17,53.6
2013-06-18,52.4
2013-06-19,55.0
2013-06-20,56.6
2013-06-21,57.2
2013-06-22,57.9
2013-06-23,58.8
2013-06-24,59.1
2013-06-25,59.7
2013-06-26,60.5
2013-06-27,61.3
2013-06-28,59.1
2013-06-29,55.1
2013-06-30,51.1
2013-07-01,47.3
2013-07-02,43.7
2013-07-03,40.5
2013-07-04,41.2
2013-07-05,40.2
2013-07-06,36.5
2013-07-07,36.8
2013-07-08,36.1
2013-07-09,38.4
2013-07-10,38.2
2013-07-11,38.6
2013-07-12,37.4
2013-07-13,36.1
2013-07-14,34.8
2013-07-15,26.3
2013-07-16,30.9
2013-07-17,32.7
2013-07-18,33.4
2013-07-19,30.2
2013-07-20,30.8
2013-07-21,32.5
2013-07-22,34.4
2013-07-23,36.7
2013-07-24,35.1
2013-07-25,34.3
2013-07-26,31.7
2013-07-27,32.4
2013-07-28,25.9
2013-07-29,27.7
2013-07-30,30.3
2013-07-31,33.0
2013-08-01,30.2
2013-08-02,31.4
2013-08-03,31.6
2013-08-04,31.5
2013-08-05,29.1
2013-08-06,27.9
2013-08-07,21.0
2013-08-08,22.6
2013-08-09,24.9
2013-08-10,25.7
2013-08-11,25.6
2013-08-12,24.8
2013-08-13,26.4
2013-08-14,28.1
2013-08-15,30.7
2013-08-16,33.2
2013-08-17,35.9
2013-08-18,35.7
2013-08-19,36.1
2013-08-20,37.0
2013-08-21,37.0
2013-08-22,34.7
2013-08-23,34.0
2013-08-24,33.4
2013-08-25,31.8
2013-08-26,32.8
2013-08-27,33.5
2013-08-28,35.2
2013-08-29,36.0
2013-08-30,37.0
2013-08-31,37.1
2013-09-01,36.0
2013-09-02,33.3
2013-09-03,33.6
2013-09-04,33.6
2013-09-05,35.3
2013-09-06,37.5
2013-09-07,38.4
2013-09-08,38.2
2013-09-09,38.1
2013-09-10,31.0
2013-09-11,25.0
2013-09-12,22.5
2013-09-13,17.2
2013-09-14,16.9
2013-09-15,17.3
2013-09-16,18.8
2013-09-17,20.5
2013-09-18,19.6
2013-09-19,21.0
2013-09-20,22.9
2013-09-21,24.4
2013-09-22,22.4
2013-09-23,23.0
2013-09-24,26.9
2013-09-25,29.1
2013-09-26,32.4
2013-09-27,30.6
2013-09-28,31.6
2013-09-29,33.8
2013-09-30,35.8
2013-10-01,36.8
2013-10-02,38.6
2013-10-03,39.1
2013-10-04,38.3
2013-10-05,39.5
2013-10-06,41.4
2013-10-07,42.2
2013-10-08,42.7
2013-10-09,42.4
2013-10-10,39.6
2013-10-11,33.4
2013-10-12,34.7
2013-10-13,35.2
2013-10-14,35.1
2013-10-15,34.7
2013-10-16,29.8
2013-10-17,28.1
2013-10-18,25.7
2013-10-19,28.5
2013-10-20,31.2
2013-10-21,30.4
2013-10-22,31.3
2013-10-23,32.3
2013-10-24,35.3
2013-10-25,33.0
2013-10-26,28.9
2013-10-27,30.3
2013-10-28,33.5
2013-10-29,33.4
2013-10-30,27.9
2013-10-31,23.9
2013-11-01,25.6
2013-11-02,29.8
2013-11-03,29.4
2013-11-04,32.2
2013-11-05,25.7
2013-11-06,18.0
2013-11-07,19.8
2013-11-08,26.6
2013-11-09,29.7
2013-11-10,30.7
2013-11-11,31.7
2013-11-12,31.3
2013-11-13,32.0
2013-11-14,32.4
2013-11-15,32.1
2013-11-16,26.2
2013-11-17,20.6
2013-11-18,24.0
2013-11-19,24.1
2013-11-20,23.8
2013-11-21,20.4
2013-11-22,15.5
2013-11-23,12.9
2013-11-24,11.8
2013-11-25,10.8
2013-11-26,9.9
2013-11-27,9.0
2013-11-28,8.2
2013-11-29,7.4
2013-11-30,6.8
2013-12-01,6.2
2013-12-02,5.7
2013-12-03,7.2
2013-12-04,5.7
2013-12-05,4.7
2013-12-06,4.4
2013-12-07,4.1
2013-12-08,3.8
2013-12-09,3.6
2013-12-10,3.3
2013-12-11,3.1
2013-12-12,2.9
2013-12-13,2.7
2013-12-14,2.6
2013-12-15,2.4
2013-12-16,2.3
2013-12-17,2.2
2013-12-18,2.1
2013-12-19,2.0
2013-12-20,1.9
2013-12-21,1.8
2013-12-22,1.7
2013-12-23,1.6
2013-12-24,1.6
2013-12-25,3.3
2013-12-26,3.9
2013-12-27,4.1
2013-12-28,4.1
2013-12-29,3.0
2013-12-30,1.7
2013-12-31,1.6
2014-01-01,3.7
2014-01-02,4.1
2014-01-03,4.6
2014-01-04,4.4
2014-01-05,3.5
2014-01-06,1.9
2014-01-07,1.8
2014-01-08,1.7
2014-01-09,1.6
2014-01-10,1.6
2014-01-11,1.6
2014-01-12,3.4
2014-01-13,3.3
2014-01-14,1.5
2014-01-15,1.5
2014-01-16,3.5
2014-01-17,3.9
2014-01-18,4.2
2014-01-19,4.5
2014-01-20,4.8
2014-01-21,5.1
2014-01-22,5.3
2014-01-23,4.7
2014-01-24,5.4
2014-01-25,5.6
2014-01-26,5.7
2014-01-27,5.5
2014-01-28,4.5
2014-01-29,5.1
2014-01-30,4.2
2014-01-31,2.5
2014-02-01,2.3
2014-02-02,2.2
2014-02-03,2.1
2014-02-04,2.0
2014-02-05,1.9
2014-02-06,1.7
2014-02-07,1.6
2014-02-08,1.6
2014-02-09,1.5
2014-02-10,1.4
2014-02-11,1.4
2014-02-12,1.3
2014-02-13,1.3
2014-02-14,1.2
2014-02-15,6.3
2014-02-16,9.2
2014-02-17,11.3
2014-02-18,12.3
2014-02-19,12.8
2014-02-20,9.9
2014-02-21,4.3
2014-02-22,6.2
2014-02-23,6.4
2014-02-24,9.2
2014-02-25,9.8
2014-02-26,12.5
2014-02-27,12.6
2014-02-28,9.5
2014-03-01,9.3
2014-03-02,9.8
2014-03-03,9.8
2014-03-04,12.7
2014-03-05,9.3
2014-03-06,10.6
2014-03-07,12.2
2014-03-08,9.2
2014-03-09,5.4
2014-03-10,13.2
2014-03-11,13.9
2014-03-12,11.0
2014-03-13,10.2
2014-03-14,12.8
2014-03-15,13.1
2014-03-16,13.1
2014-03-17,14.5
2014-03-18,14.9
2014-03-19,13.2
2014-03-20,12.5
2014-03-21,15.4
2014-03-22,15.5
2014-03-23,16.2
2014-03-24,17.8
2014-03-25,18.9
2014-03-26,18.1
2014-03-27,14.9
2014-03-28,11.9
2014-03-29,17.0
2014-03-30,18.1
2014-03-31,18.0
2014-04-01,18.6
2014-04-02,19.0
2014-04-03,17.2
2014-04-04,12.6
2014-04-05,8.8
2014-04-06,7.9
2014-04-07,7.2
2014-04-08,15.2
2014-04-09,16.8
2014-04-10,18.0
2014-04-11,21.8
2014-04-12,22.7
2014-04-13,20.2
2014-04-14,14.5
2014-04-15,9.4
2014-04-16,16.9
2014-04-17,13.1
2014-04-18,17.4
2014-04-19,20.0
2014-04-20,19.8
2014-04-21,21.5
2014-04-22,22.2
2014-04-23,24.3
2014-04-24,26.3
2014-04-25,28.2
2014-04-26,28.4
2014-04-27,22.9
2014-04-28,25.0
2014-04-29,26.5
2014-04-30,27.5
2014-05-01,27.6
2014-05-02,29.3
2014-05-03,31.4
2014-05-04,33.0
2014-05-05,37.3
2014-05-06,38.9
2014-05-07,39.3
2014-05-08,35.7
2014-05-09,35.4
2014-05-10,37.2
2014-05-11,35.1
2014-05-12,25.1
2014-05-13,19.4
2014-05-14,16.8
2014-05-15,18.6
2014-05-16,24.5
2014-05-17,26.7
2014-05-18,31.5
2014-05-19,34.2
2014-05-20,36.7
2014-05-21,36.9
2014-05-22,34.8
2014-05-23,29.7
2014-05-24,29.7
2014-05-25,25.7
2014-05-26,27.1
2014-05-27,32.0
2014-05-28,32.8
2014-05-29,33.1
2014-05-30,29.2
2014-05-31,31.5
2014-06-01,35.8
2014-06-02,38.1
2014-06-03,40.3
2014-06-04,43.2
2014-06-05,44.6
2014-06-06,44.0
2014-06-07,42.2
2014-06-08,38.6
2014-06-09,41.2
2014-06-10,43.3
2014-06-11,43.4
2014-06-12,42.7
2014-06-13,44.0
2014-06-14,46.0
2014-06-15,47.7
2014-06-16,49.8
2014-06-17,50.3
2014-06-18,49.6
2014-06-19,50.6
2014-06-20,52.9
2014-06-21,52.6
2014-06-22,52.5
2014-06-23,51.8
2014-06-24,51.6
2014-06-25,51.3
2014-06-26,52.3
2014-06-27,51.9
2014-06-28,52.5
2014-06-29,54.1
2014-06-30,55.3
2014-07-01,51.7
2014-07-02,48.3
2014-07-03,47.4
2014-07-04,46.1
2014-07-05,45.0
2014-07-06,46.1
2014-07-07,45.9
2014-07-08,43.5
2014-07-09,43.3
2014-07-10,42.9
2014-07-11,41.1
2014-07-12,40.5
2014-07-13,37.4
2014-07-14,35.3
2014-07-15,31.9
2014-07-16,31.2
2014-07-17,30.0
2014-07-18,31.2
2014-07-19,31.6
2014-07-20,34.0
2014-07-21,34.7
2014-07-22,38.5
2014-07-23,38.9
2014-07-24,40.1
2014-07-25,39.0
2014-07-26,38.0
2014-07-27,35.1
2014-07-28,31.2
2014-07-29,25.5
2014-07-30,25.5
2014-07-31,20.4
2014-08-01,18.8
2014-08-02,22.3
2014-08-03,24.4
2014-08-04,22.9
2014-08-05,24.0
2014-08-06,27.9
2014-08-07,29.1
2014-08-08,31.0
2014-08-09,33.1
2014-08-10,32.5
2014-08-11,32.2
2014-08-12,32.1
2014-08-13,32.5
2014-08-14,31.1
2014-08-15,32.2
2014-08-16,33.6
2014-08-17,35.6
2014-08-18,36.8
2014-08-19,36.5
2014-08-20,36.9
2014-08-21,38.5
2014-08-22,36.2
2014-08-23,32.5
2014-08-24,34.6
2014-08-25,35.9
2014-08-26,33.2
2014-08-27,29.9
2014-08-28,30.2
2014-08-29,32.5
2014-08-30,32.2
2014-08-31,34.7
2014-09-01,37.3
2014-09-02,39.5
2014-09-03,41.5
2014-09-04,42.1
2014-09-05,35.6
2014-09-06,34.8
2014-09-07,32.8
2014-09-08,32.5
2014-09-09,28.3
2014-09-10,32.1
2014-09-11,34.0
2014-09-12,32.8
2014-09-13,34.1
2014-09-14,35.6
2014-09-15,36.0
2014-09-16,36.2
2014-09-17,36.5
2014-09-18,38.5
2014-09-19,39.8
2014-09-20,40.1
2014-09-21,32.0
2014-09-22,29.3
2014-09-23,31.5
2014-09-24,33.0
2014-09-25,33.8
2014-09-26,34.4
2014-09-27,34.4
2014-09-28,31.1
2014-09-29,25.0
2014-09-30,28.7
2014-10-01,28.9
2014-10-02,30.8
2014-10-03,33.3
2014-10-04,34.5
2014-10-05,35.7
2014-10-06,37.3
2014-10-07,38.2
2014-10-08,38.9
2014-10-09,35.4
2014-10-10,22.0
2014-10-11,25.8
2014-10-12,25.9
2014-10-13,27.5
2014-10-14,30.3
2014-10-15,31.8
2014-10-16,33.6
2014-10-17,34.0
2014-10-18,33.2
2014-10-19,33.0
2014-10-20,32.5
2014-10-21,31.3
2014-10-22,31.8
2014-10-23,33.9
2014-10-24,36.2
2014-10-25,37.8
2014-10-26,37.3
2014-10-27,37.5
2014-10-28,39.4
2014-10-29,40.8
2014-10-30,41.2
2014-10-31,40.3
2014-11-01,37.3
2014-11-02,33.1
2014-11-03,32.0
2014-11-04,30.6
2014-11-05,32.8
2014-11-06,33.7
2014-11-07,34.3
2014-11-08,36.1
2014-11-09,37.6
2014-11-10,37.7
2014-11-11,37.6
2014-11-12,35.4
2014-11-13,33.1
2014-11-14,22.2
2014-11-15,18.2
2014-11-16,16.8
2014-11-17,15.5
2014-11-18,14.2
2014-11-19,12.9
2014-11-20,11.6
2014-11-21,13.1
2014-11-22,12.5
2014-11-23,14.9
2014-11-24,12.5
2014-11-25,9.6
2014-11-26,12.1
2014-11-27,16.0
2014-11-28,20.3
2014-11-29,21.7
2014-11-30,22.0
2014-12-01,21.2
2014-12-02,22.3
2014-12-03,22.4
2014-12-04,20.2
2014-12-05,17.1
2014-12-06,13.1
2014-12-07,17.2
2014-12-08,20.6
2014-12-09,22.2
2014-12-10,23.3
2014-12-11,23.9
2014-12-12,24.0
2014-12-13,23.4
2014-12-14,19.4
2014-12-15,15.8
2014-12-16,11.0
2014-12-17,10.0
2014-12-18,9.3
2014-12-19,8.8
2014-12-20,8.0
2014-12-21,7.3
2014-12-22,6.6
2014-12-23,6.0
2014-12-24,5.5
2014-12-25,5.1
2014-12-26,4.7
2014-12-27,4.3
2014-12-28,4.0
2014-12-29,3.7
2014-12-30,3.5
2014-12-31,3.2
2015-01-01,3.0
2015-01-02,2.8
2015-01-03,2.7
2015-01-04,2.5
2015-01-05,2.4
2015-01-06,2.2
2015-01-07,4.0
2015-01-08,5.0
2015-01-09,4.5
2015-01-10,4.9
2015-01-11,4.8
2015-01-12,4.7
2015-01-13,3.9
2015-01-14,2.6
2015-01-15,2.4
2015-01-16,2.3
2015-01-17,4.7
2015-01-18,4.9
2015-01-19,5.1
2015-01-20,4.2
2015-01-21,3.9
2015-01-22,3.5
2015-01-23,2.3
2015-01-24,2.1
2015-01-25,2.0
2015-01-26,4.4
2015-01-27,4.8
2015-01-28,4.9
2015-01-29,6.2
2015-01-30,5.5
2015-01-31,3.4
2015-02-01,2.5
2015-02-02,2.4
2015-02-03,4.5
2015-02-04,4.9
2015-02-05,5.5
2015-02-06,8.4
2015-02-07,11.8
2015-02-08,15.0
2015-02-09,16.3
2015-02-10,17.7
2015-02-11,13.5
2015-02-12,9.3
2015-02-13,6.1
2015-02-14,8.2
2015-02-15,10.7
2015-02-16,9.0
2015-02-17,6.3
2015-02-18,5.0
2015-02-19,7.2
2015-02-20,11.8
2015-02-21,12.7
2015-02-22,9.3
2015-02-23,6.4
2015-02-24,4.4
2015-02-25,4.1
2015-02-26,3.8
2015-02-27,3.5
2015-02-28,3.2
2015-03-01,3.0
2015-03-02,2.8
2015-03-03,2.6
2015-03-04,2.4
2015-03-05,2.3
2015-03-06,2.1
2015-03-07,2.0
2015-03-08,4.2
2015-03-09,7.0
2015-03-10,8.0
2015-03-11,8.8
2015-03-12,11.7
2015-03-13,10.4
2015-03-14,12.3
2015-03-15,14.6
2015-03-16,16.0
2015-03-17,15.7
2015-03-18,17.5
2015-03-19,12.7
2015-03-20,10.7
2015-03-21,15.1
2015-03-22,19.2
2015-03-23,20.4
2015-03-24,21.2
2015-03-25,20.3
2015-03-26,21.2
2015-03-27,23.6
2015-03-28,25.4
2015-03-29,27.1
2015-03-30,28.0
2015-03-31,28.9
2015-04-01,31.3
2015-04-02,32.6
2015-04-03,33.5
2015-04-04,35.0
2015-04-05,36.8
2015-04-06,38.7
2015-04-07,40.1
2015-04-08,40.4
2015-04-09,40.5
2015-04-10,40.4
2015-04-11,41.5
2015-04-12,42.8
2015-04-13,43.4
2015-04-14,43.7
2015-04-15,43.1
2015-04-16,42.8
2015-04-17,33.2
2015-04-18,24.0
2015-04-19,25.5
2015-04-20,24.7
2015-04-21,30.2
2015-04-22,32.5
2015-04-23,32.5
2015-04-24,30.7
2015-04-25,29.6
2015-04-26,25.3
2015-04-27,18.7
2015-04-28,23.7
2015-04-29,27.8
2015-04-30,29.4
2015-05-01,31.6
2015-05-02,31.2
2015-05-03,29.7
2015-05-04,28.5
2015-05-05,17.8
2015-05-06,21.3
2015-05-07,21.8
2015-05-08,23.1
2015-05-09,21.3
2015-05-10,15.6
2015-05-11,15.8
2015-05-12,21.3
2015-05-13,20.7
2015-05-14,24.5
2015-05-15,23.8
2015-05-16,22.6
2015-05-17,24.2
2015-05-18,24.2
2015-05-19,18.1
2015-05-20,19.0
2015-05-21,20.8
2015-05-22,20.2
2015-05-23,22.7
2015-05-24,22.9
2015-05-25,23.3
2015-05-26,25.7
2015-05-27,27.3
2015-05-28,28.8
2015-05-29,30.0
2015-05-30,31.3
2015-05-31,31.5
2015-06-01,32.5
2015-06-02,36.0
2015-06-03,38.5
2015-06-04,39.8
2015-06-05,37.4
2015-06-06,31.8
2015-06-07,33.1
2015-06-08,36.4
2015-06-09,37.4
2015-06-10,33.4
2015-06-11,35.1
2015-06-12,32.1
2015-06-13,32.5
2015-06-14,30.7
2015-06-15,31.5
2015-06-16,29.6
2015-06-17,31.8
2015-06-18,34.4
2015-06-19,36.7
2015-06-20,40.1
2015-06-21,42.6
2015-06-22,45.5
2015-06-23,43.6
2015-06-24,41.9
2015-06-25,42.6
2015-06-26,43.4
2015-06-27,38.8
2015-06-28,37.8
2015-06-29,35.6
2015-06-30,37.7
2015-07-01,36.8
2015-07-02,30.8
2015-07-03,30.1
2015-07-04,31.7
2015-07-05,30.5
2015-07-06,27.9
2015-07-07,20.8
2015-07-08,22.6
2015-07-09,24.3
2015-07-10,25.6
2015-07-11,27.9
2015-07-12,30.0
2015-07-13,30.1
2015-07-14,26.3
2015-07-15,27.2
2015-07-16,30.2
2015-07-17,31.1
2015-07-18,31.7
2015-07-19,29.8
2015-07-20,27.3
2015-07-21,27.9
2015-07-22,30.6
2015-07-23,33.2
2015-07-24,33.2
2015-07-25,34.4
2015-07-26,34.5
2015-07-27,35.0
2015-07-28,38.4
2015-07-29,36.8
2015-07-30,35.8
2015-07-31,34.1
2015-08-01,32.3
2015-08-02,29.7
2015-08-03,27.7
2015-08-04,31.0
2015-08-05,33.3
2015-08-06,37.4
2015-08-07,37.8
2015-08-08,34.5
2015-08-09,36.9
2015-08-10,35.9
2015-08-11,32.1
2015-08-12,33.0
2015-08-13,34.2
2015-08-14,32.3
2015-08-15,32.5
2015-08-16,32.2
2015-08-17,30.6
2015-08-18,34.0
2015-08-19,33.9
2015-08-20,35.6
2015-08-21,37.4
2015-08-22,38.4
2015-08-23,36.6
2015-08-24,37.8
2015-08-25,38.4
2015-08-26,35.9
2015-08-27,32.6
2015-08-28,34.8
2015-08-29,35.4
2015-08-30,36.2
2015-08-31,35.1
2015-09-01,35.7
2015-09-02,34.7
2015-09-03,32.1
2015-09-04,30.5
2015-09-05,29.1
2015-09-06,30.8
2015-09-07,32.5
2015-09-08,34.4
2015-09-09,36.5
2015-09-10,38.9
2015-09-11,39.6
2015-09-12,39.3
2015-09-13,40.7
2015-09-14,40.0
2015-09-15,37.7
2015-09-16,38.7
2015-09-17,40.0
2015-09-18,41.1
2015-09-19,41.1
2015-09-20,42.9
2015-09-21,44.3
2015-09-22,43.3
2015-09-23,37.4
2015-09-24,39.3
2015-09-25,40.2
2015-09-26,40.9
2015-09-27,41.8
2015-09-28,42.5
2015-09-29,40.0
2015-09-30,39.2
2015-10-01,39.9
2015-10-02,38.9
2015-10-03,38.7
2015-10-04,34.7
2015-10-05,32.3
2015-10-06,32.5
2015-10-07,30.0
2015-10-08,31.9
2015-10-09,32.2
2015-10-10,33.5
2015-10-11,34.3
2015-10-12,36.9
2015-10-13,38.8
2015-10-14,40.5
2015-10-15,40.9
2015-10-16,38.4
2015-10-17,38.2
2015-10-18,36.0
2015-10-19,32.6
2015-10-20,33.4
2015-10-21,22.1
2015-10-22,20.6
2015-10-23,23.2
2015-10-24,23.2
2015-10-25,25.0
2015-10-26,25.0
2015-10-27,26.8
2015-10-28,28.2
2015-10-29,28.4
2015-10-30,21.0
2015-10-31,22.1
2015-11-01,27.9
2015-11-02,29.7
2015-11-03,30.7
2015-11-04,28.2
2015-11-05,23.3
2015-11-06,18.4
2015-11-07,15.9
2015-11-08,17.9
2015-11-09,18.1
2015-11-10,23.5
2015-11-11,20.7
2015-11-12,18.0
2015-11-13,20.6
2015-11-14,21.2
2015-11-15,23.8
2015-11-16,21.6
2015-11-17,15.0
2015-11-18,10.6
2015-11-19,9.8
2015-11-20,11.5
2015-11-21,18.7
2015-11-22,20.1
2015-11-23,20.6
2015-11-24,21.0
2015-11-25,21.7
2015-11-26,18.1
2015-11-27,15.0
2015-11-28,11.2
2015-11-29,10.7
2015-11-30,11.8
2015-12-01,10.3
2015-12-02,10.1
2015-12-03,9.9
2015-12-04,12.1
2015-12-05,11.4
2015-12-06,9.3
2015-12-07,11.4
2015-12-08,14.3
2015-12-09,15.0
2015-12-10,18.4
2015-12-11,19.1
2015-12-12,14.7
2015-12-13,11.1
2015-12-14,7.6
2015-12-15,6.9
2015-12-16,6.4
2015-12-17,6.1
2015-12-18,5.7
2015-12-19,5.2
2015-12-20,4.8
2015-12-21,4.4
2015-12-22,4.0
2015-12-23,3.7
2015-12-24,3.5
2015-12-25,3.2
2015-12-26,3.0
2015-12-27,2.8
2015-12-28,2.6
2015-12-29,2.5
2015-12-30,2.3
2015-12-31,2.2
2016-01-01,2.1
2016-01-02,2.0
2016-01-03,1.9
2016-01-04,1.8
2016-01-05,1.7
2016-01-06,1.6
2016-01-07,1.6
2016-01-08,1.5
2016-01-09,1.4
2016-01-10,1.4
2016-01-11,1.3
2016-01-12,1.3
2016-01-13,1.2
2016-01-14,1.2
2016-01-15,1.2
2016-01-16,1.1
2016-01-17,1.1
2016-01-18,1.1
2016-01-19,1.1
2016-01-20,1.0
2016-01-21,1.0
2016-01-22,1.0
2016-01-23,1.0
2016-01-24,1.0
2016-01-25,0.9
2016-01-26,0.9
2016-01-27,0.9
2016-01-28,0.9
2016-01-29,0.9
2016-01-30,0.9
2016-01-31,2.7
2016-02-01,2.3
2016-02-02,1.0
2016-02-03,1.0
2016-02-04,1.0
2016-02-05,1.0
2016-02-06,1.0
2016-02-07,1.0
2016-02-08,0.9
2016-02-09,0.9
2016-02-10,0.9
2016-02-11,0.9
2016-02-12,5.7
2016-02-13,6.9
2016-02-14,7.3
2016-02-15,7.7
2016-02-16,8.7
2016-02-17,9.6
2016-02-18,15.0
2016-02-19,16.3
2016-02-20,17.8
2016-02-21,18.7
2016-02-22,18.1
2016-02-23,13.0
2016-02-24,7.3
2016-02-25,6.6
2016-02-26,5.9
2016-02-27,8.1
2016-02-28,13.6
2016-02-29,14.3
2016-03-01,13.9
2016-03-02,17.9
2016-03-03,20.3
2016-03-04,21.4
2016-03-05,21.7
2016-03-06,21.4
2016-03-07,21.7
2016-03-08,22.8
2016-03-09,22.5
2016-03-10,24.4
2016-03-11,26.0
2016-03-12,26.0
2016-03-13,25.7
2016-03-14,26.7
2016-03-15,25.2
2016-03-16,23.9
2016-03-17,24.7
2016-03-18,27.5
2016-03-19,28.0
2016-03-20,29.5
2016-03-21,30.8
2016-03-22,31.1
2016-03-23,29.2
2016-03-24,28.2
2016-03-25,28.0
2016-03-26,24.7
2016-03-27,20.4
2016-03-28,14.5
2016-03-29,21.0
2016-03-30,22.3
2016-03-31,22.2
2016-04-01,15.9
2016-04-02,11.0
2016-04-03,13.1
2016-04-04,21.4
2016-04-05,22.7
2016-04-06,24.2
2016-04-07,25.5
2016-04-08,24.5
2016-04-09,23.8
2016-04-10,26.0
2016-04-11,25.7
2016-04-12,25.9
2016-04-13,28.0
2016-04-14,29.9
2016-04-15,29.8
2016-04-16,20.4
2016-04-17,16.4
2016-04-18,13.2
2016-04-19,12.2
2016-04-20,11.4
2016-04-21,13.4
2016-04-22,13.0
2016-04-23,20.8
2016-04-24,24.6
2016-04-25,26.5
2016-04-26,24.1
2016-04-27,23.8
2016-04-28,20.9
2016-04-29,16.2
2016-04-30,12.1
2016-05-01,10.5
2016-05-02,9.7
2016-05-03,9.1
2016-05-04,11.5
2016-05-05,17.3
2016-05-06,18.5
2016-05-07,23.9
2016-05-08,24.0
2016-05-09,25.3
2016-05-10,26.3
2016-05-11,25.4
2016-05-12,29.9
2016-05-13,33.1
2016-05-14,32.6
2016-05-15,27.6
2016-05-16,26.8
2016-05-17,25.1
2016-05-18,23.5
2016-05-19,26.8
2016-05-20,29.7
2016-05-21,33.2
2016-05-22,34.8
2016-05-23,36.2
2016-05-24,38.1
2016-05-25,40.5
2016-05-26,38.6
2016-05-27,32.8
2016-05-28,35.6
2016-05-29,36.6
2016-05-30,38.5
2016-05-31,39.1
2016-06-01,36.8
2016-06-02,38.5
2016-06-03,40.0
2016-06-04,40.3
2016-06-05,40.1
2016-06-06,38.2
2016-06-07,39.8
2016-06-08,39.7
2016-06-09,39.3
2016-06-10,40.8
2016-06-11,41.2
2016-06-12,41.5
2016-06-13,41.2
2016-06-14,42.3
2016-06-15,45.8
2016-06-16,48.0
2016-06-17,49.6
2016-06-18,51.0
2016-06-19,51.2
2016-06-20,50.7
2016-06-21,49.4
2016-06-22,48.1
2016-06-23,45.7
2016-06-24,44.0
2016-06-25,43.7
2016-06-26,44.0
2016-06-27,45.7
2016-06-28,44.3
2016-06-29,43.3
2016-06-30,41.0
2016-07-01,32.9
2016-07-02,28.7
2016-07-03,28.4
2016-07-04,30.6
2016-07-05,33.1
2016-07-06,35.9
2016-07-07,38.5
2016-07-08,39.9
2016-07-09,41.7
2016-07-10,44.1
2016-07-11,46.4
2016-07-12,47.3
2016-07-13,49.8
2016-07-14,51.2
2016-07-15,49.5
2016-07-16,49.1
2016-07-17,49.7
2016-07-18,48.0
2016-07-19,44.2
2016-07-20,43.8
2016-07-21,44.0
2016-07-22,42.3
2016-07-23,43.4
2016-07-24,43.9
2016-07-25,43.1
2016-07-26,42.4
2016-07-27,45.0
2016-07-28,46.1
2016-07-29,44.9
2016-07-30,42.7
2016-07-31,41.0
2016-08-01,38.8
2016-08-02,38.3
2016-08-03,36.6
2016-08-04,29.1
2016-08-05,20.5
2016-08-06,25.7
2016-08-07,27.7
2016-08-08,27.5
2016-08-09,29.0
2016-08-10,30.5
2016-08-11,31.5
2016-08-12,33.3
2016-08-13,33.1
2016-08-14,34.9
2016-08-15,36.5
2016-08-16,36.2
2016-08-17,33.8
2016-08-18,32.7
2016-08-19,32.4
2016-08-20,31.6
2016-08-21,31.1
2016-08-22,31.1
2016-08-23,29.8
2016-08-24,23.7
2016-08-25,25.7
2016-08-26,25.4
2016-08-27,26.6
2016-08-28,27.2
2016-08-29,23.2
2016-08-30,24.6
2016-08-31,26.1
2016-09-01,25.0
2016-09-02,25.3
2016-09-03,25.9
2016-09-04,27.2
2016-09-05,31.8
2016-09-06,32.8
2016-09-07,33.5
2016-09-08,36.6
2016-09-09,38.8
2016-09-10,38.4
2016-09-11,39.3
2016-09-12,38.2
2016-09-13,36.0
2016-09-14,32.7
2016-09-15,36.1
2016-09-16,37.3
2016-09-17,38.2
2016-09-18,40.6
2016-09-19,42.3
2016-09-20,42.9
2016-09-21,38.9
2016-09-22,35.7
2016-09-23,34.1
2016-09-24,33.4
2016-09-25,36.0
2016-09-26,37.7
2016-09-27,38.9
2016-09-28,39.6
2016-09-29,39.9
2016-09-30,38.2
2016-10-01,36.8
2016-10-02,37.7
2016-10-03,35.5
2016-10-04,37.8
2016-10-05,38.7
2016-10-06,38.4
2016-10-07,40.0
2016-10-08,41.0
2016-10-09,38.6
2016-10-10,39.5
2016-10-11,38.2
2016-10-12,39.2
2016-10-13,40.7
2016-10-14,42.2
2016-10-15,44.1
2016-10-16,45.2
2016-10-17,45.6
2016-10-18,44.9
2016-10-19,45.3
2016-10-20,46.4
2016-10-21,48.0
2016-10-22,48.4
2016-10-23,48.1
2016-10-24,47.4
2016-10-25,44.6
2016-10-26,45.5
2016-10-27,46.9
2016-10-28,45.7
2016-10-29,45.5
2016-10-30,44.4
2016-10-31,45.5
2016-11-01,44.1
2016-11-02,43.3
2016-11-03,43.4
2016-11-04,42.6
2016-11-05,35.1
2016-11-06,34.1
2016-11-07,36.5
2016-11-08,39.5
2016-11-09,40.6
2016-11-10,41.4
2016-11-11,38.7
2016-11-12,39.0
2016-11-13,39.4
2016-11-14,40.5
2016-11-15,41.8
2016-11-16,42.1
2016-11-17,40.5
2016-11-18,40.0
2016-11-19,41.7
2016-11-20,42.2
2016-11-21,38.0
2016-11-22,32.2
2016-11-23,33.5
2016-11-24,34.8
2016-11-25,35.8
2016-11-26,36.1
2016-11-27,34.4
2016-11-28,30.0
2016-11-29,21.9
2016-11-30,20.9
2016-12-01,19.9
2016-12-02,18.6
2016-12-03,16.6
2016-12-04,16.3
2016-12-05,18.5
2016-12-06,20.5
2016-12-07,17.6
2016-12-08,12.7
2016-12-09,9.9
2016-12-10,11.6
2016-12-11,15.8
2016-12-12,16.9
2016-12-13,17.2
2016-12-14,19.0
2016-12-15,21.2
2016-12-16,18.9
2016-12-17,12.0
2016-12-18,8.7
2016-12-19,8.2
2016-12-20,7.6
2016-12-21,7.0
2016-12-22,6.5
2016-12-23,5.9
2016-12-24,5.4
2016-12-25,5.0
2016-12-26,4.6
2016-12-27,4.2
2016-12-28,3.9
2016-12-29,3.7
2016-12-30,3.4
2016-12-31,3.2
2017-01-01,5.0
2017-01-02,5.3
2017-01-03,4.8
2017-01-04,2.8
2017-01-05,2.6
2017-01-06,2.5
2017-01-07,2.3
2017-01-08,2.2
2017-01-09,2.1
2017-01-10,2.0
2017-01-11,1.9
2017-01-12,1.8
2017-01-13,1.7
2017-01-14,3.3
2017-01-15,3.0
2017-01-16,1.7
2017-01-17,1.6
2017-01-18,1.5
2017-01-19,1.5
2017-01-20,1.4
2017-01-21,1.4
2017-01-22,1.3
2017-01-23,1.3
2017-01-24,1.2
2017-01-25,1.2
2017-01-26,1.1
2017-01-27,1.1
2017-01-28,1.1
2017-01-29,1.1
2017-01-30,1.0
2017-01-31,1.0
2017-02-01,1.0
2017-02-02,1.0
2017-02-03,1.0
2017-02-04,0.9
2017-02-05,2.9
2017-02-06,3.3
2017-02-07,3.6
2017-02-08,4.2
2017-02-09,4.3
2017-02-10,4.9
2017-02-11,11.7
2017-02-12,10.2
2017-02-13,7.7
2017-02-14,5.1
2017-02-15,3.5
2017-02-16,3.2
2017-02-17,5.3
2017-02-18,5.5
2017-02-19,7.6
2017-02-20,8.9
2017-02-21,14.5
2017-02-22,15.7
2017-02-23,15.8
2017-02-24,14.9
2017-02-25,9.0
2017-02-26,8.8
2017-02-27,12.5
2017-02-28,11.3
2017-03-01,9.2
2017-03-02,5.5
2017-03-03,4.9
2017-03-04,7.0
2017-03-05,12.1
2017-03-06,11.6
2017-03-07,12.5
2017-03-08,13.6
2017-03-09,17.6
2017-03-10,19.2
2017-03-11,19.6
2017-03-12,20.2
2017-03-13,21.5
2017-03-14,23.5
2017-03-15,25.4
2017-03-16,26.5
2017-03-17,27.2
2017-03-18,28.2
2017-03-19,29.4
2017-03-20,30.2
2017-03-21,30.4
2017-03-22,30.9
2017-03-23,31.0
2017-03-24,26.3
2017-03-25,29.1
2017-03-26,25.1
2017-03-27,26.8
2017-03-28,23.5
2017-03-29,17.1
2017-03-30,19.4
2017-03-31,23.0
2017-04-01,17.2
2017-04-02,11.9
2017-04-03,15.8
2017-04-04,13.0
2017-04-05,9.5
2017-04-06,8.6
2017-04-07,10.7
2017-04-08,16.6
2017-04-09,20.1
2017-04-10,21.8
2017-04-11,23.0
2017-04-12,24.2
2017-04-13,25.1
2017-04-14,27.6
2017-04-15,28.4
2017-04-16,29.2
2017-04-17,29.8
2017-04-18,31.3
2017-04-19,34.0
2017-04-20,33.1
2017-04-21,30.4
2017-04-22,31.4
2017-04-23,31.7
2017-04-24,35.0
2017-04-25,32.1
2017-04-26,26.1
2017-04-27,24.3
2017-04-28,27.0
2017-04-29,21.9
2017-04-30,16.5
2017-05-01,19.7
2017-05-02,24.8
2017-05-03,25.1
2017-05-04,29.9
2017-05-05,31.7
2017-05-06,32.1
2017-05-07,31.5
2017-05-08,32.3
2017-05-09,25.7
2017-05-10,26.5
2017-05-11,20.1
2017-05-12,28.8
2017-05-13,31.4
2017-05-14,34.2
2017-05-15,35.9
2017-05-16,36.1
2017-05-17,34.6
2017-05-18,27.9
2017-05-19,25.3
2017-05-20,20.4
2017-05-21,22.1
2017-05-22,24.4
2017-05-23,26.7
2017-05-24,32.0
2017-05-25,34.5
2017-05-26,34.8
2017-05-27,35.6
2017-05-28,36.2
2017-05-29,37.8
2017-05-30,37.2
2017-05-31,37.3
2017-06-01,35.4
2017-06-02,34.2
2017-06-03,35.9
2017-06-04,36.3
2017-06-05,35.6
2017-06-06,35.7
2017-06-07,35.8
2017-06-08,37.9
2017-06-09,39.8
2017-06-10,43.1
2017-06-11,45.6
2017-06-12,47.2
2017-06-13,48.1
2017-06-14,49.2
2017-06-15,51.2
2017-06-16,52.4
2017-06-17,53.1
2017-06-18,51.1
2017-06-19,51.4
2017-06-20,50.8
2017-06-21,51.8
2017-06-22,53.2
2017-06-23,51.1
2017-06-24,49.6
2017-06-25,48.5
2017-06-26,45.4
2017-06-27,47.0
2017-06-28,49.1
2017-06-29,50.6
2017-06-30,49.1
2017-07-01,48.5
2017-07-02,47.9
2017-07-03,48.1
2017-07-04,50.0
2017-07-05,51.0
2017-07-06,51.2
2017-07-07,48.7
2017-07-08,48.2
2017-07-09,48.3
2017-07-10,48.5
2017-07-11,46.0
2017-07-12,41.5
2017-07-13,37.1
2017-07-14,34.2
2017-07-15,30.9
2017-07-16,30.8
2017-07-17,31.2
2017-07-18,31.1
2017-07-19,32.4
2017-07-20,33.5
2017-07-21,33.2
2017-07-22,31.6
2017-07-23,31.7
2017-07-24,31.9
2017-07-25,28.5
2017-07-26,29.2
2017-07-27,26.5
2017-07-28,26.0
2017-07-29,19.9
2017-07-30,19.4
2017-07-31,20.7
2017-08-01,23.6
2017-08-02,26.1
2017-08-03,24.4
2017-08-04,25.8
2017-08-05,24.3
2017-08-06,25.4
2017-08-07,22.3
2017-08-08,21.9
2017-08-09,25.5
2017-08-10,26.1
2017-08-11,23.0
2017-08-12,24.0
2017-08-13,25.9
2017-08-14,28.1
2017-08-15,29.4
2017-08-16,32.2
2017-08-17,33.0
2017-08-18,35.6
2017-08-19,37.5
2017-08-20,37.8
2017-08-21,36.7
2017-08-22,33.9
2017-08-23,33.7
2017-08-24,32.6
2017-08-25,32.8
2017-08-26,34.9
2017-08-27,35.2
2017-08-28,34.3
2017-08-29,33.7
2017-08-30,35.1
2017-08-31,34.9
2017-09-01,34.2
2017-09-02,36.2
2017-09-03,38.4
2017-09-04,39.2
2017-09-05,38.8
2017-09-06,38.3
2017-09-07,37.4
2017-09-08,37.5
2017-09-09,36.8
2017-09-10,35.9
2017-09-11,35.3
2017-09-12,33.8
2017-09-13,33.4
2017-09-14,34.9
2017-09-15,32.1
2017-09-16,33.7
2017-09-17,31.6
2017-09-18,32.7
2017-09-19,36.2
2017-09-20,37.7
2017-09-21,39.5
2017-09-22,38.7
2017-09-23,27.5
2017-09-24,30.9
2017-09-25,32.5
2017-09-26,31.9
2017-09-27,22.8
2017-09-28,20.1
2017-09-29,20.4
2017-09-30,17.4
2017-10-01,21.6
2017-10-02,23.5
2017-10-03,25.6
2017-10-04,24.2
2017-10-05,23.0
2017-10-06,25.6
2017-10-07,28.5
2017-10-08,30.7
2017-10-09,28.1
2017-10-10,21.6
2017-10-11,16.3
2017-10-12,27.8
2017-10-13,30.1
2017-10-14,31.8
2017-10-15,33.5
2017-10-16,35.5
2017-10-17,36.7
2017-10-18,37.6
2017-10-19,37.9
2017-10-20,36.7
2017-10-21,35.1
2017-10-22,37.6
2017-10-23,39.1
2017-10-24,39.3
2017-10-25,40.4
2017-10-26,41.0
2017-10-27,35.9
2017-10-28,37.7
2017-10-29,39.3
2017-10-30,37.1
2017-10-31,33.6
2017-11-01,34.1
2017-11-02,37.2
2017-11-03,37.7
2017-11-04,35.9
2017-11-05,36.4
2017-11-06,36.0
2017-11-07,33.2
2017-11-08,26.6
2017-11-09,22.3
2017-11-10,33.7
2017-11-11,34.5
2017-11-12,34.7
2017-11-13,36.1
2017-11-14,36.4
2017-11-15,35.9
2017-11-16,36.5
2017-11-17,33.8
2017-11-18,26.0
2017-11-19,28.5
2017-11-20,33.0
2017-11-21,32.9
2017-11-22,31.2
2017-11-23,32.0
2017-11-24,34.2
2017-11-25,35.0
2017-11-26,36.0
2017-11-27,37.3
2017-11-28,36.5
2017-11-29,35.5
2017-11-30,36.0
2017-12-01,35.5
2017-12-02,33.3
2017-12-03,34.8
2017-12-04,35.2
2017-12-05,36.2
2017-12-06,36.3
2017-12-07,33.2
2017-12-08,23.0
2017-12-09,30.0
2017-12-10,33.8
2017-12-11,35.0
2017-12-12,34.4
2017-12-13,32.0
2017-12-14,30.3
2017-12-15,22.3
2017-12-16,17.9
2017-12-17,17.5
2017-12-18,16.7
2017-12-19,21.4
2017-12-20,22.9
2017-12-21,21.2
2017-12-22,20.1
2017-12-23,17.1
2017-12-24,19.9
2017-12-25,19.6
2017-12-26,19.8
2017-12-27,20.0
2017-12-28,23.0
2017-12-29,24.4
2017-12-30,25.8
2017-12-31,28.2
2018-01-01,28.9
2018-01-02,29.4
2018-01-03,30.6
2018-01-04,28.7
2018-01-05,27.8
2018-01-06,25.3
2018-01-07,21.6
2018-01-08,23.8
2018-01-09,24.6
2018-01-10,23.6
2018-01-11,21.8
2018-01-12,19.8
2018-01-13,18.5
2018-01-14,20.0
2018-01-15,22.3
2018-01-16,22.0
2018-01-17,23.2
2018-01-18,21.7
2018-01-19,24.5
2018-01-20,26.2
2018-01-21,21.7
2018-01-22,15.6
2018-01-23,11.3
2018-01-24,10.4
2018-01-25,9.6
2018-01-26,11.3
2018-01-27,10.9
2018-01-28,10.5
2018-01-29,12.6
2018-01-30,11.9
2018-01-31,15.1
2018-02-01,20.8
2018-02-02,21.1
2018-02-03,22.4
2018-02-04,24.4
2018-02-05,24.9
2018-02-06,22.2
2018-02-07,17.5
2018-02-08,16.3
2018-02-09,21.5
2018-02-10,21.6
2018-02-11,16.8
2018-02-12,10.2
2018-02-13,9.3
2018-02-14,11.2
2018-02-15,10.9
2018-02-16,10.6
2018-02-17,10.6
2018-02-18,12.9
2018-02-19,15.3
2018-02-20,12.7
2018-02-21,8.7
2018-02-22,7.6
2018-02-23,6.1
2018-02-24,5.6
2018-02-25,5.2
2018-02-26,4.8
2018-02-27,7.0
2018-02-28,9.1
2018-03-01,8.7
2018-03-02,9.7
2018-03-03,13.3
2018-03-04,16.6
2018-03-05,15.9
2018-03-06,17.1
2018-03-07,18.4
2018-03-08,19.4
2018-03-09,20.5
2018-03-10,20.3
2018-03-11,19.8
2018-03-12,20.9
2018-03-13,21.7
2018-03-14,22.6
2018-03-15,22.7
2018-03-16,20.9
2018-03-17,20.6
2018-03-18,22.8
2018-03-19,21.6
2018-03-20,18.6
2018-03-21,21.3
2018-03-22,22.5
2018-03-23,21.0
2018-03-24,23.2
2018-03-25,25.2
2018-03-26,25.9
2018-03-27,21.2
2018-03-28,14.8
2018-03-29,13.4
2018-03-30,18.9
2018-03-31,23.3
2018-04-01,24.8
2018-04-02,26.3
2018-04-03,28.7
2018-04-04,30.7
2018-04-05,30.9
2018-04-06,29.5
2018-04-07,26.8
2018-04-08,26.2
2018-04-09,29.3
2018-04-10,30.6
2018-04-11,33.2
2018-04-12,34.9
2018-04-13,32.7
2018-04-14,30.8
2018-04-15,28.7
2018-04-16,30.6
2018-04-17,33.7
2018-04-18,32.9
2018-04-19,32.1
2018-04-20,32.1
2018-04-21,24.5
2018-04-22,23.1
2018-04-23,31.6
2018-04-24,31.4
2018-04-25,27.2
2018-04-26,32.6
2018-04-27,34.6
2018-04-28,35.1
2018-04-29,34.6
2018-04-30,36.9
2018-05-01,37.5
2018-05-02,34.7
2018-05-03,28.6
2018-05-04,31.7
2018-05-05,36.5
2018-05-06,38.5
2018-05-07,40.0
2018-05-08,42.4
2018-05-09,42.9
2018-05-10,44.4
2018-05-11,46.0
2018-05-12,47.0
2018-05-13,46.4
2018-05-14,47.4
2018-05-15,46.4
2018-05-16,48.5
2018-05-17,50.3
2018-05-18,50.1
2018-05-19,46.2
2018-05-20,42.6
2018-05-21,40.6
2018-05-22,40.1
2018-05-23,42.9
2018-05-24,44.9
2018-05-25,46.9
2018-05-26,48.2
2018-05-27,50.1
2018-05-28,50.5
2018-05-29,49.4
2018-05-30,48.5
2018-05-31,50.8
2018-06-01,52.8
2018-06-02,53.8
2018-06-03,49.8
2018-06-04,46.6
2018-06-05,48.9
2018-06-06,50.6
2018-06-07,51.8
2018-06-08,53.0
2018-06-09,54.1
2018-06-10,56.0
2018-06-11,57.0
2018-06-12,57.6
2018-06-13,56.3
2018-06-14,56.4
2018-06-15,56.3
2018-06-16,53.3
2018-06-17,45.8
2018-06-18,46.2
2018-06-19,47.1
2018-06-20,46.6
2018-06-21,46.8
2018-06-22,47.6
2018-06-23,48.6
2018-06-24,49.3
2018-06-25,49.7
2018-06-26,52.4
2018-06-27,54.2
2018-06-28,55.7
2018-06-29,56.7
2018-06-30,57.3
2018-07-01,54.9
2018-07-02,56.4
2018-07-03,56.3
2018-07-04,56.3
2018-07-05,51.9
2018-07-06,49.1
2018-07-07,48.8
2018-07-08,46.5
2018-07-09,47.0
2018-07-10,47.0
2018-07-11,46.3
2018-07-12,42.8
2018-07-13,42.9
2018-07-14,40.9
2018-07-15,38.9
2018-07-16,35.2
2018-07-17,31.9
2018-07-18,34.2
2018-07-19,37.1
2018-07-20,37.9
2018-07-21,37.2
2018-07-22,38.8
2018-07-23,37.0
2018-07-24,34.3
2018-07-25,33.7
2018-07-26,33.3
2018-07-27,32.1
2018-07-28,31.6
2018-07-29,32.2
2018-07-30,32.5
2018-07-31,33.2
2018-08-01,34.6
2018-08-02,35.6
2018-08-03,32.0
2018-08-04,35.0
2018-08-05,33.8
2018-08-06,37.9
2018-08-07,37.0
2018-08-08,35.9
2018-08-09,35.4
2018-08-10,34.6
2018-08-11,35.5
2018-08-12,36.6
2018-08-13,36.6
2018-08-14,37.7
2018-08-15,35.7
2018-08-16,35.4
2018-08-17,33.5
2018-08-18,33.0
2018-08-19,34.1
2018-08-20,34.5
2018-08-21,32.0
2018-08-22,27.3
2018-08-23,30.3
2018-08-24,32.6
2018-08-25,32.0
2018-08-26,32.2
2018-08-27,33.8
2018-08-28,37.2
2018-08-29,37.4
2018-08-30,40.2
2018-08-31,40.3
2018-09-01,39.2
2018-09-02,37.1
2018-09-03,31.6
2018-09-04,35.4
2018-09-05,29.7
2018-09-06,30.1
2018-09-07,30.5
2018-09-08,31.1
2018-09-09,31.3
2018-09-10,33.6
2018-09-11,35.2
2018-09-12,38.5
2018-09-13,41.6
2018-09-14,43.5
2018-09-15,44.4
2018-09-16,44.9
2018-09-17,45.9
2018-09-18,46.6
2018-09-19,46.4
2018-09-20,38.7
2018-09-21,40.4
2018-09-22,39.7
2018-09-23,41.1
2018-09-24,40.9
2018-09-25,41.2
2018-09-26,42.2
2018-09-27,44.5
2018-09-28,46.3
2018-09-29,46.8
2018-09-30,47.0
2018-10-01,44.2
2018-10-02,38.8
2018-10-03,40.4
2018-10-04,35.7
2018-10-05,38.4
2018-10-06,35.8
2018-10-07,34.4
2018-10-08,25.0
2018-10-09,25.7
2018-10-10,21.8
2018-10-11,22.5
2018-10-12,23.3
2018-10-13,29.1
2018-10-14,27.1
2018-10-15,24.8
2018-10-16,18.6
2018-10-17,19.9
2018-10-18,20.5
2018-10-19,21.3
2018-10-20,25.0
2018-10-21,25.6
2018-10-22,25.5
2018-10-23,21.9
2018-10-24,16.5
2018-10-25,21.0
2018-10-26,21.4
2018-10-27,22.5
2018-10-28,26.2
2018-10-29,28.4
2018-10-30,27.5
2018-10-31,16.4
2018-11-01,12.7
2018-11-02,11.0
2018-11-03,14.0
2018-11-04,14.8
2018-11-05,16.3
2018-11-06,15.2
2018-11-07,17.9
2018-11-08,18.3
2018-11-09,18.6
2018-11-10,19.0
2018-11-11,19.2
2018-11-12,15.6
2018-11-13,8.8
2018-11-14,8.1
2018-11-15,7.5
2018-11-16,7.0
2018-11-17,8.5
2018-11-18,8.4
2018-11-19,11.0
2018-11-20,11.2
2018-11-21,11.5
2018-11-22,13.1
2018-11-23,10.7
2018-11-24,10.0
2018-11-25,11.7
2018-11-26,12.8
2018-11-27,13.7
2018-11-28,14.3
2018-11-29,16.4
2018-11-30,16.1
2018-12-01,13.3
2018-12-02,12.6
2018-12-03,10.9
2018-12-04,6.3
2018-12-05,7.8
2018-12-06,7.7
2018-12-07,7.7
2018-12-08,7.8
2018-12-09,7.6
2018-12-10,7.7
2018-12-11,7.6
2018-12-12,7.6
2018-12-13,6.8
2018-12-14,6.6
2018-12-15,9.2
2018-12-16,9.7
2018-12-17,10.0
2018-12-18,10.1
2018-12-19,9.9
2018-12-20,12.1
2018-12-21,13.1
2018-12-22,12.8
2018-12-23,13.0
2018-12-24,12.8
2018-12-25,13.0
2018-12-26,13.1
2018-12-27,11.4
2018-12-28,7.6
2018-12-29,5.7
2018-12-30,5.1
2018-12-31,4.8
2019-01-01,4.5
2019-01-02,4.2
2019-01-03,3.9
2019-01-04,3.5
2019-01-05,3.3
2019-01-06,3.0
2019-01-07,2.8
2019-01-08,2.6
2019-01-09,2.5
2019-01-10,2.3
2019-01-11,2.2
2019-01-12,2.1
2019-01-13,2.0
2019-01-14,1.9
2019-01-15,1.8
2019-01-16,1.7
2019-01-17,1.6
2019-01-18,1.5
2019-01-19,1.5
2019-01-20,1.4
2019-01-21,1.4
2019-01-22,1.3
2019-01-23,1.3
2019-01-24,1.2
2019-01-25,1.2
2019-01-26,1.2
2019-01-27,1.1
2019-01-28,1.1
2019-01-29,1.1
2019-01-30,1.0
2019-01-31,1.0
2019-02-01,1.0
2019-02-02,1.0
2019-02-03,1.0
2019-02-04,0.9
2019-02-05,2.9
2019-02-06,3.1
2019-02-07,2.9
2019-02-08,3.0
2019-02-09,3.4
2019-02-10,4.0
2019-02-11,4.0
2019-02-12,4.2
2019-02-13,4.6
2019-02-14,4.4
2019-02-15,2.7
2019-02-16,3.9
2019-02-17,4.2
2019-02-18,3.4
2019-02-19,1.9
2019-02-20,1.7
2019-02-21,1.6
2019-02-22,1.6
2019-02-23,1.5
2019-02-24,1.5
2019-02-25,1.4
2019-02-26,1.3
2019-02-27,1.3
2019-02-28,3.4
2019-03-01,4.0
2019-03-02,4.1
2019-03-03,3.9
2019-03-04,3.4
2019-03-05,1.9
2019-03-06,1.8
2019-03-07,4.0
2019-03-08,4.4
2019-03-09,4.7
2019-03-10,5.2
2019-03-11,6.4
2019-03-12,5.2
2019-03-13,4.1
2019-03-14,3.5
2019-03-15,2.5
2019-03-16,2.3
2019-03-17,2.2
2019-03-18,2.1
2019-03-19,6.3
2019-03-20,7.8
2019-03-21,7.8
2019-03-22,4.8
2019-03-23,2.8
2019-03-24,2.6
2019-03-25,7.5
2019-03-26,8.6
2019-03-27,9.6
2019-03-28,10.6
2019-03-29,13.0
2019-03-30,11.4
2019-03-31,6.7
2019-04-01,4.4
2019-04-02,6.3
2019-04-03,10.4
2019-04-04,12.8
2019-04-05,14.1
2019-04-06,15.1
2019-04-07,16.2
2019-04-08,17.6
2019-04-09,21.7
2019-04-10,20.6
2019-04-11,16.2
2019-04-12,12.2
2019-04-13,10.7
2019-04-14,7.9
2019-04-15,19.0
2019-04-16,20.1
2019-04-17,20.4
2019-04-18,22.7
2019-04-19,24.6
2019-04-20,25.9
2019-04-21,25.6
2019-04-22,24.6
2019-04-23,17.3
2019-04-24,17.5
2019-04-25,23.2
2019-04-26,23.7
2019-04-27,23.6
2019-04-28,22.5
2019-04-29,21.2
2019-04-30,16.6
2019-05-01,16.6
2019-05-02,17.0
2019-05-03,20.2
2019-05-04,23.7
2019-05-05,24.7
2019-05-06,26.2
2019-05-07,25.0
2019-05-08,26.3
2019-05-09,15.6
2019-05-10,12.0
2019-05-11,11.0
2019-05-12,16.1
2019-05-13,21.8
2019-05-14,26.4
2019-05-15,28.1
2019-05-16,29.2
2019-05-17,26.5
2019-05-18,26.5
2019-05-19,27.3
2019-05-20,25.3
2019-05-21,19.6
2019-05-22,23.4
2019-05-23,22.7
2019-05-24,24.9
2019-05-25,28.3
2019-05-26,32.0
2019-05-27,30.2
2019-05-28,31.4
2019-05-29,30.1
2019-05-30,27.5
2019-05-31,29.5
2019-06-01,31.0
2019-06-02,30.3
2019-06-03,32.3
2019-06-04,32.3
2019-06-05,31.1
2019-06-06,33.0
2019-06-07,33.2
2019-06-08,36.5
2019-06-09,36.8
2019-06-10,36.4
2019-06-11,38.7
2019-06-12,38.6
2019-06-13,39.9
2019-06-14,41.4
2019-06-15,39.9
2019-06-16,39.0
2019-06-17,37.2
2019-06-18,35.1
2019-06-19,37.0
2019-06-20,39.5
2019-06-21,41.5
2019-06-22,37.3
2019-06-23,36.7
2019-06-24,39.9
2019-06-25,42.3
2019-06-26,44.4
2019-06-27,46.1
2019-06-28,47.1
2019-06-29,46.5
2019-06-30,45.2
2019-07-01,39.7
2019-07-02,38.6
2019-07-03,40.5
2019-07-04,43.0
2019-07-05,44.1
2019-07-06,40.3
2019-07-07,38.5
2019-07-08,38.0
2019-07-09,41.0
2019-07-10,42.5
2019-07-11,41.5
2019-07-12,42.5
2019-07-13,42.9
2019-07-14,42.3
2019-07-15,40.5
2019-07-16,39.4
2019-07-17,40.5
2019-07-18,43.1
2019-07-19,45.7
2019-07-20,45.1
2019-07-21,44.6
2019-07-22,40.2
2019-07-23,38.9
2019-07-24,36.5
2019-07-25,33.5
2019-07-26,30.4
2019-07-27,29.9
2019-07-28,32.5
2019-07-29,33.7
2019-07-30,34.5
2019-07-31,34.6
2019-08-01,33.5
2019-08-02,32.8
2019-08-03,31.1
2019-08-04,30.1
2019-08-05,29.7
2019-08-06,29.6
2019-08-07,30.0
2019-08-08,28.8
2019-08-09,28.2
2019-08-10,28.3
2019-08-11,22.9
2019-08-12,27.2
2019-08-13,29.4
2019-08-14,31.7
2019-08-15,34.2
2019-08-16,35.8
2019-08-17,37.9
2019-08-18,40.7
2019-08-19,42.6
2019-08-20,43.7
2019-08-21,42.0
2019-08-22,41.3
2019-08-23,42.0
2019-08-24,43.6
2019-08-25,45.6
2019-08-26,47.5
2019-08-27,45.8
2019-08-28,45.6
2019-08-29,46.5
2019-08-30,46.4
2019-08-31,45.6
2019-09-01,46.1
2019-09-02,46.9
2019-09-03,47.9
2019-09-04,43.6
2019-09-05,44.0
2019-09-06,42.1
2019-09-07,37.9
2019-09-08,36.6
2019-09-09,38.2
2019-09-10,38.5
2019-09-11,35.5
2019-09-12,37.8
2019-09-13,39.4
2019-09-14,41.3
2019-09-15,39.2
2019-09-16,34.3
2019-09-17,33.8
2019-09-18,35.4
2019-09-19,36.3
2019-09-20,36.6
2019-09-21,38.8
2019-09-22,40.2
2019-09-23,40.2
2019-09-24,40.1
2019-09-25,41.6
2019-09-26,40.6
2019-09-27,40.6
2019-09-28,39.8
2019-09-29,40.4
2019-09-30,42.6
2019-10-01,43.0
2019-10-02,44.5
2019-10-03,44.7
2019-10-04,40.8
2019-10-05,43.7
2019-10-06,44.8
2019-10-07,45.9
2019-10-08,45.8
2019-10-09,46.4
2019-10-10,45.2
2019-10-11,46.3
2019-10-12,48.6
2019-10-13,49.8
2019-10-14,49.6
2019-10-15,50.4
2019-10-16,51.3
2019-10-17,51.8
2019-10-18,49.3
2019-10-19,47.9
2019-10-20,47.6
2019-10-21,45.6
2019-10-22,46.9
2019-10-23,47.4
2019-10-24,40.6
2019-10-25,30.2
2019-10-26,27.2
2019-10-27,35.3
2019-10-28,34.1
2019-10-29,27.9
2019-10-30,21.5
2019-10-31,20.5
2019-11-01,19.7
2019-11-02,17.6
2019-11-03,19.7
2019-11-04,19.3
2019-11-05,18.8
2019-11-06,18.7
2019-11-07,20.6
2019-11-08,21.1
2019-11-09,21.7
2019-11-10,24.7
2019-11-11,24.1
2019-11-12,27.5
2019-11-13,26.9
2019-11-14,25.0
2019-11-15,26.5
2019-11-16,29.8
2019-11-17,29.5
2019-11-18,30.7
2019-11-19,32.1
2019-11-20,29.9
2019-11-21,23.6
2019-11-22,18.0
2019-11-23,16.5
2019-11-24,16.0
2019-11-25,15.7
2019-11-26,13.6
2019-11-27,11.1
2019-11-28,10.0
2019-11-29,9.1
2019-11-30,8.3
2019-12-01,7.6
2019-12-02,6.9
2019-12-03,6.3
2019-12-04,5.8
2019-12-05,7.2
2019-12-06,6.3
2019-12-07,6.8
2019-12-08,6.3
2019-12-09,5.1
2019-12-10,4.1
2019-12-11,3.9
2019-12-12,5.8
2019-12-13,5.9
2019-12-14,5.8
2019-12-15,4.6
2019-12-16,3.4
2019-12-17,3.1
2019-12-18,3.0
2019-12-19,2.8
2019-12-20,2.6
2019-12-21,2.4
2019-12-22,2.3
2019-12-23,2.2
2019-12-24,2.0
2019-12-25,1.9
2019-12-26,1.8
2019-12-27,1.7
2019-12-28,1.7
2019-12-29,1.6
2019-12-30,1.5
2019-12-31,1.5
2020-01-01,1.4
2020-01-02,1.3
2020-01-03,1.3
2020-01-04,1.3
2020-01-05,1.2
2020-01-06,1.2
2020-01-07,1.1
2020-01-08,1.1
2020-01-09,1.1
2020-01-10,1.1
2020-01-11,1.0
2020-01-12,1.0
2020-01-13,1.0
2020-01-14,1.0
2020-01-15,1.0
2020-01-16,0.9
2020-01-17,0.9
2020-01-18,0.9
2020-01-19,0.9
2020-01-20,0.9
2020-01-21,0.9
2020-01-22,0.9
2020-01-23,0.9
2020-01-24,0.9
2020-01-25,0.8
2020-01-26,0.8
2020-01-27,0.8
2020-01-28,0.8
2020-01-29,0.8
2020-01-30,0.8
2020-01-31,0.8
2020-02-01,0.8
2020-02-02,0.8
2020-02-03,0.8
2020-02-04,0.8
2020-02-05,0.8
2020-02-06,0.8
2020-02-07,0.8
2020-02-08,0.8
2020-02-09,0.8
2020-02-10,0.8
2020-02-11,0.8
2020-02-12,0.8
2020-02-13,0.8
2020-02-14,0.8
2020-02-15,0.8
2020-02-16,0.8
2020-02-17,0.8
2020-02-18,0.8
2020-02-19,0.8
2020-02-20,0.8
2020-02-21,0.8
2020-02-22,0.8
2020-02-23,0.8
2020-02-24,0.8
2020-02-25,0.8
2020-02-26,0.8
2020-02-27,0.8
2020-02-28,0.8
2020-02-29,0.8
2020-03-01,3.0
2020-03-02,3.4
2020-03-03,3.9
2020-03-04,6.8
2020-03-05,7.9
2020-03-06,8.4
2020-03-07,8.9
2020-03-08,7.6
2020-03-09,10.9
2020-03-10,11.9
2020-03-11,12.5
2020-03-12,14.0
2020-03-13,12.0
2020-03-14,12.2
2020-03-15,14.7
2020-03-16,16.2
2020-03-17,17.1
2020-03-18,17.3
2020-03-19,13.3
2020-03-20,8.4
2020-03-21,6.9
2020-03-22,10.7
2020-03-23,11.8
2020-03-24,11.0
2020-03-25,14.7
2020-03-26,15.7
2020-03-27,15.8
2020-03-28,17.8
2020-03-29,18.5
2020-03-30,18.1
2020-03-31,18.5
2020-04-01,21.3
2020-04-02,22.4
2020-04-03,22.2
2020-04-04,22.6
2020-04-05,25.1
2020-04-06,27.2
2020-04-07,28.9
2020-04-08,28.8
2020-04-09,28.8
2020-04-10,28.3
2020-04-11,30.3
2020-04-12,29.3
2020-04-13,29.5
2020-04-14,26.7
2020-04-15,22.0
2020-04-16,26.1
2020-04-17,28.0
2020-04-18,28.4
2020-04-19,27.4
2020-04-20,28.8
2020-04-21,27.3
2020-04-22,26.9
2020-04-23,28.5
2020-04-24,31.0
2020-04-25,33.9
2020-04-26,35.8
2020-04-27,36.2
2020-04-28,38.4
2020-04-29,40.0
2020-04-30,40.6
2020-05-01,42.9
2020-05-02,43.9
2020-05-03,43.9
2020-05-04,44.8
2020-05-05,45.0
2020-05-06,46.3
2020-05-07,47.8
2020-05-08,47.0
2020-05-09,48.3
2020-05-10,47.8
2020-05-11,43.4
2020-05-12,42.8
2020-05-13,45.5
2020-05-14,45.8
2020-05-15,44.9
2020-05-16,45.3
2020-05-17,45.0
2020-05-18,47.4
2020-05-19,47.6
2020-05-20,47.3
2020-05-21,48.9
2020-05-22,49.7
2020-05-23,50.3
2020-05-24,48.7
2020-05-25,47.4
2020-05-26,48.7
2020-05-27,49.0
2020-05-28,46.4
2020-05-29,45.9
2020-05-30,43.8
2020-05-31,41.2
2020-06-01,38.1
2020-06-02,37.8
2020-06-03,38.9
2020-06-04,41.6
2020-06-05,42.7
2020-06-06,40.3
2020-06-07,40.3
2020-06-08,42.7
2020-06-09,38.5
2020-06-10,41.6
2020-06-11,44.2
2020-06-12,45.0
2020-06-13,43.9
2020-06-14,43.2
2020-06-15,45.9
2020-06-16,46.2
2020-06-17,49.0
2020-06-18,48.4
2020-06-19,43.2
2020-06-20,47.3
2020-06-21,48.6
2020-06-22,48.8
2020-06-23,47.5
2020-06-24,47.2
2020-06-25,47.2
2020-06-26,48.0
2020-06-27,47.4
2020-06-28,49.0
2020-06-29,50.4
2020-06-30,51.8
2020-07-01,53.3
2020-07-02,54.2
2020-07-03,52.7
2020-07-04,46.8
2020-07-05,47.0
2020-07-06,47.1
2020-07-07,49.0
2020-07-08,51.0
2020-07-09,53.0
2020-07-10,54.4
2020-07-11,56.3
2020-07-12,53.8
2020-07-13,50.1
2020-07-14,49.8
2020-07-15,48.3
2020-07-16,44.8
2020-07-17,41.2
2020-07-18,39.2
2020-07-19,38.7
2020-07-20,38.9
2020-07-21,39.5
2020-07-22,38.4
2020-07-23,36.5
2020-07-24,33.6
2020-07-25,29.1
2020-07-26,27.0
2020-07-27,23.8
2020-07-28,24.5
2020-07-29,28.2
2020-07-30,31.4
2020-07-31,30.5
2020-08-01,31.9
2020-08-02,31.4
2020-08-03,32.7
2020-08-04,35.4
2020-08-05,35.5
2020-08-06,37.9
2020-08-07,40.7
2020-08-08,42.8
2020-08-09,44.4
2020-08-10,45.9
2020-08-11,47.7
2020-08-12,49.1
2020-08-13,50.8
2020-08-14,51.3
2020-08-15,51.0
2020-08-16,50.0
2020-08-17,49.1
2020-08-18,48.9
2020-08-19,49.8
2020-08-20,49.1
2020-08-21,49.9
2020-08-22,50.2
2020-08-23,50.8
2020-08-24,51.0
2020-08-25,49.8
2020-08-26,47.0
2020-08-27,43.5
2020-08-28,40.6
2020-08-29,34.2
2020-08-30,36.4
2020-08-31,36.0
2020-09-01,35.2
2020-09-02,38.0
2020-09-03,39.9
2020-09-04,42.0
2020-09-05,43.6
2020-09-06,46.0
2020-09-07,47.4
2020-09-08,44.6
2020-09-09,28.5
2020-09-10,21.9
2020-09-11,19.7
2020-09-12,25.0
2020-09-13,27.5
2020-09-14,33.8
2020-09-15,34.4
2020-09-16,35.3
2020-09-17,35.1
2020-09-18,36.3
2020-09-19,37.2
2020-09-20,38.5
2020-09-21,39.3
2020-09-22,38.1
2020-09-23,39.4
2020-09-24,41.2
2020-09-25,42.9
2020-09-26,44.5
2020-09-27,44.8
2020-09-28,42.2
2020-09-29,45.1
2020-09-30,47.0
2020-10-01,46.4
2020-10-02,47.5
2020-10-03,47.8
2020-10-04,47.7
2020-10-05,49.6
2020-10-06,50.6
2020-10-07,51.6
2020-10-08,52.4
2020-10-09,52.9
2020-10-10,52.8
2020-10-11,51.8
2020-10-12,52.3
2020-10-13,53.9
2020-10-14,55.1
2020-10-15,54.2
2020-10-16,54.2
2020-10-17,54.8
2020-10-18,55.1
2020-10-19,55.8
2020-10-20,56.4
2020-10-21,56.0
2020-10-22,56.7
2020-10-23,53.9
2020-10-24,54.1
2020-10-25,51.9
2020-10-26,38.4
2020-10-27,29.9
2020-10-28,26.0
2020-10-29,24.0
2020-10-30,22.5
2020-10-31,30.9
2020-11-01,35.5
2020-11-02,34.9
2020-11-03,31.5
2020-11-04,30.6
2020-11-05,30.5
2020-11-06,33.0
2020-11-07,32.2
2020-11-08,23.7
2020-11-09,21.3
2020-11-10,16.9
2020-11-11,16.5
2020-11-12,18.6
2020-11-13,21.0
2020-11-14,20.4
2020-11-15,20.1
2020-11-16,20.6
2020-11-17,22.1
2020-11-18,23.8
2020-11-19,25.6
2020-11-20,25.0
2020-11-21,23.5
2020-11-22,25.4
2020-11-23,23.1
2020-11-24,21.5
2020-11-25,18.0
2020-11-26,14.6
2020-11-27,14.0
2020-11-28,13.6
2020-11-29,13.2
2020-11-30,12.5
2020-12-01,14.0
2020-12-02,11.8
2020-12-03,8.1
2020-12-04,9.8
2020-12-05,9.6
2020-12-06,9.7
2020-12-07,9.4
2020-12-08,12.0
2020-12-09,12.3
2020-12-10,12.0
2020-12-11,8.9
2020-12-12,5.6
2020-12-13,5.2
2020-12-14,4.8
2020-12-15,4.5
2020-12-16,4.2
2020-12-17,3.8
2020-12-18,3.6
2020-12-19,3.3
2020-12-20,3.1
2020-12-21,2.9
2020-12-22,2.7
2020-12-23,2.5
2020-12-24,2.4
2020-12-25,2.2
2020-12-26,2.1
2020-12-27,4.1
2020-12-28,4.0
2020-12-29,3.3
2020-12-30,2.0
2020-12-31,1.9
2021-01-01,1.8
2021-01-02,1.7
2021-01-03,1.7
2021-01-04,1.6
2021-01-05,1.5
2021-01-06,1.4
2021-01-07,1.4
2021-01-08,1.3
2021-01-09,1.3
2021-01-10,1.2
2021-01-11,1.2
2021-01-12,1.2
2021-01-13,1.1
2021-01-14,1.1
2021-01-15,3.1
2021-01-16,3.4
2021-01-17,3.9
2021-01-18,6.1
2021-01-19,4.2
2021-01-20,1.7
2021-01-21,1.6
2021-01-22,1.5
2021-01-23,1.4
2021-01-24,1.4
2021-01-25,1.3
2021-01-26,1.3
2021-01-27,1.2
2021-01-28,1.2
2021-01-29,1.2
2021-01-30,1.1
2021-01-31,1.1
2021-02-01,1.1
2021-02-02,1.0
2021-02-03,1.0
2021-02-04,2.9
2021-02-05,3.3
2021-02-06,3.6
2021-02-07,4.2
2021-02-08,4.4
2021-02-09,4.6
2021-02-10,4.6
2021-02-11,7.1
2021-02-12,7.3
2021-02-13,7.4
2021-02-14,6.4
2021-02-15,2.9
2021-02-16,2.6
2021-02-17,2.4
2021-02-18,2.3
2021-02-19,2.1
2021-02-20,2.1
2021-02-21,4.1
2021-02-22,4.5
2021-02-23,4.8
2021-02-24,7.2
2021-02-25,7.2
2021-02-26,7.5
2021-02-27,8.0
2021-02-28,8.0
2021-03-01,8.1
2021-03-02,5.9
2021-03-03,8.7
2021-03-04,8.1
2021-03-05,6.3
2021-03-06,8.4
2021-03-07,9.5
2021-03-08,9.5
2021-03-09,10.7
2021-03-10,8.0
2021-03-11,7.1
2021-03-12,9.8
2021-03-13,10.7
2021-03-14,7.2
2021-03-15,4.3
2021-03-16,6.0
2021-03-17,4.6
2021-03-18,3.6
2021-03-19,3.3
2021-03-20,8.5
2021-03-21,11.1
2021-03-22,9.9
2021-03-23,8.3
2021-03-24,5.1
2021-03-25,3.8
2021-03-26,3.5
2021-03-27,3.3
2021-03-28,3.0
2021-03-29,5.7
2021-03-30,10.6
2021-03-31,11.0
2021-04-01,12.8
2021-04-02,14.1
2021-04-03,15.6
2021-04-04,16.5
2021-04-05,17.9
2021-04-06,18.9
2021-04-07,19.4
2021-04-08,20.4
2021-04-09,21.3
2021-04-10,24.9
2021-04-11,26.5
2021-04-12,26.3
2021-04-13,24.0
2021-04-14,21.6
2021-04-15,20.6
2021-04-16,19.1
2021-04-17,16.6
2021-04-18,12.3
2021-04-19,10.4
2021-04-20,12.1
2021-04-21,14.9
2021-04-22,15.1
2021-04-23,14.2
2021-04-24,16.6
2021-04-25,22.2
2021-04-26,27.0
2021-04-27,25.7
2021-04-28,23.5
2021-04-29,22.5
2021-04-30,29.6
2021-05-01,32.2
2021-05-02,33.8
2021-05-03,27.3
2021-05-04,19.0
2021-05-05,24.5
2021-05-06,29.0
2021-05-07,32.4
2021-05-08,33.1
2021-05-09,32.6
2021-05-10,31.4
2021-05-11,30.8
2021-05-12,34.1
2021-05-13,36.0
2021-05-14,38.2
2021-05-15,37.9
2021-05-16,37.0
2021-05-17,32.7
2021-05-18,25.5
2021-05-19,28.2
2021-05-20,29.4
2021-05-21,32.3
2021-05-22,31.5
2021-05-23,30.8
2021-05-24,33.3
2021-05-25,34.7
2021-05-26,34.5
2021-05-27,36.9
2021-05-28,38.0
2021-05-29,39.7
2021-05-30,36.4
2021-05-31,29.3
2021-06-01,31.8
2021-06-02,32.2
2021-06-03,32.8
2021-06-04,34.7
2021-06-05,35.5
2021-06-06,34.1
2021-06-07,36.6
2021-06-08,40.3
2021-06-09,43.0
2021-06-10,45.4
2021-06-11,46.8
2021-06-12,48.1
2021-06-13,48.5
2021-06-14,49.5
2021-06-15,49.8
2021-06-16,50.8
2021-06-17,50.5
2021-06-18,50.3
2021-06-19,46.2
2021-06-20,48.7
2021-06-21,45.6
2021-06-22,46.9
2021-06-23,47.8
2021-06-24,44.5
2021-06-25,40.6
2021-06-26,38.1
2021-06-27,34.9
2021-06-28,34.3
2021-06-29,32.7
2021-06-30,32.9
2021-07-01,32.2
2021-07-02,29.5
2021-07-03,31.9
2021-07-04,33.9
2021-07-05,33.0
2021-07-06,30.6
2021-07-07,32.9
2021-07-08,34.6
2021-07-09,37.2
2021-07-10,39.3
2021-07-11,38.1
2021-07-12,37.9
2021-07-13,37.5
2021-07-14,30.5
2021-07-15,33.4
2021-07-16,31.9
2021-07-17,33.4
2021-07-18,34.1
2021-07-19,34.8
2021-07-20,35.7
2021-07-21,35.4
2021-07-22,31.9
2021-07-23,29.7
2021-07-24,26.3
2021-07-25,27.0
2021-07-26,28.0
2021-07-27,30.0
2021-07-28,31.3
2021-07-29,33.0
2021-07-30,33.8
2021-07-31,31.1
2021-08-01,25.0
2021-08-02,23.7
2021-08-03,21.5
2021-08-04,25.4
2021-08-05,27.4
2021-08-06,29.9
2021-08-07,33.5
2021-08-08,35.9
2021-08-09,38.7
2021-08-10,40.8
2021-08-11,42.0
2021-08-12,42.7
2021-08-13,41.1
2021-08-14,41.3
2021-08-15,39.7
2021-08-16,37.8
2021-08-17,38.8
2021-08-18,39.5
2021-08-19,36.9
2021-08-20,37.9
2021-08-21,37.9
2021-08-22,40.5
2021-08-23,41.7
2021-08-24,44.1
2021-08-25,46.3
2021-08-26,43.8
2021-08-27,42.7
2021-08-28,43.7
2021-08-29,42.6
2021-08-30,42.7
2021-08-31,43.5
2021-09-01,41.4
2021-09-02,34.0
2021-09-03,33.1
2021-09-04,33.8
2021-09-05,35.5
2021-09-06,37.4
2021-09-07,39.9
2021-09-08,41.0
2021-09-09,43.6
2021-09-10,45.4
2021-09-11,46.6
2021-09-12,46.1
2021-09-13,46.4
2021-09-14,46.5
2021-09-15,46.8
2021-09-16,48.1
2021-09-17,49.4
2021-09-18,48.7
2021-09-19,45.5
2021-09-20,45.7
2021-09-21,45.6
2021-09-22,47.2
2021-09-23,48.5
2021-09-24,47.8
2021-09-25,48.4
2021-09-26,47.4
2021-09-27,46.2
2021-09-28,40.4
2021-09-29,38.0
2021-09-30,33.2
2021-10-01,27.5
2021-10-02,27.9
2021-10-03,30.3
2021-10-04,31.3
2021-10-05,32.1
2021-10-06,31.1
2021-10-07,32.1
2021-10-08,33.0
2021-10-09,30.1
2021-10-10,31.8
2021-10-11,33.4
2021-10-12,32.0
2021-10-13,26.1
2021-10-14,26.9
2021-10-15,26.2
2021-10-16,28.8
2021-10-17,29.9
2021-10-18,32.5
2021-10-19,32.3
2021-10-20,32.4
2021-10-21,34.6
2021-10-22,35.0
2021-10-23,33.5
2021-10-24,34.6
2021-10-25,36.8
2021-10-26,35.5
2021-10-27,33.4
2021-10-28,32.9
2021-10-29,36.4
2021-10-30,38.1
2021-10-31,36.6
2021-11-01,36.9
2021-11-02,34.2
2021-11-03,35.4
2021-11-04,35.8
2021-11-05,38.5
2021-11-06,38.5
2021-11-07,40.3
2021-11-08,41.0
2021-11-09,40.7
2021-11-10,37.7
2021-11-11,39.4
2021-11-12,40.4
2021-11-13,38.4
2021-11-14,36.9
2021-11-15,40.1
2021-11-16,41.2
2021-11-17,41.2
2021-11-18,42.0
2021-11-19,42.5
2021-11-20,41.6
2021-11-21,40.9
2021-11-22,43.5
2021-11-23,43.6
2021-11-24,38.5
2021-11-25,36.0
2021-11-26,30.6
2021-11-27,34.9
2021-11-28,34.6
2021-11-29,33.4
2021-11-30,36.6
2021-12-01,37.7
2021-12-02,36.3
2021-12-03,36.3
2021-12-04,35.3
2021-12-05,34.1
2021-12-06,36.9
2021-12-07,34.9
2021-12-08,32.4
2021-12-09,28.4
2021-12-10,24.6
2021-12-11,23.0
2021-12-12,23.0
2021-12-13,26.4
2021-12-14,25.5
2021-12-15,22.7
2021-12-16,21.8
2021-12-17,17.1
2021-12-18,16.4
2021-12-19,16.1
2021-12-20,18.3
2021-12-21,21.5
2021-12-22,21.8
2021-12-23,21.1
2021-12-24,15.8
2021-12-25,15.2
2021-12-26,13.5
2021-12-27,13.3
2021-12-28,11.7
2021-12-29,11.5
2021-12-30,11.5
2021-12-31,11.1
2022-01-01,10.5
2022-01-02,10.0
2022-01-03,7.2
2022-01-04,6.6
2022-01-05,6.1
2022-01-06,5.6
2022-01-07,8.0
2022-01-08,9.8
2022-01-09,8.8
2022-01-10,7.6
2022-01-11,7.1
2022-01-12,7.0
2022-01-13,7.0
2022-01-14,8.9
2022-01-15,8.8
2022-01-16,9.6
2022-01-17,10.1
2022-01-18,12.8
2022-01-19,12.7
2022-01-20,13.1
2022-01-21,12.6
2022-01-22,8.3
2022-01-23,4.9
2022-01-24,4.5
2022-01-25,4.2
2022-01-26,3.9
2022-01-27,3.6
2022-01-28,3.4
2022-01-29,3.1
2022-01-30,2.9
2022-01-31,2.7
2022-02-01,4.3
2022-02-02,3.6
2022-02-03,2.3
2022-02-04,2.2
2022-02-05,2.1
2022-02-06,1.9
2022-02-07,1.8
2022-02-08,1.7
2022-02-09,1.7
2022-02-10,3.8
2022-02-11,4.4
2022-02-12,3.2
2022-02-13,4.2
2022-02-14,4.6
2022-02-15,5.0
2022-02-16,7.2
2022-02-17,5.3
2022-02-18,2.3
2022-02-19,2.1
2022-02-20,4.4
2022-02-21,7.1
2022-02-22,5.9
2022-02-23,4.2
2022-02-24,2.3
2022-02-25,2.1
2022-02-26,2.0
2022-02-27,1.9
2022-02-28,1.8
2022-03-01,1.7
2022-03-02,6.9
2022-03-03,8.0
2022-03-04,8.1
2022-03-05,7.1
2022-03-06,5.0
2022-03-07,4.2
2022-03-08,2.8
2022-03-09,2.5
2022-03-10,2.4
2022-03-11,2.3
2022-03-12,2.2
2022-03-13,2.1
2022-03-14,4.4
2022-03-15,7.4
2022-03-16,7.8
2022-03-17,6.7
2022-03-18,5.0
2022-03-19,5.5
2022-03-20,8.6
2022-03-21,8.1
2022-03-22,6.7
2022-03-23,3.3
2022-03-24,5.7
2022-03-25,9.0
2022-03-26,10.1
2022-03-27,14.2
2022-03-28,15.6
2022-03-29,14.2
2022-03-30,11.3
2022-03-31,11.9
2022-04-01,14.5
2022-04-02,16.1
2022-04-03,15.5
2022-04-04,14.4
2022-04-05,16.8
2022-04-06,20.5
2022-04-07,24.4
2022-04-08,25.9
2022-04-09,28.1
2022-04-10,28.4
2022-04-11,29.0
2022-04-12,27.5
2022-04-13,24.7
2022-04-14,25.0
2022-04-15,29.3
2022-04-16,30.9
2022-04-17,31.6
2022-04-18,33.9
2022-04-19,35.3
2022-04-20,37.6
2022-04-21,38.6
2022-04-22,40.0
2022-04-23,36.0
2022-04-24,35.3
2022-04-25,29.6
2022-04-26,27.3
2022-04-27,30.8
2022-04-28,36.8
2022-04-29,37.7
2022-04-30,39.6
2022-05-01,40.5
2022-05-02,39.4
2022-05-03,41.3
2022-05-04,39.7
2022-05-05,41.5
2022-05-06,44.1
2022-05-07,45.8
2022-05-08,46.7
2022-05-09,47.6
2022-05-10,49.4
2022-05-11,51.0
2022-05-12,51.5
2022-05-13,52.7
2022-05-14,53.3
2022-05-15,54.1
2022-05-16,52.8
2022-05-17,54.8
2022-05-18,53.4
2022-05-19,54.5
2022-05-20,54.1
2022-05-21,44.8
2022-05-22,39.5
2022-05-23,36.7
2022-05-24,29.7
2022-05-25,26.9
2022-05-26,37.0
2022-05-27,36.5
2022-05-28,40.9
2022-05-29,40.7
2022-05-30,37.7
2022-05-31,39.7
2022-06-01,37.6
2022-06-02,39.6
2022-06-03,40.0
2022-06-04,41.9
2022-06-05,43.0
2022-06-06,43.8
2022-06-07,44.2
2022-06-08,45.4
2022-06-09,44.4
2022-06-10,47.5
2022-06-11,49.4
2022-06-12,49.5
2022-06-13,52.1
2022-06-14,52.9
2022-06-15,55.2
2022-06-16,56.3
2022-06-17,54.3
2022-06-18,47.5
2022-06-19,37.1
2022-06-20,42.1
2022-06-21,42.1
2022-06-22,39.2
2022-06-23,36.1
2022-06-24,37.9
2022-06-25,37.3
2022-06-26,27.0
2022-06-27,30.0
2022-06-28,30.1
2022-06-29,32.3
2022-06-30,32.3
2022-07-01,25.6
2022-07-02,28.8
2022-07-03,26.2
2022-07-04,28.3
2022-07-05,27.7
2022-07-06,25.0
2022-07-07,29.8
2022-07-08,31.9
2022-07-09,34.3
2022-07-10,35.6
2022-07-11,34.6
2022-07-12,32.5
2022-07-13,35.0
2022-07-14,35.3
2022-07-15,35.4
2022-07-16,36.7
2022-07-17,36.0
2022-07-18,37.9
2022-07-19,38.8
2022-07-20,37.1
2022-07-21,39.6
2022-07-22,39.5
2022-07-23,40.5
2022-07-24,36.3
2022-07-25,30.8
2022-07-26,29.5
2022-07-27,27.7
2022-07-28,22.6
2022-07-29,20.2
2022-07-30,21.7
2022-07-31,21.6
2022-08-01,22.7
2022-08-02,24.3
2022-08-03,25.0
2022-08-04,25.5
2022-08-05,27.3
2022-08-06,28.4
2022-08-07,28.1
2022-08-08,27.9
2022-08-09,28.8
2022-08-10,30.9
2022-08-11,32.7
2022-08-12,33.3
2022-08-13,34.2
2022-08-14,35.6
2022-08-15,35.1
2022-08-16,26.8
2022-08-17,25.8
2022-08-18,28.9
2022-08-19,28.2
2022-08-20,21.7
2022-08-21,22.9
2022-08-22,20.9
2022-08-23,23.6
2022-08-24,24.4
2022-08-25,25.1
2022-08-26,20.1
2022-08-27,23.4
2022-08-28,24.6
2022-08-29,26.7
2022-08-30,28.3
2022-08-31,29.7
2022-09-01,31.6
2022-09-02,34.1
2022-09-03,33.4
2022-09-04,35.3
2022-09-05,37.6
2022-09-06,39.7
2022-09-07,41.1
2022-09-08,42.8
2022-09-09,42.6
2022-09-10,36.6
2022-09-11,38.2
2022-09-12,39.7
2022-09-13,38.5
2022-09-14,32.2
2022-09-15,34.3
2022-09-16,35.3
2022-09-17,37.0
2022-09-18,38.6
2022-09-19,38.9
2022-09-20,39.6
2022-09-21,32.6
2022-09-22,23.7
2022-09-23,29.3
2022-09-24,29.8
2022-09-25,30.9
2022-09-26,30.8
2022-09-27,30.3
2022-09-28,30.1
2022-09-29,31.2
2022-09-30,32.1
2022-10-01,30.2
2022-10-02,23.7
2022-10-03,24.5
2022-10-04,25.9
2022-10-05,22.2
2022-10-06,24.3
2022-10-07,24.6
2022-10-08,24.5
2022-10-09,25.6
2022-10-10,26.6
2022-10-11,28.2
2022-10-12,30.9
2022-10-13,32.2
2022-10-14,33.8
2022-10-15,35.3
2022-10-16,31.5
2022-10-17,32.8
2022-10-18,34.1
2022-10-19,36.7
2022-10-20,37.9
2022-10-21,38.5
2022-10-22,38.3
2022-10-23,34.6
2022-10-24,29.7
2022-10-25,27.6
2022-10-26,28.8
2022-10-27,28.5
2022-10-28,25.4
2022-10-29,21.7
2022-10-30,24.3
2022-10-31,27.7
2022-11-01,28.7
2022-11-02,29.3
2022-11-03,26.8
2022-11-04,20.9
2022-11-05,15.7
2022-11-06,21.4
2022-11-07,24.1
2022-11-08,26.3
2022-11-09,27.4
2022-11-10,24.4
2022-11-11,24.0
2022-11-12,25.6
2022-11-13,26.1
2022-11-14,21.4
2022-11-15,15.9
2022-11-16,15.4
2022-11-17,14.9
2022-11-18,13.7
2022-11-19,13.6
2022-11-20,12.3
2022-11-21,11.5
2022-11-22,14.1
2022-11-23,16.6
2022-11-24,15.3
2022-11-25,13.7
2022-11-26,16.6
2022-11-27,14.1
2022-11-28,12.1
2022-11-29,12.0
2022-11-30,11.9
2022-12-01,11.2
2022-12-02,13.2
2022-12-03,12.7
2022-12-04,8.8
2022-12-05,10.8
2022-12-06,11.2
2022-12-07,11.1
2022-12-08,10.4
2022-12-09,11.2
2022-12-10,13.9
2022-12-11,15.0
2022-12-12,14.7
2022-12-13,13.7
2022-12-14,12.0
2022-12-15,11.7
2022-12-16,9.6
2022-12-17,9.6
2022-12-18,9.4
2022-12-19,13.5
2022-12-20,13.9
2022-12-21,14.2
2022-12-22,12.7
2022-12-23,9.5
2022-12-24,13.2
2022-12-25,14.2
2022-12-26,14.7
2022-12-27,15.6
2022-12-28,15.1
2022-12-29,14.2
2022-12-30,12.5
2022-12-31,12.0
2023-01-01,10.2
2023-01-02,7.9
2023-01-03,6.5
2023-01-04,6.0
2023-01-05,5.6
2023-01-06,5.2
2023-01-07,4.8
2023-01-08,4.4
2023-01-09,4.0
2023-01-10,3.7
2023-01-11,5.7
2023-01-12,5.9
2023-01-13,6.1
2023-01-14,6.3
2023-01-15,6.0
2023-01-16,6.1
2023-01-17,5.6
2023-01-18,5.2
2023-01-19,3.3
2023-01-20,3.1
2023-01-21,2.9
2023-01-22,2.8
2023-01-23,2.6
2023-01-24,2.4
2023-01-25,2.3
2023-01-26,2.1
2023-01-27,2.0
2023-01-28,1.9
2023-01-29,1.8
2023-01-30,1.7
2023-01-31,1.6
2023-02-01,1.5
2023-02-02,1.5
2023-02-03,1.4
2023-02-04,1.4
2023-02-05,1.3
2023-02-06,5.6
2023-02-07,6.3
2023-02-08,6.7
2023-02-09,5.9
2023-02-10,4.7
2023-02-11,4.2
2023-02-12,4.2
2023-02-13,4.5
2023-02-14,3.5
2023-02-15,3.5
2023-02-16,3.2
2023-02-17,1.9
2023-02-18,1.8
2023-02-19,1.7
2023-02-20,1.6
2023-02-21,1.6
2023-02-22,3.3
2023-02-23,2.9
2023-02-24,1.5
2023-02-25,1.5
2023-02-26,3.5
2023-02-27,4.1
2023-02-28,4.2
2023-03-01,4.3
2023-03-02,4.6
2023-03-03,4.9
2023-03-04,5.2
2023-03-05,5.6
2023-03-06,6.1
2023-03-07,6.5
2023-03-08,8.8
2023-03-09,9.6
2023-03-10,9.3
2023-03-11,6.8
2023-03-12,6.1
2023-03-13,6.3
2023-03-14,6.7
2023-03-15,6.8
2023-03-16,7.9
2023-03-17,6.5
2023-03-18,3.8
2023-03-19,3.5
2023-03-20,3.3
2023-03-21,3.1
2023-03-22,2.9
2023-03-23,5.2
2023-03-24,5.3
2023-03-25,5.4
2023-03-26,5.5
2023-03-27,5.5
2023-03-28,6.0
2023-03-29,6.2
2023-03-30,8.8
2023-03-31,8.2
2023-04-01,7.0
2023-04-02,12.6
2023-04-03,14.0
2023-04-04,13.6
2023-04-05,12.5
2023-04-06,11.3
2023-04-07,12.1
2023-04-08,17.3
2023-04-09,19.6
2023-04-10,22.0
2023-04-11,24.2
2023-04-12,25.4
2023-04-13,25.4
2023-04-14,24.3
2023-04-15,20.3
2023-04-16,24.1
2023-04-17,26.1
2023-04-18,27.5
2023-04-19,27.6
2023-04-20,27.9
2023-04-21,26.4
2023-04-22,24.1
2023-04-23,22.4
2023-04-24,24.9
2023-04-25,20.5
2023-04-26,16.9
2023-04-27,18.6
2023-04-28,20.6
2023-04-29,22.3
2023-04-30,28.8
2023-05-01,30.7
2023-05-02,30.4
2023-05-03,31.9
2023-05-04,32.5
2023-05-05,34.5
2023-05-06,36.4
2023-05-07,36.9
2023-05-08,38.5
2023-05-09,41.2
2023-05-10,41.1
2023-05-11,31.9
2023-05-12,29.2
2023-05-13,29.7
2023-05-14,27.1
2023-05-15,27.8
2023-05-16,29.0
2023-05-17,28.7
2023-05-18,25.8
2023-05-19,22.0
2023-05-20,20.1
2023-05-21,22.6
2023-05-22,23.7
2023-05-23,24.9
2023-05-24,25.0
2023-05-25,27.2
2023-05-26,27.5
2023-05-27,29.1
2023-05-28,31.8
2023-05-29,33.6
2023-05-30,35.4
2023-05-31,34.7
2023-06-01,31.3
2023-06-02,30.2
2023-06-03,31.3
2023-06-04,30.7
2023-06-05,29.4
2023-06-06,29.5
2023-06-07,28.8
2023-06-08,30.2
2023-06-09,31.6
2023-06-10,33.3
2023-06-11,32.4
2023-06-12,29.5
2023-06-13,31.5
2023-06-14,32.7
2023-06-15,32.8
2023-06-16,33.0
2023-06-17,31.9
2023-06-18,36.5
2023-06-19,40.6
2023-06-20,42.9
2023-06-21,45.0
2023-06-22,43.8
2023-06-23,45.0
2023-06-24,47.3
2023-06-25,48.1
2023-06-26,48.6
2023-06-27,48.7
2023-06-28,51.2
2023-06-29,51.4
2023-06-30,49.4
2023-07-01,48.9
2023-07-02,47.6
2023-07-03,49.5
2023-07-04,50.8
2023-07-05,48.6
2023-07-06,48.1
2023-07-07,47.6
2023-07-08,45.8
2023-07-09,45.8
2023-07-10,44.9
2023-07-11,46.3
2023-07-12,47.8
2023-07-13,48.8
2023-07-14,47.9
2023-07-15,46.3
2023-07-16,47.4
2023-07-17,49.2
2023-07-18,50.7
2023-07-19,50.3
2023-07-20,47.5
2023-07-21,46.9
2023-07-22,44.9
2023-07-23,46.2
2023-07-24,47.4
2023-07-25,48.5
2023-07-26,49.5
2023-07-27,48.0
2023-07-28,47.9
2023-07-29,47.5
2023-07-30,45.3
2023-07-31,44.1
2023-08-01,39.3
2023-08-02,37.9
2023-08-03,37.2
2023-08-04,39.3
2023-08-05,41.3
2023-08-06,40.5
2023-08-07,41.4
2023-08-08,41.1
2023-08-09,42.4
2023-08-10,41.9
2023-08-11,40.8
2023-08-12,35.4
2023-08-13,35.4
2023-08-14,32.4
2023-08-15,34.5
2023-08-16,34.1
2023-08-17,33.8
2023-08-18,35.1
2023-08-19,38.3
2023-08-20,41.4
2023-08-21,42.2
2023-08-22,42.9
2023-08-23,42.3
2023-08-24,41.6
2023-08-25,34.4
2023-08-26,29.0
2023-08-27,28.7
2023-08-28,29.9
2023-08-29,29.9
2023-08-30,31.6
2023-08-31,35.0
2023-09-01,37.2
2023-09-02,38.5
2023-09-03,38.6
2023-09-04,39.8
2023-09-05,41.1
2023-09-06,42.5
2023-09-07,45.0
2023-09-08,46.6
2023-09-09,47.6
2023-09-10,46.2
2023-09-11,36.1
2023-09-12,31.7
2023-09-13,30.6
2023-09-14,28.3
2023-09-15,21.4
2023-09-16,25.7
2023-09-17,27.0
2023-09-18,26.6
2023-09-19,24.8
2023-09-20,27.1
2023-09-21,28.8
2023-09-22,32.9
2023-09-23,34.0
2023-09-24,34.0
2023-09-25,35.1
2023-09-26,36.3
2023-09-27,38.2
2023-09-28,40.0
2023-09-29,41.4
2023-09-30,40.9
2023-10-01,38.3
2023-10-02,34.3
2023-10-03,31.5
2023-10-04,34.0
2023-10-05,35.2
2023-10-06,34.8
2023-10-07,35.1
2023-10-08,36.6
2023-10-09,37.8
2023-10-10,37.4
2023-10-11,36.0
2023-10-12,34.9
2023-10-13,36.9
2023-10-14,38.2
2023-10-15,39.7
2023-10-16,40.8
2023-10-17,42.0
2023-10-18,42.8
2023-10-19,43.6
2023-10-20,45.3
2023-10-21,46.3
2023-10-22,46.3
2023-10-23,46.1
2023-10-24,44.1
2023-10-25,44.2
2023-10-26,44.2
2023-10-27,43.9
2023-10-28,41.6
2023-10-29,32.9
2023-10-30,28.8
2023-10-31,28.0
2023-11-01,29.3
2023-11-02,33.4
2023-11-03,36.3
2023-11-04,36.9
2023-11-05,38.4
2023-11-06,39.5
2023-11-07,40.0
2023-11-08,39.3
2023-11-09,32.5
2023-11-10,28.5
2023-11-11,29.0
2023-11-12,30.1
2023-11-13,33.5
2023-11-14,36.5
2023-11-15,37.3
2023-11-16,36.8
2023-11-17,36.4
2023-11-18,35.0
2023-11-19,31.6
2023-11-20,31.4
2023-11-21,31.9
2023-11-22,33.0
2023-11-23,32.6
2023-11-24,28.2
2023-11-25,23.0
2023-11-26,17.3
2023-11-27,15.8
2023-11-28,14.6
2023-11-29,13.4
2023-11-30,12.1
2023-12-01,13.0
2023-12-02,12.7
2023-12-03,12.3
2023-12-04,11.7
2023-12-05,11.4
2023-12-06,11.1
2023-12-07,11.0
2023-12-08,12.2
2023-12-09,11.1
2023-12-10,8.3
2023-12-11,8.8
2023-12-12,8.1
2023-12-13,5.9
2023-12-14,5.5
2023-12-15,5.1
2023-12-16,4.7
2023-12-17,4.3
2023-12-18,4.0
2023-12-19,3.7
2023-12-20,3.4
2023-12-21,3.2
2023-12-22,3.0
2023-12-23,2.8
2023-12-24,2.6
2023-12-25,2.5
2023-12-26,2.3
2023-12-27,2.2
2023-12-28,2.1
2023-12-29,2.0
2023-12-30,1.9
2023-12-31,1.8
2024-01-01,1.7
2024-01-02,1.6
2024-01-03,1.6
2024-01-04,1.5
2024-01-05,1.4
2024-01-06,1.4
2024-01-07,1.3
2024-01-08,1.3
2024-01-09,1.2
2024-01-10,1.2
2024-01-11,1.2
2024-01-12,1.1
2024-01-13,1.1
2024-01-14,3.0
2024-01-15,3.5
2024-01-16,3.8
2024-01-17,3.9
2024-01-18,4.1
2024-01-19,4.2
2024-01-20,4.2
2024-01-21,3.8
2024-01-22,4.1
2024-01-23,4.4
2024-01-24,4.7
2024-01-25,4.5
2024-01-26,4.4
2024-01-27,4.0
2024-01-28,2.6
2024-01-29,4.9
2024-01-30,5.2
2024-01-31,5.2
2024-02-01,5.4
2024-02-02,4.9
2024-02-03,3.3
2024-02-04,2.6
2024-02-05,2.5
2024-02-06,2.3
2024-02-07,2.2
2024-02-08,2.1
2024-02-09,2.0
2024-02-10,1.9
2024-02-11,1.8
2024-02-12,1.7
2024-02-13,1.6
2024-02-14,1.5
2024-02-15,1.4
2024-02-16,3.5
2024-02-17,4.0
2024-02-18,4.2
2024-02-19,4.6
2024-02-20,4.9
2024-02-21,5.3
2024-02-22,5.3
2024-02-23,5.6
2024-02-24,6.0
2024-02-25,6.2
2024-02-26,6.2
2024-02-27,5.5
2024-02-28,5.7
2024-02-29,6.3
2024-03-01,6.8
2024-03-02,7.2
2024-03-03,8.3
2024-03-04,8.7
2024-03-05,7.7
2024-03-06,7.9
2024-03-07,7.8
2024-03-08,6.1
2024-03-09,4.2
2024-03-10,3.7
2024-03-11,6.3
2024-03-12,8.9
2024-03-13,10.6
2024-03-14,7.8
2024-03-15,4.7
2024-03-16,3.8
2024-03-17,3.6
2024-03-18,3.3
2024-03-19,3.0
2024-03-20,2.8
2024-03-21,2.6
2024-03-22,5.2
2024-03-23,5.6
2024-03-24,6.7
2024-03-25,5.0
2024-03-26,2.9
2024-03-27,2.7
2024-03-28,2.5
2024-03-29,4.7
2024-03-30,10.5
2024-03-31,11.6
2024-04-01,10.4
2024-04-02,8.5
2024-04-03,10.2
2024-04-04,14.1
2024-04-05,18.3
2024-04-06,17.5
2024-04-07,16.3
2024-04-08,14.9
2024-04-09,15.9
2024-04-10,19.7
2024-04-11,21.5
2024-04-12,23.4
2024-04-13,24.7
2024-04-14,26.7
2024-04-15,27.1
2024-04-16,26.5
2024-04-17,28.0
2024-04-18,28.6
2024-04-19,31.1
2024-04-20,29.7
2024-04-21,32.6
2024-04-22,35.3
2024-04-23,35.7
2024-04-24,37.4
2024-04-25,38.5
2024-04-26,35.8
2024-04-27,28.7
2024-04-28,22.8
2024-04-29,24.1
2024-04-30,27.8
2024-05-01,33.1
2024-05-02,33.5
2024-05-03,35.7
2024-05-04,33.9
2024-05-05,33.4
2024-05-06,33.0
2024-05-07,33.2
2024-05-08,29.5
2024-05-09,32.6
2024-05-10,20.8
2024-05-11,16.4
2024-05-12,14.9
2024-05-13,19.6
2024-05-14,24.2
2024-05-15,26.7
2024-05-16,25.6
2024-05-17,29.3
2024-05-18,30.6
2024-05-19,32.8
2024-05-20,35.1
2024-05-21,31.1
2024-05-22,35.1
2024-05-23,37.9
2024-05-24,37.7
2024-05-25,38.7
2024-05-26,39.7
2024-05-27,41.4
2024-05-28,42.4
2024-05-29,41.3
2024-05-30,43.9
2024-05-31,44.4
2024-06-01,45.1
2024-06-02,47.6
2024-06-03,47.9
2024-06-04,47.4
2024-06-05,49.7
2024-06-06,50.5
2024-06-07,49.7
2024-06-08,50.4
2024-06-09,45.0
2024-06-10,40.5
2024-06-11,39.1
2024-06-12,41.8
2024-06-13,44.0
2024-06-14,41.3
2024-06-15,40.0
2024-06-16,43.7
2024-06-17,46.1
2024-06-18,47.1
2024-06-19,44.6
2024-06-20,40.3
2024-06-21,35.0
2024-06-22,34.0
2024-06-23,35.6
2024-06-24,35.9
2024-06-25,37.9
2024-06-26,38.6
2024-06-27,33.7
2024-06-28,36.3
2024-06-29,36.0
2024-06-30,30.9
2024-07-01,28.0
2024-07-02,30.5
2024-07-03,32.3
2024-07-04,35.7
2024-07-05,37.0
2024-07-06,38.3
2024-07-07,40.8
2024-07-08,37.8
2024-07-09,38.3
2024-07-10,39.0
2024-07-11,40.7
2024-07-12,42.9
2024-07-13,44.4
2024-07-14,45.2
2024-07-15,44.5
2024-07-16,41.2
2024-07-17,40.2
2024-07-18,38.4
2024-07-19,36.8
2024-07-20,35.6
2024-07-21,29.3
2024-07-22,32.5
2024-07-23,34.1
2024-07-24,34.7
2024-07-25,36.1
2024-07-26,34.4
2024-07-27,32.3
2024-07-28,36.7
2024-07-29,38.6
2024-07-30,41.5
2024-07-31,44.6
2024-08-01,45.3
2024-08-02,44.4
2024-08-03,45.2
2024-08-04,45.9
2024-08-05,44.2
2024-08-06,38.0
2024-08-07,36.1
2024-08-08,32.4
2024-08-09,26.2
2024-08-10,25.8
2024-08-11,24.6
2024-08-12,26.2
2024-08-13,24.8
2024-08-14,27.0
2024-08-15,29.8
2024-08-16,33.2
2024-08-17,34.9
2024-08-18,35.0
2024-08-19,34.6
2024-08-20,35.8
2024-08-21,32.3
2024-08-22,30.7
2024-08-23,30.9
2024-08-24,27.8
2024-08-25,29.4
2024-08-26,25.2
2024-08-27,28.2
2024-08-28,28.3
2024-08-29,30.2
2024-08-30,30.5
2024-08-31,32.7
2024-09-01,34.5
2024-09-02,36.7
2024-09-03,37.4
2024-09-04,38.8
2024-09-05,32.9
2024-09-06,34.1
2024-09-07,33.9
2024-09-08,33.5
2024-09-09,35.1
2024-09-10,35.4
2024-09-11,33.8
2024-09-12,35.6
2024-09-13,38.0
2024-09-14,39.5
2024-09-15,39.5
2024-09-16,34.8
2024-09-17,28.6
2024-09-18,34.4
2024-09-19,36.0
2024-09-20,37.7
2024-09-21,35.2
2024-09-22,27.2
2024-09-23,31.8
2024-09-24,32.9
2024-09-25,34.0
2024-09-26,35.2
2024-09-27,36.2
2024-09-28,35.4
2024-09-29,37.0
2024-09-30,38.9
2024-10-01,39.8
2024-10-02,41.7
2024-10-03,43.0
2024-10-04,43.3
2024-10-05,44.9
2024-10-06,45.2
2024-10-07,45.7
2024-10-08,46.0
2024-10-09,45.1
2024-10-10,45.8
2024-10-11,46.8
2024-10-12,47.2
2024-10-13,47.2
2024-10-14,46.3
2024-10-15,45.5
2024-10-16,42.6
2024-10-17,36.2
2024-10-18,34.8
2024-10-19,24.2
2024-10-20,23.3
2024-10-21,28.6
2024-10-22,28.9
2024-10-23,29.4
2024-10-24,30.5
2024-10-25,32.7
2024-10-26,33.5
2024-10-27,34.4
2024-10-28,35.9
2024-10-29,31.7
2024-10-30,29.6
2024-10-31,30.5
2024-11-01,32.0
2024-11-02,32.4
2024-11-03,31.3
2024-11-04,24.3
2024-11-05,17.5
2024-11-06,15.3
2024-11-07,14.0
2024-11-08,13.1
2024-11-09,12.0
2024-11-10,10.9
2024-11-11,9.8
2024-11-12,8.9
2024-11-13,8.1
2024-11-14,7.3
2024-11-15,6.7
2024-11-16,8.7
2024-11-17,8.5
2024-11-18,8.5
2024-11-19,8.3
2024-11-20,8.3
2024-11-21,8.3
2024-11-22,8.1
2024-11-23,10.9
2024-11-24,10.9
2024-11-25,12.3
2024-11-26,10.3
2024-11-27,9.1
2024-11-28,9.0
2024-11-29,8.1
2024-11-30,10.5
2024-12-01,11.2
2024-12-02,11.3
2024-12-03,11.2
2024-12-04,11.6
2024-12-05,11.6
2024-12-06,11.9
2024-12-07,12.2
2024-12-08,12.6
2024-12-09,12.4
2024-12-10,9.9
2024-12-11,6.3
2024-12-12,5.7
2024-12-13,5.2
2024-12-14,9.2
2024-12-15,10.1
2024-12-16,13.2
2024-12-17,13.7
2024-12-18,10.9
2024-12-19,11.5
2024-12-20,11.8
2024-12-21,12.1
2024-12-22,12.2
2024-12-23,12.2
2024-12-24,13.7
2024-12-25,13.9
2024-12-26,13.4
2024-12-27,13.3
2024-12-28,11.7
2024-12-29,12.4
2024-12-30,14.3
2024-12-31,13.7
