date,erc
2005-01-01,0.3
2005-01-02,1.4
2005-01-03,2.6
2005-01-04,1.2
2005-01-05,0.0
2005-01-06,0.0
2005-01-07,0.0
2005-01-08,0.0
2005-01-09,4.4
2005-01-10,9.5
2005-01-11,11.9
2005-01-12,13.1
2005-01-13,9.2
2005-01-14,1.7
2005-01-15,1.6
2005-01-16,7.2
2005-01-17,12.3
2005-01-18,12.4
2005-01-19,15.6
2005-01-20,17.5
2005-01-21,19.0
2005-01-22,18.9
2005-01-23,22.6
2005-01-24,24.5
2005-01-25,24.3
2005-01-26,24.1
2005-01-27,21.5
2005-01-28,23.1
2005-01-29,23.9
2005-01-30,17.8
2005-01-31,10.3
2005-02-01,9.0
2005-02-02,8.2
2005-02-03,7.6
2005-02-04,7.0
2005-02-05,6.5
2005-02-06,5.9
2005-02-07,5.3
2005-02-08,4.9
2005-02-09,4.5
2005-02-10,4.1
2005-02-11,3.8
2005-02-12,3.5
2005-02-13,14.3
2005-02-14,17.9
2005-02-15,19.0
2005-02-16,13.4
2005-02-17,5.1
2005-02-18,10.0
2005-02-19,11.3
2005-02-20,16.3
2005-02-21,18.9
2005-02-22,19.2
2005-02-23,13.4
2005-02-24,9.6
2005-02-25,6.8
2005-02-26,12.4
2005-02-27,18.6
2005-02-28,20.9
2005-03-01,20.7
2005-03-02,23.2
2005-03-03,21.5
2005-03-04,24.1
2005-03-05,24.1
2005-03-06,24.0
2005-03-07,26.8
2005-03-08,28.8
2005-03-09,22.0
2005-03-10,26.0
2005-03-11,28.4
2005-03-12,28.3
2005-03-13,28.5
2005-03-14,22.2
2005-03-15,13.3
2005-03-16,12.0
2005-03-17,11.0
2005-03-18,10.4
2005-03-19,9.5
2005-03-20,8.6
2005-03-21,7.8
2005-03-22,7.1
2005-03-23,6.5
2005-03-24,5.9
2005-03-25,5.5
2005-03-26,5.0
2005-03-27,4.7
2005-03-28,4.3
2005-03-29,15.8
2005-03-30,14.7
2005-03-31,10.2
2005-04-01,8.6
2005-04-02,5.0
2005-04-03,18.9
2005-04-04,21.7
2005-04-05,18.8
2005-04-06,22.7
2005-04-07,26.7
2005-04-08,28.1
2005-04-09,30.3
2005-04-10,27.2
2005-04-11,18.9
2005-04-12,12.1
2005-04-13,18.4
2005-04-14,26.5
2005-04-15,25.2
2005-04-16,24.1
2005-04-17,27.2
2005-04-18,31.1
2005-04-19,33.9
2005-04-20,36.4
2005-04-21,37.3
2005-04-22,34.5
2005-04-23,35.1
2005-04-24,30.5
2005-04-25,29.2
2005-04-26,28.3
2005-04-27,25.9
2005-04-28,32.4
2005-04-29,29.1
2005-04-30,22.2
2005-05-01,18.4
2005-05-02,15.1
2005-05-03,16.8
2005-05-04,20.8
2005-05-05,28.2
2005-05-06,28.1
2005-05-07,29.7
2005-05-08,31.6
2005-05-09,34.1
2005-05-10,36.8
2005-05-11,38.1
2005-05-12,39.1
2005-05-13,38.8
2005-05-14,34.9
2005-05-15,32.3
2005-05-16,35.8
2005-05-17,37.1
2005-05-18,39.2
2005-05-19,40.9
2005-05-20,43.4
2005-05-21,45.7
2005-05-22,43.7
2005-05-23,44.7
2005-05-24,44.2
2005-05-25,38.3
2005-05-26,31.5
2005-05-27,31.4
2005-05-28,31.0
2005-05-29,27.7
2005-05-30,28.0
2005-05-31,24.7
2005-06-01,29.6
2005-06-02,32.4
2005-06-03,31.8
2005-06-04,33.0
2005-06-05,33.9
2005-06-06,37.3
2005-06-07,40.2
2005-06-08,42.5
2005-06-09,43.5
2005-06-10,35.7
2005-06-11,37.3
2005-06-12,33.5
2005-06-13,37.0
2005-06-14,36.7
2005-06-15,36.3
2005-06-16,39.5
2005-06-17,41.3
2005-06-18,44.9
2005-06-19,47.9
2005-06-20,47.2
2005-06-21,45.5
2005-06-22,45.6
2005-06-23,47.6
2005-06-24,47.0
2005-06-25,41.4
2005-06-26,39.1
2005-06-27,44.3
2005-06-28,45.6
2005-06-29,45.9
2005-06-30,45.2
2005-07-01,43.4
2005-07-02,46.1
2005-07-03,48.9
2005-07-04,48.1
2005-07-05,45.7
2005-07-06,48.0
2005-07-07,49.2
2005-07-08,49.3
2005-07-09,50.0
2005-07-10,51.9
2005-07-11,52.5
2005-07-12,52.3
2005-07-13,48.1
2005-07-14,52.2
2005-07-15,51.6
2005-07-16,50.1
2005-07-17,50.9
2005-07-18,44.0
2005-07-19,47.5
2005-07-20,48.0
2005-07-21,49.3
2005-07-22,50.9
2005-07-23,49.8
2005-07-24,47.8
2005-07-25,45.0
2005-07-26,35.8
2005-07-27,33.2
2005-07-28,34.9
2005-07-29,38.6
2005-07-30,42.4
2005-07-31,43.6
2005-08-01,46.1
2005-08-02,47.8
2005-08-03,47.7
2005-08-04,40.0
2005-08-05,30.2
2005-08-06,33.9
2005-08-07,36.2
2005-08-08,39.7
2005-08-09,40.5
2005-08-10,39.7
2005-08-11,33.2
2005-08-12,22.9
2005-08-13,26.0
2005-08-14,21.6
2005-08-15,21.5
2005-08-16,24.2
2005-08-17,27.9
2005-08-18,30.3
2005-08-19,33.4
2005-08-20,32.7
2005-08-21,31.6
2005-08-22,31.7
2005-08-23,32.0
2005-08-24,34.4
2005-08-25,36.8
2005-08-26,36.7
2005-08-27,38.6
2005-08-28,39.4
2005-08-29,41.8
2005-08-30,44.3
2005-08-31,43.6
2005-09-01,42.2
2005-09-02,42.1
2005-09-03,43.3
2005-09-04,42.5
2005-09-05,42.3
2005-09-06,38.8
2005-09-07,35.5
2005-09-08,35.2
2005-09-09,34.5
2005-09-10,35.7
2005-09-11,38.1
2005-09-12,39.2
2005-09-13,40.6
2005-09-14,39.0
2005-09-15,41.9
2005-09-16,43.8
2005-09-17,46.7
2005-09-18,49.0
2005-09-19,50.3
2005-09-20,49.6
2005-09-21,49.9
2005-09-22,45.6
2005-09-23,39.4
2005-09-24,42.2
2005-09-25,45.0
2005-09-26,45.4
2005-09-27,44.8
2005-09-28,33.4
2005-09-29,34.3
2005-09-30,36.9
2005-10-01,38.5
2005-10-02,39.4
2005-10-03,39.4
2005-10-04,36.4
2005-10-05,36.0
2005-10-06,34.7
2005-10-07,38.4
2005-10-08,40.6
2005-10-09,35.6
2005-10-10,23.7
2005-10-11,20.5
2005-10-12,17.8
2005-10-13,24.4
2005-10-14,32.3
2005-10-15,31.8
2005-10-16,30.8
2005-10-17,33.1
2005-10-18,34.6
2005-10-19,29.1
2005-10-20,31.8
2005-10-21,30.0
2005-10-22,30.9
2005-10-23,24.6
2005-10-24,32.4
2005-10-25,34.7
2005-10-26,33.8
2005-10-27,34.7
2005-10-28,33.6
2005-10-29,33.9
2005-10-30,34.8
2005-10-31,33.7
2005-11-01,37.5
2005-11-02,39.4
2005-11-03,38.9
2005-11-04,39.9
2005-11-05,40.5
2005-11-06,41.5
2005-11-07,43.0
2005-11-08,45.2
2005-11-09,45.0
2005-11-10,45.7
2005-11-11,44.5
2005-11-12,43.2
2005-11-13,42.5
2005-11-14,43.6
2005-11-15,33.3
2005-11-16,23.1
2005-11-17,20.8
2005-11-18,19.2
2005-11-19,22.5
2005-11-20,19.5
2005-11-21,23.0
2005-11-22,31.1
2005-11-23,32.6
2005-11-24,32.5
2005-11-25,33.9
2005-11-26,33.6
2005-11-27,30.5
2005-11-28,29.7
2005-11-29,29.9
2005-11-30,30.9
2005-12-01,31.6
2005-12-02,32.1
2005-12-03,29.7
2005-12-04,27.2
2005-12-05,24.4
2005-12-06,24.3
2005-12-07,20.4
2005-12-08,14.5
2005-12-09,13.2
2005-12-10,18.9
2005-12-11,19.8
2005-12-12,25.3
2005-12-13,25.2
2005-12-14,25.9
2005-12-15,27.5
2005-12-16,27.5
2005-12-17,26.9
2005-12-18,28.4
2005-12-19,28.0
2005-12-20,27.3
2005-12-21,29.0
2005-12-22,30.6
2005-12-23,32.2
2005-12-24,33.3
2005-12-25,34.7
2005-12-26,36.5
2005-12-27,35.2
2005-12-28,35.8
2005-12-29,36.3
2005-12-30,37.4
2005-12-31,24.8
2006-01-01,24.9
2006-01-02,27.7
2006-01-03,29.2
2006-01-04,30.6
2006-01-05,31.1
2006-01-06,33.9
2006-01-07,36.1
2006-01-08,36.0
2006-01-09,31.3
2006-01-10,26.1
2006-01-11,26.7
2006-01-12,26.4
2006-01-13,26.5
2006-01-14,32.5
2006-01-15,32.2
2006-01-16,29.9
2006-01-17,25.8
2006-01-18,19.6
2006-01-19,23.2
2006-01-20,16.7
2006-01-21,12.7
2006-01-22,11.5
2006-01-23,10.5
2006-01-24,14.6
2006-01-25,17.8
2006-01-26,17.6
2006-01-27,18.7
2006-01-28,18.9
2006-01-29,19.2
2006-01-30,19.8
2006-01-31,20.1
2006-02-01,23.7
2006-02-02,23.6
2006-02-03,23.5
2006-02-04,25.7
2006-02-05,27.2
2006-02-06,25.7
2006-02-07,23.7
2006-02-08,29.0
2006-02-09,30.9
2006-02-10,25.3
2006-02-11,23.2
2006-02-12,12.7
2006-02-13,16.0
2006-02-14,16.4
2006-02-15,20.3
2006-02-16,23.3
2006-02-17,21.3
2006-02-18,17.2
2006-02-19,14.3
2006-02-20,14.4
2006-02-21,22.2
2006-02-22,23.9
2006-02-23,25.6
2006-02-24,27.3
2006-02-25,27.5
2006-02-26,29.4
2006-02-27,31.1
2006-02-28,31.9
2006-03-01,32.2
2006-03-02,32.6
2006-03-03,32.8
2006-03-04,34.9
2006-03-05,37.1
2006-03-06,39.4
2006-03-07,40.1
2006-03-08,39.0
2006-03-09,27.9
2006-03-10,23.2
2006-03-11,26.8
2006-03-12,26.0
2006-03-13,27.1
2006-03-14,28.6
2006-03-15,29.0
2006-03-16,29.3
2006-03-17,29.4
2006-03-18,32.2
2006-03-19,29.0
2006-03-20,25.3
2006-03-21,18.4
2006-03-22,14.5
2006-03-23,13.3
2006-03-24,12.3
2006-03-25,21.1
2006-03-26,26.3
2006-03-27,27.7
2006-03-28,27.1
2006-03-29,28.6
2006-03-30,28.7
2006-03-31,31.6
2006-04-01,32.0
2006-04-02,34.8
2006-04-03,36.0
2006-04-04,37.3
2006-04-05,37.5
2006-04-06,36.1
2006-04-07,37.0
2006-04-08,40.0
2006-04-09,44.0
2006-04-10,45.1
2006-04-11,44.6
2006-04-12,47.1
2006-04-13,49.2
2006-04-14,50.4
2006-04-15,48.1
2006-04-16,49.9
2006-04-17,52.1
2006-04-18,51.5
2006-04-19,52.3
2006-04-20,52.3
2006-04-21,54.4
2006-04-22,56.0
2006-04-23,56.3
2006-04-24,52.4
2006-04-25,44.4
2006-04-26,49.5
2006-04-27,51.6
2006-04-28,47.6
2006-04-29,37.1
2006-04-30,40.3
2006-05-01,44.4
2006-05-02,44.9
2006-05-03,42.1
2006-05-04,35.6
2006-05-05,31.4
2006-05-06,35.0
2006-05-07,35.4
2006-05-08,36.4
2006-05-09,33.0
2006-05-10,30.7
2006-05-11,34.6
2006-05-12,38.0
2006-05-13,40.4
2006-05-14,36.9
2006-05-15,37.0
2006-05-16,40.5
2006-05-17,42.6
2006-05-18,43.8
2006-05-19,45.9
2006-05-20,46.7
2006-05-21,48.2
2006-05-22,46.7
2006-05-23,45.8
2006-05-24,49.0
2006-05-25,50.8
2006-05-26,53.1
2006-05-27,54.9
2006-05-28,55.0
2006-05-29,54.3
2006-05-30,52.9
2006-05-31,44.9
2006-06-01,43.6
2006-06-02,42.7
2006-06-03,45.0
2006-06-04,47.4
2006-06-05,49.2
2006-06-06,48.4
2006-06-07,50.1
2006-06-08,50.2
2006-06-09,50.2
2006-06-10,52.6
2006-06-11,51.4
2006-06-12,50.7
2006-06-13,52.0
2006-06-14,53.7
2006-06-15,56.1
2006-06-16,53.7
2006-06-17,52.8
2006-06-18,55.5
2006-06-19,58.2
2006-06-20,59.7
2006-06-21,58.6
2006-06-22,53.0
2006-06-23,49.9
2006-06-24,46.8
2006-06-25,39.9
2006-06-26,35.1
2006-06-27,37.4
2006-06-28,37.7
2006-06-29,39.9
2006-06-30,42.8
2006-07-01,43.5
2006-07-02,41.3
2006-07-03,38.3
2006-07-04,33.5
2006-07-05,29.9
2006-07-06,27.0
2006-07-07,29.2
2006-07-08,23.0
2006-07-09,18.2
2006-07-10,23.2
2006-07-11,26.6
2006-07-12,30.5
2006-07-13,35.3
2006-07-14,38.4
2006-07-15,42.2
2006-07-16,45.3
2006-07-17,47.5
2006-07-18,46.1
2006-07-19,47.1
2006-07-20,47.1
2006-07-21,41.3
2006-07-22,39.6
2006-07-23,41.9
2006-07-24,42.6
2006-07-25,42.2
2006-07-26,38.6
2006-07-27,36.7
2006-07-28,36.3
2006-07-29,36.8
2006-07-30,38.9
2006-07-31,39.5
2006-08-01,34.7
2006-08-02,32.9
2006-08-03,31.3
2006-08-04,30.6
2006-08-05,29.8
2006-08-06,28.1
2006-08-07,28.7
2006-08-08,30.9
2006-08-09,32.8
2006-08-10,35.4
2006-08-11,38.2
2006-08-12,38.0
2006-08-13,32.9
2006-08-14,27.6
2006-08-15,28.4
2006-08-16,31.0
2006-08-17,30.7
2006-08-18,31.0
2006-08-19,24.1
2006-08-20,24.9
2006-08-21,27.6
2006-08-22,27.5
2006-08-23,32.0
2006-08-24,33.7
2006-08-25,27.9
2006-08-26,23.1
2006-08-27,26.0
2006-08-28,24.9
2006-08-29,26.1
2006-08-30,28.0
2006-08-31,31.1
2006-09-01,28.4
2006-09-02,21.6
2006-09-03,24.4
2006-09-04,24.7
2006-09-05,25.1
2006-09-06,25.3
2006-09-07,26.0
2006-09-08,21.3
2006-09-09,25.0
2006-09-10,25.0
2006-09-11,23.7
2006-09-12,23.5
2006-09-13,26.6
2006-09-14,27.9
2006-09-15,29.5
2006-09-16,32.5
2006-09-17,33.8
2006-09-18,34.7
2006-09-19,37.5
2006-09-20,39.1
2006-09-21,32.6
2006-09-22,30.6
2006-09-23,26.8
2006-09-24,30.8
2006-09-25,32.4
2006-09-26,33.6
2006-09-27,35.8
2006-09-28,34.0
2006-09-29,37.4
2006-09-30,39.5
2006-10-01,41.6
2006-10-02,42.7
2006-10-03,42.5
2006-10-04,38.7
2006-10-05,37.6
2006-10-06,37.0
2006-10-07,37.3
2006-10-08,33.2
2006-10-09,19.3
2006-10-10,24.1
2006-10-11,29.2
2006-10-12,29.3
2006-10-13,30.4
2006-10-14,29.0
2006-10-15,25.9
2006-10-16,28.2
2006-10-17,27.6
2006-10-18,19.2
2006-10-19,14.6
2006-10-20,26.5
2006-10-21,21.3
2006-10-22,18.8
2006-10-23,17.3
2006-10-24,27.3
2006-10-25,28.2
2006-10-26,25.2
2006-10-27,21.2
2006-10-28,21.9
2006-10-29,27.8
2006-10-30,29.2
2006-10-31,27.2
2006-11-01,27.4
2006-11-02,30.1
2006-11-03,32.4
2006-11-04,32.4
2006-11-05,31.5
2006-11-06,31.6
2006-11-07,33.6
2006-11-08,37.3
2006-11-09,36.8
2006-11-10,34.5
2006-11-11,37.3
2006-11-12,35.9
2006-11-13,24.2
2006-11-14,27.2
2006-11-15,27.4
2006-11-16,29.2
2006-11-17,33.1
2006-11-18,33.7
2006-11-19,33.4
2006-11-20,35.4
2006-11-21,38.1
2006-11-22,39.2
2006-11-23,40.3
2006-11-24,39.0
2006-11-25,38.9
2006-11-26,40.3
2006-11-27,39.2
2006-11-28,39.4
2006-11-29,35.2
2006-11-30,31.4
2006-12-01,20.6
2006-12-02,21.2
2006-12-03,19.4
2006-12-04,16.5
2006-12-05,26.2
2006-12-06,25.2
2006-12-07,26.5
2006-12-08,30.7
2006-12-09,32.6
2006-12-10,32.1
2006-12-11,30.3
2006-12-12,32.3
2006-12-13,33.1
2006-12-14,33.4
2006-12-15,35.1
2006-12-16,36.9
2006-12-17,32.7
2006-12-18,30.8
2006-12-19,26.7
2006-12-20,19.8
2006-12-21,16.6
2006-12-22,15.1
2006-12-23,14.2
2006-12-24,13.2
2006-12-25,12.0
2006-12-26,15.9
2006-12-27,20.7
2006-12-28,19.8
2006-12-29,12.8
2006-12-30,9.3
2006-12-31,8.7
2007-01-01,8.0
2007-01-02,7.4
2007-01-03,6.8
2007-01-04,11.3
2007-01-05,14.0
2007-01-06,10.2
2007-01-07,6.0
2007-01-08,5.7
2007-01-09,5.3
2007-01-10,14.6
2007-01-11,15.0
2007-01-12,13.2
2007-01-13,10.6
2007-01-14,5.9
2007-01-15,5.4
2007-01-16,5.1
2007-01-17,4.7
2007-01-18,4.4
2007-01-19,8.0
2007-01-20,7.4
2007-01-21,5.8
2007-01-22,3.7
2007-01-23,3.5
2007-01-24,3.2
2007-01-25,6.9
2007-01-26,11.9
2007-01-27,10.4
2007-01-28,7.8
2007-01-29,11.2
2007-01-30,11.0
2007-01-31,10.3
2007-02-01,8.9
2007-02-02,4.5
2007-02-03,4.1
2007-02-04,8.2
2007-02-05,13.5
2007-02-06,15.8
2007-02-07,19.9
2007-02-08,21.4
2007-02-09,22.3
2007-02-10,23.9
2007-02-11,24.7
2007-02-12,24.6
2007-02-13,17.7
2007-02-14,16.1
2007-02-15,12.9
2007-02-16,9.8
2007-02-17,12.9
2007-02-18,18.2
2007-02-19,19.1
2007-02-20,19.9
2007-02-21,21.4
2007-02-22,25.8
2007-02-23,27.1
2007-02-24,27.3
2007-02-25,28.4
2007-02-26,29.3
2007-02-27,30.1
2007-02-28,29.5
2007-03-01,22.8
2007-03-02,13.8
2007-03-03,16.5
2007-03-04,16.7
2007-03-05,26.8
2007-03-06,28.6
2007-03-07,28.2
2007-03-08,29.0
2007-03-09,31.2
2007-03-10,31.3
2007-03-11,26.5
2007-03-12,31.8
2007-03-13,34.8
2007-03-14,36.6
2007-03-15,33.3
2007-03-16,36.4
2007-03-17,40.1
2007-03-18,41.2
2007-03-19,40.2
2007-03-20,41.0
2007-03-21,41.8
2007-03-22,40.0
2007-03-23,39.3
2007-03-24,33.9
2007-03-25,32.3
2007-03-26,35.1
2007-03-27,34.2
2007-03-28,36.3
2007-03-29,35.1
2007-03-30,31.3
2007-03-31,27.6
2007-04-01,30.4
2007-04-02,37.0
2007-04-03,36.8
2007-04-04,36.2
2007-04-05,36.7
2007-04-06,29.9
2007-04-07,25.6
2007-04-08,18.3
2007-04-09,20.6
2007-04-10,30.3
2007-04-11,32.0
2007-04-12,31.1
2007-04-13,20.7
2007-04-14,15.9
2007-04-15,13.6
2007-04-16,22.7
2007-04-17,19.2
2007-04-18,26.2
2007-04-19,29.6
2007-04-20,31.5
2007-04-21,32.3
2007-04-22,28.6
2007-04-23,31.4
2007-04-24,28.1
2007-04-25,25.3
2007-04-26,24.5
2007-04-27,24.3
2007-04-28,25.3
2007-04-29,31.9
2007-04-30,33.7
2007-05-01,31.3
2007-05-02,21.1
2007-05-03,28.9
2007-05-04,30.1
2007-05-05,29.7
2007-05-06,28.9
2007-05-07,23.7
2007-05-08,23.3
2007-05-09,29.2
2007-05-10,31.9
2007-05-11,34.8
2007-05-12,36.9
2007-05-13,38.5
2007-05-14,38.8
2007-05-15,29.5
2007-05-16,29.4
2007-05-17,29.1
2007-05-18,31.0
2007-05-19,32.2
2007-05-20,32.0
2007-05-21,33.8
2007-05-22,35.5
2007-05-23,32.1
2007-05-24,25.2
2007-05-25,30.0
2007-05-26,32.1
2007-05-27,33.0
2007-05-28,34.9
2007-05-29,37.3
2007-05-30,32.8
2007-05-31,35.9
2007-06-01,33.5
2007-06-02,33.8
2007-06-03,31.9
2007-06-04,33.0
2007-06-05,36.7
2007-06-06,40.5
2007-06-07,41.4
2007-06-08,39.7
2007-06-09,41.3
2007-06-10,43.9
2007-06-11,44.4
2007-06-12,40.0
2007-06-13,33.7
2007-06-14,37.3
2007-06-15,38.0
2007-06-16,36.7
2007-06-17,39.9
2007-06-18,42.1
2007-06-19,44.3
2007-06-20,45.2
2007-06-21,46.3
2007-06-22,46.8
2007-06-23,47.0
2007-06-24,48.5
2007-06-25,51.5
2007-06-26,49.5
2007-06-27,41.9
2007-06-28,41.7
2007-06-29,39.3
2007-06-30,42.2
2007-07-01,43.1
2007-07-02,42.4
2007-07-03,45.2
2007-07-04,44.2
2007-07-05,43.5
2007-07-06,45.7
2007-07-07,47.3
2007-07-08,47.6
2007-07-09,47.2
2007-07-10,46.4
2007-07-11,45.7
2007-07-12,43.9
2007-07-13,42.5
2007-07-14,45.0
2007-07-15,46.0
2007-07-16,48.6
2007-07-17,51.2
2007-07-18,51.3
2007-07-19,48.9
2007-07-20,39.4
2007-07-21,41.8
2007-07-22,41.8
2007-07-23,42.3
2007-07-24,43.3
2007-07-25,43.6
2007-07-26,43.6
2007-07-27,43.5
2007-07-28,39.6
2007-07-29,34.9
2007-07-30,35.1
2007-07-31,36.0
2007-08-01,38.9
2007-08-02,33.2
2007-08-03,32.6
2007-08-04,32.2
2007-08-05,30.0
2007-08-06,31.3
2007-08-07,29.8
2007-08-08,34.0
2007-08-09,37.9
2007-08-10,38.0
2007-08-11,41.2
2007-08-12,41.3
2007-08-13,44.7
2007-08-14,45.1
2007-08-15,44.4
2007-08-16,38.3
2007-08-17,38.1
2007-08-18,39.1
2007-08-19,41.6
2007-08-20,45.6
2007-08-21,48.4
2007-08-22,48.0
2007-08-23,46.0
2007-08-24,39.3
2007-08-25,37.5
2007-08-26,38.8
2007-08-27,40.4
2007-08-28,38.3
2007-08-29,32.5
2007-08-30,31.0
2007-08-31,33.2
2007-09-01,33.0
2007-09-02,33.2
2007-09-03,35.7
2007-09-04,38.0
2007-09-05,39.2
2007-09-06,39.3
2007-09-07,39.2
2007-09-08,40.9
2007-09-09,36.2
2007-09-10,25.4
2007-09-11,31.0
2007-09-12,33.0
2007-09-13,35.5
2007-09-14,33.1
2007-09-15,34.6
2007-09-16,37.9
2007-09-17,35.4
2007-09-18,37.7
2007-09-19,40.0
2007-09-20,38.8
2007-09-21,41.1
2007-09-22,41.5
2007-09-23,41.0
2007-09-24,42.6
2007-09-25,39.3
2007-09-26,42.0
2007-09-27,43.0
2007-09-28,40.5
2007-09-29,40.1
2007-09-30,42.6
2007-10-01,43.1
2007-10-02,43.6
2007-10-03,45.0
2007-10-04,45.9
2007-10-05,45.0
2007-10-06,46.8
2007-10-07,43.7
2007-10-08,47.1
2007-10-09,49.2
2007-10-10,48.0
2007-10-11,49.8
2007-10-12,51.0
2007-10-13,47.4
2007-10-14,42.8
2007-10-15,37.0
2007-10-16,41.7
2007-10-17,40.6
2007-10-18,42.4
2007-10-19,44.4
2007-10-20,45.9
2007-10-21,43.6
2007-10-22,33.7
2007-10-23,29.5
2007-10-24,40.3
2007-10-25,42.6
2007-10-26,42.8
2007-10-27,36.5
2007-10-28,40.4
2007-10-29,42.2
2007-10-30,43.7
2007-10-31,41.6
2007-11-01,41.0
2007-11-02,40.8
2007-11-03,44.5
2007-11-04,46.6
2007-11-05,46.8
2007-11-06,44.1
2007-11-07,47.5
2007-11-08,49.0
2007-11-09,49.7
2007-11-10,50.1
2007-11-11,49.8
2007-11-12,47.4
2007-11-13,49.3
2007-11-14,46.7
2007-11-15,48.2
2007-11-16,50.0
2007-11-17,49.3
2007-11-18,50.4
2007-11-19,52.3
2007-11-20,52.5
2007-11-21,45.3
2007-11-22,41.7
2007-11-23,31.9
2007-11-24,28.2
2007-11-25,23.8
2007-11-26,32.7
2007-11-27,34.0
2007-11-28,32.4
2007-11-29,36.7
2007-11-30,35.7
2007-12-01,29.8
2007-12-02,32.0
2007-12-03,34.6
2007-12-04,36.5
2007-12-05,35.5
2007-12-06,32.8
2007-12-07,31.4
2007-12-08,26.5
2007-12-09,24.0
2007-12-10,17.3
2007-12-11,15.8
2007-12-12,14.7
2007-12-13,13.4
2007-12-14,12.2
2007-12-15,11.0
2007-12-16,9.9
2007-12-17,13.7
2007-12-18,18.3
2007-12-19,19.1
2007-12-20,20.0
2007-12-21,19.9
2007-12-22,15.1
2007-12-23,9.0
2007-12-24,12.6
2007-12-25,14.8
2007-12-26,12.8
2007-12-27,7.7
2007-12-28,7.1
2007-12-29,6.6
2007-12-30,6.0
2007-12-31,9.4
2008-01-01,9.6
2008-01-02,9.5
2008-01-03,14.9
2008-01-04,15.9
2008-01-05,15.9
2008-01-06,15.7
2008-01-07,15.7
2008-01-08,11.5
2008-01-09,7.3
2008-01-10,14.7
2008-01-11,15.9
2008-01-12,17.0
2008-01-13,17.6
2008-01-14,18.1
2008-01-15,19.6
2008-01-16,17.3
2008-01-17,16.3
2008-01-18,8.1
2008-01-19,7.4
2008-01-20,11.2
2008-01-21,10.2
2008-01-22,10.4
2008-01-23,11.1
2008-01-24,14.6
2008-01-25,16.3
2008-01-26,17.8
2008-01-27,18.9
2008-01-28,17.1
2008-01-29,16.3
2008-01-30,17.6
2008-01-31,13.2
2008-02-01,7.9
2008-02-02,10.3
2008-02-03,15.4
2008-02-04,14.3
2008-02-05,9.7
2008-02-06,6.8
2008-02-07,10.2
2008-02-08,10.7
2008-02-09,11.4
2008-02-10,15.8
2008-02-11,17.1
2008-02-12,12.0
2008-02-13,11.8
2008-02-14,14.3
2008-02-15,10.5
2008-02-16,6.6
2008-02-17,9.9
2008-02-18,8.0
2008-02-19,10.4
2008-02-20,14.3
2008-02-21,13.9
2008-02-22,13.3
2008-02-23,11.6
2008-02-24,12.2
2008-02-25,15.5
2008-02-26,16.0
2008-02-27,18.2
2008-02-28,20.3
2008-02-29,20.6
2008-03-01,26.9
2008-03-02,25.5
2008-03-03,20.2
2008-03-04,15.8
2008-03-05,14.1
2008-03-06,12.7
2008-03-07,9.0
2008-03-08,8.4
2008-03-09,11.7
2008-03-10,12.1
2008-03-11,13.4
2008-03-12,18.3
2008-03-13,16.6
2008-03-14,16.1
2008-03-15,15.1
2008-03-16,14.4
2008-03-17,9.8
2008-03-18,7.4
2008-03-19,12.0
2008-03-20,17.4
2008-03-21,22.2
2008-03-22,21.3
2008-03-23,14.1
2008-03-24,18.7
2008-03-25,25.2
2008-03-26,27.4
2008-03-27,28.7
2008-03-28,24.7
2008-03-29,29.2
2008-03-30,29.5
2008-03-31,30.4
2008-04-01,27.7
2008-04-02,32.8
2008-04-03,31.9
2008-04-04,24.4
2008-04-05,32.2
2008-04-06,33.3
2008-04-07,33.4
2008-04-08,30.1
2008-04-09,30.6
2008-04-10,28.4
2008-04-11,25.9
2008-04-12,22.0
2008-04-13,21.0
2008-04-14,27.4
2008-04-15,34.5
2008-04-16,34.7
2008-04-17,22.9
2008-04-18,15.0
2008-04-19,25.6
2008-04-20,31.9
2008-04-21,32.9
2008-04-22,32.8
2008-04-23,35.7
2008-04-24,37.8
2008-04-25,37.8
2008-04-26,38.7
2008-04-27,39.5
2008-04-28,42.6
2008-04-29,44.3
2008-04-30,46.5
2008-05-01,45.4
2008-05-02,44.8
2008-05-03,44.1
2008-05-04,46.7
2008-05-05,47.8
2008-05-06,47.4
2008-05-07,43.0
2008-05-08,43.8
2008-05-09,46.2
2008-05-10,45.2
2008-05-11,47.3
2008-05-12,50.0
2008-05-13,41.6
2008-05-14,32.3
2008-05-15,33.8
2008-05-16,34.4
2008-05-17,38.2
2008-05-18,40.9
2008-05-19,43.6
2008-05-20,43.2
2008-05-21,44.5
2008-05-22,43.5
2008-05-23,42.1
2008-05-24,44.2
2008-05-25,47.5
2008-05-26,46.6
2008-05-27,37.0
2008-05-28,37.3
2008-05-29,38.4
2008-05-30,41.1
2008-05-31,41.3
2008-06-01,43.4
2008-06-02,46.9
2008-06-03,48.0
2008-06-04,48.8
2008-06-05,45.1
2008-06-06,45.4
2008-06-07,49.2
2008-06-08,46.5
2008-06-09,49.4
2008-06-10,52.4
2008-06-11,53.0
2008-06-12,54.2
2008-06-13,55.8
2008-06-14,58.2
2008-06-15,59.4
2008-06-16,57.1
2008-06-17,48.9
2008-06-18,49.2
2008-06-19,46.6
2008-06-20,45.5
2008-06-21,42.1
2008-06-22,44.7
2008-06-23,45.8
2008-06-24,47.2
2008-06-25,49.8
2008-06-26,51.8
2008-06-27,54.4
2008-06-28,48.8
2008-06-29,42.7
2008-06-30,44.7
2008-07-01,45.4
2008-07-02,46.1
2008-07-03,42.9
2008-07-04,45.8
2008-07-05,48.2
2008-07-06,46.8
2008-07-07,40.7
2008-07-08,39.8
2008-07-09,41.7
2008-07-10,44.7
2008-07-11,46.5
2008-07-12,44.5
2008-07-13,45.7
2008-07-14,47.8
2008-07-15,49.2
2008-07-16,48.5
2008-07-17,49.2
2008-07-18,44.1
2008-07-19,45.2
2008-07-20,46.5
2008-07-21,47.2
2008-07-22,49.3
2008-07-23,49.2
2008-07-24,47.7
2008-07-25,44.6
2008-07-26,44.2
2008-07-27,44.3
2008-07-28,44.6
2008-07-29,45.2
2008-07-30,45.6
2008-07-31,48.4
2008-08-01,50.2
2008-08-02,53.5
2008-08-03,53.3
2008-08-04,52.5
2008-08-05,48.5
2008-08-06,44.5
2008-08-07,34.3
2008-08-08,30.0
2008-08-09,30.5
2008-08-10,26.1
2008-08-11,29.1
2008-08-12,32.9
2008-08-13,32.6
2008-08-14,35.1
2008-08-15,23.3
2008-08-16,15.6
2008-08-17,17.9
2008-08-18,19.7
2008-08-19,20.5
2008-08-20,21.3
2008-08-21,29.0
2008-08-22,34.1
2008-08-23,29.3
2008-08-24,30.1
2008-08-25,33.2
2008-08-26,36.6
2008-08-27,39.1
2008-08-28,40.5
2008-08-29,39.0
2008-08-30,37.9
2008-08-31,36.0
2008-09-01,37.0
2008-09-02,35.1
2008-09-03,35.2
2008-09-04,37.7
2008-09-05,36.1
2008-09-06,36.7
2008-09-07,35.6
2008-09-08,29.9
2008-09-09,31.8
2008-09-10,32.8
2008-09-11,32.0
2008-09-12,24.2
2008-09-13,28.3
2008-09-14,27.0
2008-09-15,28.1
2008-09-16,31.9
2008-09-17,34.7
2008-09-18,35.7
2008-09-19,35.3
2008-09-20,36.6
2008-09-21,37.5
2008-09-22,39.2
2008-09-23,40.7
2008-09-24,41.8
2008-09-25,43.9
2008-09-26,45.1
2008-09-27,44.3
2008-09-28,44.3
2008-09-29,43.5
2008-09-30,45.5
2008-10-01,46.1
2008-10-02,46.5
2008-10-03,46.9
2008-10-04,45.4
2008-10-05,44.7
2008-10-06,41.8
2008-10-07,44.8
2008-10-08,47.4
2008-10-09,47.1
2008-10-10,47.4
2008-10-11,41.5
2008-10-12,38.7
2008-10-13,34.7
2008-10-14,31.1
2008-10-15,26.6
2008-10-16,30.9
2008-10-17,36.9
2008-10-18,38.5
2008-10-19,39.7
2008-10-20,37.6
2008-10-21,34.9
2008-10-22,31.1
2008-10-23,31.4
2008-10-24,30.2
2008-10-25,36.7
2008-10-26,36.3
2008-10-27,36.5
2008-10-28,39.4
2008-10-29,41.2
2008-10-30,42.7
2008-10-31,43.7
2008-11-01,44.4
2008-11-02,44.9
2008-11-03,44.8
2008-11-04,43.7
2008-11-05,41.3
2008-11-06,44.2
2008-11-07,45.8
2008-11-08,44.8
2008-11-09,43.7
2008-11-10,41.7
2008-11-11,39.4
2008-11-12,36.7
2008-11-13,37.5
2008-11-14,37.5
2008-11-15,34.1
2008-11-16,40.5
2008-11-17,41.7
2008-11-18,43.6
2008-11-19,44.3
2008-11-20,40.4
2008-11-21,39.8
2008-11-22,42.0
2008-11-23,43.9
2008-11-24,43.6
2008-11-25,46.0
2008-11-26,46.4
2008-11-27,43.7
2008-11-28,33.0
2008-11-29,26.1
2008-11-30,23.8
2008-12-01,19.7
2008-12-02,30.7
2008-12-03,32.6
2008-12-04,25.2
2008-12-05,18.2
2008-12-06,25.5
2008-12-07,31.2
2008-12-08,30.3
2008-12-09,19.6
2008-12-10,13.9
2008-12-11,13.0
2008-12-12,12.1
2008-12-13,20.3
2008-12-14,19.6
2008-12-15,17.6
2008-12-16,14.2
2008-12-17,14.7
2008-12-18,13.8
2008-12-19,19.3
2008-12-20,18.9
2008-12-21,18.6
2008-12-22,19.5
2008-12-23,19.1
2008-12-24,17.7
2008-12-25,19.0
2008-12-26,20.0
2008-12-27,20.4
2008-12-28,22.0
2008-12-29,23.3
2008-12-30,24.5
2008-12-31,23.8
2009-01-01,25.4
2009-01-02,29.3
2009-01-03,30.1
2009-01-04,23.8
2009-01-05,17.2
2009-01-06,12.8
2009-01-07,21.4
2009-01-08,27.5
2009-01-09,27.1
2009-01-10,19.8
2009-01-11,20.9
2009-01-12,21.1
2009-01-13,17.5
2009-01-14,20.4
2009-01-15,20.3
2009-01-16,22.4
2009-01-17,27.6
2009-01-18,29.9
2009-01-19,31.2
2009-01-20,33.0
2009-01-21,35.7
2009-01-22,35.1
2009-01-23,32.7
2009-01-24,30.0
2009-01-25,30.9
2009-01-26,31.4
2009-01-27,27.0
2009-01-28,16.5
2009-01-29,23.9
2009-01-30,25.8
2009-01-31,31.1
2009-02-01,31.0
2009-02-02,32.5
2009-02-03,32.5
2009-02-04,34.2
2009-02-05,36.2
2009-02-06,36.4
2009-02-07,37.1
2009-02-08,34.3
2009-02-09,32.4
2009-02-10,33.1
2009-02-11,24.6
2009-02-12,21.6
2009-02-13,25.0
2009-02-14,25.4
2009-02-15,27.1
2009-02-16,28.2
2009-02-17,32.0
2009-02-18,32.7
2009-02-19,33.4
2009-02-20,35.5
2009-02-21,34.6
2009-02-22,36.9
2009-02-23,35.8
2009-02-24,36.8
2009-02-25,38.5
2009-02-26,39.3
2009-02-27,39.1
2009-02-28,39.1
2009-03-01,41.7
2009-03-02,44.8
2009-03-03,44.5
2009-03-04,44.6
2009-03-05,46.5
2009-03-06,45.5
2009-03-07,42.4
2009-03-08,43.8
2009-03-09,44.3
2009-03-10,43.3
2009-03-11,43.5
2009-03-12,43.3
2009-03-13,35.6
2009-03-14,28.2
2009-03-15,28.3
2009-03-16,33.5
2009-03-17,38.9
2009-03-18,38.5
2009-03-19,36.3
2009-03-20,38.2
2009-03-21,38.7
2009-03-22,41.5
2009-03-23,40.6
2009-03-24,40.3
2009-03-25,36.3
2009-03-26,33.1
2009-03-27,27.6
2009-03-28,19.7
2009-03-29,18.1
2009-03-30,26.3
2009-03-31,27.6
2009-04-01,26.2
2009-04-02,20.0
2009-04-03,24.4
2009-04-04,23.2
2009-04-05,18.0
2009-04-06,12.1
2009-04-07,22.5
2009-04-08,28.6
2009-04-09,29.5
2009-04-10,27.8
2009-04-11,25.3
2009-04-12,19.8
2009-04-13,13.9
2009-04-14,21.9
2009-04-15,27.3
2009-04-16,29.3
2009-04-17,24.2
2009-04-18,16.5
2009-04-19,20.6
2009-04-20,23.0
2009-04-21,29.6
2009-04-22,32.4
2009-04-23,34.8
2009-04-24,37.3
2009-04-25,35.5
2009-04-26,35.6
2009-04-27,32.9
2009-04-28,33.8
2009-04-29,37.1
2009-04-30,38.9
2009-05-01,34.6
2009-05-02,26.9
2009-05-03,31.4
2009-05-04,31.8
2009-05-05,32.8
2009-05-06,36.9
2009-05-07,39.8
2009-05-08,38.7
2009-05-09,38.2
2009-05-10,36.9
2009-05-11,35.1
2009-05-12,39.5
2009-05-13,41.2
2009-05-14,42.0
2009-05-15,43.7
2009-05-16,37.8
2009-05-17,42.3
2009-05-18,44.1
2009-05-19,45.9
2009-05-20,46.5
2009-05-21,43.7
2009-05-22,34.1
2009-05-23,32.6
2009-05-24,31.5
2009-05-25,31.3
2009-05-26,21.8
2009-05-27,23.7
2009-05-28,28.6
2009-05-29,31.1
2009-05-30,33.6
2009-05-31,33.7
2009-06-01,33.1
2009-06-02,25.0
2009-06-03,27.5
2009-06-04,31.1
2009-06-05,33.1
2009-06-06,37.1
2009-06-07,39.0
2009-06-08,40.4
2009-06-09,41.7
2009-06-10,38.3
2009-06-11,39.4
2009-06-12,40.8
2009-06-13,39.4
2009-06-14,40.0
2009-06-15,41.9
2009-06-16,43.5
2009-06-17,46.1
2009-06-18,47.0
2009-06-19,46.6
2009-06-20,36.6
2009-06-21,40.9
2009-06-22,43.9
2009-06-23,43.3
2009-06-24,43.7
2009-06-25,42.2
2009-06-26,41.4
2009-06-27,43.0
2009-06-28,40.0
2009-06-29,42.4
2009-06-30,42.5
2009-07-01,45.0
2009-07-02,44.0
2009-07-03,43.6
2009-07-04,42.0
2009-07-05,35.6
2009-07-06,34.4
2009-07-07,39.1
2009-07-08,42.5
2009-07-09,45.9
2009-07-10,47.2
2009-07-11,47.3
2009-07-12,47.9
2009-07-13,47.5
2009-07-14,50.5
2009-07-15,48.6
2009-07-16,51.2
2009-07-17,50.2
2009-07-18,45.7
2009-07-19,45.7
2009-07-20,47.0
2009-07-21,40.3
2009-07-22,39.9
2009-07-23,43.0
2009-07-24,45.6
2009-07-25,45.3
2009-07-26,35.4
2009-07-27,36.8
2009-07-28,33.4
2009-07-29,30.4
2009-07-30,23.4
2009-07-31,27.7
2009-08-01,28.5
2009-08-02,31.2
2009-08-03,35.8
2009-08-04,38.4
2009-08-05,40.6
2009-08-06,39.8
2009-08-07,43.3
2009-08-08,47.2
2009-08-09,48.8
2009-08-10,46.6
2009-08-11,44.5
2009-08-12,45.7
2009-08-13,45.7
2009-08-14,42.2
2009-08-15,46.2
2009-08-16,46.2
2009-08-17,46.4
2009-08-18,39.7
2009-08-19,42.7
2009-08-20,41.7
2009-08-21,42.0
2009-08-22,43.2
2009-08-23,45.8
2009-08-24,43.4
2009-08-25,37.7
2009-08-26,38.9
2009-08-27,41.3
2009-08-28,43.6
2009-08-29,42.4
2009-08-30,37.7
2009-08-31,37.9
2009-09-01,41.0
2009-09-02,42.3
2009-09-03,42.3
2009-09-04,42.7
2009-09-05,41.4
2009-09-06,40.3
2009-09-07,41.8
2009-09-08,42.1
2009-09-09,41.0
2009-09-10,42.3
2009-09-11,42.4
2009-09-12,38.3
2009-09-13,36.1
2009-09-14,35.3
2009-09-15,34.4
2009-09-16,27.2
2009-09-17,29.3
2009-09-18,30.8
2009-09-19,32.1
2009-09-20,33.1
2009-09-21,28.6
2009-09-22,23.0
2009-09-23,21.4
2009-09-24,24.5
2009-09-25,29.3
2009-09-26,34.0
2009-09-27,37.8
2009-09-28,35.7
2009-09-29,39.4
2009-09-30,40.7
2009-10-01,42.2
2009-10-02,44.0
2009-10-03,44.1
2009-10-04,41.9
2009-10-05,42.7
2009-10-06,42.2
2009-10-07,43.0
2009-10-08,36.0
2009-10-09,28.6
2009-10-10,32.6
2009-10-11,36.3
2009-10-12,38.2
2009-10-13,35.2
2009-10-14,37.5
2009-10-15,38.8
2009-10-16,38.0
2009-10-17,38.4
2009-10-18,41.5
2009-10-19,42.5
2009-10-20,43.7
2009-10-21,24.1
2009-10-22,20.7
2009-10-23,18.1
2009-10-24,22.2
2009-10-25,23.8
2009-10-26,16.2
2009-10-27,13.3
2009-10-28,17.7
2009-10-29,15.4
2009-10-30,10.8
2009-10-31,15.1
2009-11-01,20.9
2009-11-02,20.3
2009-11-03,26.3
2009-11-04,27.2
2009-11-05,30.1
2009-11-06,31.9
2009-11-07,33.8
2009-11-08,34.0
2009-11-09,32.8
2009-11-10,33.8
2009-11-11,35.8
2009-11-12,36.7
2009-11-13,37.1
2009-11-14,32.8
2009-11-15,29.2
2009-11-16,26.3
2009-11-17,17.7
2009-11-18,32.1
2009-11-19,31.9
2009-11-20,33.3
2009-11-21,35.3
2009-11-22,35.1
2009-11-23,35.5
2009-11-24,36.6
2009-11-25,37.2
2009-11-26,39.1
2009-11-27,41.3
2009-11-28,41.0
2009-11-29,35.9
2009-11-30,33.5
2009-12-01,37.0
2009-12-02,32.8
2009-12-03,22.0
2009-12-04,13.8
2009-12-05,12.6
2009-12-06,11.6
2009-12-07,10.7
2009-12-08,9.8
2009-12-09,8.8
2009-12-10,7.9
2009-12-11,7.2
2009-12-12,6.5
2009-12-13,12.7
2009-12-14,13.6
2009-12-15,13.2
2009-12-16,10.6
2009-12-17,15.9
2009-12-18,15.2
2009-12-19,17.2
2009-12-20,19.2
2009-12-21,20.8
2009-12-22,22.6
2009-12-23,17.2
2009-12-24,11.8
2009-12-25,8.1
2009-12-26,7.4
2009-12-27,6.9
2009-12-28,6.5
2009-12-29,8.6
2009-12-30,8.9
2009-12-31,8.9
2010-01-01,12.0
2010-01-02,18.2
2010-01-03,18.8
2010-01-04,13.9
2010-01-05,6.2
2010-01-06,17.5
2010-01-07,14.9
2010-01-08,9.7
2010-01-09,15.6
2010-01-10,19.8
2010-01-11,21.3
2010-01-12,23.9
2010-01-13,25.2
2010-01-14,24.5
2010-01-15,25.5
2010-01-16,27.3
2010-01-17,28.3
2010-01-18,28.3
2010-01-19,28.4
2010-01-20,29.3
2010-01-21,30.5
2010-01-22,27.2
2010-01-23,27.2
2010-01-24,28.0
2010-01-25,28.8
2010-01-26,28.3
2010-01-27,28.4
2010-01-28,24.6
2010-01-29,18.7
2010-01-30,13.6
2010-01-31,12.1
2010-02-01,11.1
2010-02-02,16.9
2010-02-03,17.4
2010-02-04,12.4
2010-02-05,8.8
2010-02-06,14.1
2010-02-07,15.3
2010-02-08,11.6
2010-02-09,7.4
2010-02-10,7.0
2010-02-11,6.5
2010-02-12,6.0
2010-02-13,15.0
2010-02-14,13.1
2010-02-15,10.0
2010-02-16,5.4
2010-02-17,11.1
2010-02-18,15.1
2010-02-19,14.3
2010-02-20,12.6
2010-02-21,8.1
2010-02-22,7.4
2010-02-23,5.4
2010-02-24,7.7
2010-02-25,9.9
2010-02-26,6.9
2010-02-27,4.7
2010-02-28,4.4
2010-03-01,4.0
2010-03-02,3.8
2010-03-03,3.5
2010-03-04,9.9
2010-03-05,14.0
2010-03-06,15.8
2010-03-07,15.0
2010-03-08,13.1
2010-03-09,15.3
2010-03-10,12.4
2010-03-11,8.2
2010-03-12,9.7
2010-03-13,16.5
2010-03-14,15.7
2010-03-15,8.7
2010-03-16,6.4
2010-03-17,13.4
2010-03-18,18.6
2010-03-19,15.9
2010-03-20,12.1
2010-03-21,6.9
2010-03-22,13.9
2010-03-23,16.6
2010-03-24,10.7
2010-03-25,8.1
2010-03-26,9.5
2010-03-27,11.7
2010-03-28,14.5
2010-03-29,19.9
2010-03-30,22.5
2010-03-31,24.3
2010-04-01,27.9
2010-04-02,29.2
2010-04-03,31.1
2010-04-04,32.8
2010-04-05,34.6
2010-04-06,34.8
2010-04-07,34.5
2010-04-08,33.9
2010-04-09,36.4
2010-04-10,36.2
2010-04-11,38.2
2010-04-12,39.7
2010-04-13,37.7
2010-04-14,38.7
2010-04-15,38.8
2010-04-16,26.4
2010-04-17,23.5
2010-04-18,29.5
2010-04-19,30.5
2010-04-20,29.7
2010-04-21,27.3
2010-04-22,27.1
2010-04-23,23.9
2010-04-24,25.9
2010-04-25,29.3
2010-04-26,24.4
2010-04-27,27.6
2010-04-28,33.2
2010-04-29,33.5
2010-04-30,34.8
2010-05-01,31.9
2010-05-02,31.7
2010-05-03,34.4
2010-05-04,38.7
2010-05-05,39.2
2010-05-06,41.5
2010-05-07,37.2
2010-05-08,39.3
2010-05-09,42.3
2010-05-10,44.1
2010-05-11,42.6
2010-05-12,40.5
2010-05-13,34.9
2010-05-14,30.5
2010-05-15,31.4
2010-05-16,34.2
2010-05-17,33.7
2010-05-18,33.5
2010-05-19,34.5
2010-05-20,35.3
2010-05-21,36.9
2010-05-22,41.5
2010-05-23,42.8
2010-05-24,44.9
2010-05-25,45.9
2010-05-26,42.8
2010-05-27,42.8
2010-05-28,44.7
2010-05-29,47.8
2010-05-30,44.5
2010-05-31,47.4
2010-06-01,49.3
2010-06-02,48.2
2010-06-03,47.5
2010-06-04,50.6
2010-06-05,51.9
2010-06-06,49.4
2010-06-07,52.3
2010-06-08,50.9
2010-06-09,45.6
2010-06-10,51.0
2010-06-11,48.3
2010-06-12,41.1
2010-06-13,34.9
2010-06-14,33.2
2010-06-15,36.1
2010-06-16,39.3
2010-06-17,42.6
2010-06-18,46.5
2010-06-19,49.5
2010-06-20,52.5
2010-06-21,53.8
2010-06-22,55.7
2010-06-23,55.3
2010-06-24,55.0
2010-06-25,55.3
2010-06-26,54.0
2010-06-27,50.8
2010-06-28,52.6
2010-06-29,53.3
2010-06-30,54.3
2010-07-01,54.9
2010-07-02,53.6
2010-07-03,53.9
2010-07-04,53.6
2010-07-05,51.8
2010-07-06,52.7
2010-07-07,47.9
2010-07-08,42.2
2010-07-09,40.3
2010-07-10,42.1
2010-07-11,43.5
2010-07-12,42.9
2010-07-13,46.0
2010-07-14,46.8
2010-07-15,45.5
2010-07-16,46.2
2010-07-17,49.2
2010-07-18,50.1
2010-07-19,51.1
2010-07-20,50.1
2010-07-21,44.4
2010-07-22,44.5
2010-07-23,43.8
2010-07-24,40.4
2010-07-25,35.3
2010-07-26,38.5
2010-07-27,39.9
2010-07-28,37.6
2010-07-29,39.3
2010-07-30,38.6
2010-07-31,30.8
2010-08-01,33.9
2010-08-02,33.0
2010-08-03,31.2
2010-08-04,31.0
2010-08-05,29.8
2010-08-06,31.0
2010-08-07,32.3
2010-08-08,34.3
2010-08-09,30.8
2010-08-10,34.8
2010-08-11,38.7
2010-08-12,39.6
2010-08-13,43.6
2010-08-14,46.4
2010-08-15,39.9
2010-08-16,33.8
2010-08-17,36.1
2010-08-18,39.6
2010-08-19,41.2
2010-08-20,43.1
2010-08-21,45.1
2010-08-22,45.5
2010-08-23,44.6
2010-08-24,34.6
2010-08-25,37.2
2010-08-26,40.1
2010-08-27,43.0
2010-08-28,44.8
2010-08-29,46.2
2010-08-30,45.3
2010-08-31,47.9
2010-09-01,49.9
2010-09-02,49.4
2010-09-03,49.7
2010-09-04,52.6
2010-09-05,54.3
2010-09-06,55.9
2010-09-07,54.4
2010-09-08,49.7
2010-09-09,51.5
2010-09-10,53.2
2010-09-11,53.4
2010-09-12,55.3
2010-09-13,55.5
2010-09-14,56.7
2010-09-15,58.2
2010-09-16,56.6
2010-09-17,56.7
2010-09-18,56.7
2010-09-19,55.3
2010-09-20,54.1
2010-09-21,54.5
2010-09-22,52.0
2010-09-23,45.2
2010-09-24,45.7
2010-09-25,47.2
2010-09-26,48.4
2010-09-27,50.0
2010-09-28,50.9
2010-09-29,52.7
2010-09-30,47.9
2010-10-01,49.6
2010-10-02,45.2
2010-10-03,45.0
2010-10-04,46.0
2010-10-05,45.0
2010-10-06,42.3
2010-10-07,43.7
2010-10-08,44.3
2010-10-09,45.2
2010-10-10,43.8
2010-10-11,44.0
2010-10-12,40.4
2010-10-13,39.1
2010-10-14,42.7
2010-10-15,44.9
2010-10-16,45.3
2010-10-17,45.4
2010-10-18,43.3
2010-10-19,41.6
2010-10-20,44.6
2010-10-21,41.4
2010-10-22,39.3
2010-10-23,41.0
2010-10-24,41.9
2010-10-25,39.8
2010-10-26,40.9
2010-10-27,42.8
2010-10-28,45.2
2010-10-29,47.6
2010-10-30,48.0
2010-10-31,47.8
2010-11-01,43.2
2010-11-02,45.5
2010-11-03,44.5
2010-11-04,43.3
2010-11-05,47.6
2010-11-06,48.9
2010-11-07,49.4
2010-11-08,50.4
2010-11-09,49.1
2010-11-10,47.2
2010-11-11,45.7
2010-11-12,37.2
2010-11-13,29.8
2010-11-14,31.3
2010-11-15,34.3
2010-11-16,32.5
2010-11-17,32.0
2010-11-18,34.9
2010-11-19,35.5
2010-11-20,38.6
2010-11-21,38.7
2010-11-22,37.1
2010-11-23,39.0
2010-11-24,38.9
2010-11-25,38.2
2010-11-26,36.1
2010-11-27,39.9
2010-11-28,40.5
2010-11-29,37.9
2010-11-30,36.3
2010-12-01,31.3
2010-12-02,37.4
2010-12-03,40.0
2010-12-04,39.1
2010-12-05,37.0
2010-12-06,39.0
2010-12-07,39.5
2010-12-08,41.8
2010-12-09,42.6
2010-12-10,42.2
2010-12-11,41.6
2010-12-12,42.1
2010-12-13,45.3
2010-12-14,46.9
2010-12-15,46.3
2010-12-16,38.8
2010-12-17,31.6
2010-12-18,23.0
2010-12-19,23.7
2010-12-20,32.0
2010-12-21,33.5
2010-12-22,30.0
2010-12-23,32.7
2010-12-24,25.3
2010-12-25,24.8
2010-12-26,25.6
2010-12-27,29.0
2010-12-28,29.2
2010-12-29,29.9
2010-12-30,31.2
2010-12-31,25.5
2011-01-01,15.5
2011-01-02,17.5
2011-01-03,20.7
2011-01-04,20.3
2011-01-05,20.8
2011-01-06,25.1
2011-01-07,27.8
2011-01-08,28.5
2011-01-09,25.1
2011-01-10,18.3
2011-01-11,12.4
2011-01-12,11.4
2011-01-13,10.6
2011-01-14,16.3
2011-01-15,16.9
2011-01-16,23.5
2011-01-17,25.5
2011-01-18,26.6
2011-01-19,25.8
2011-01-20,17.8
2011-01-21,11.0
2011-01-22,20.1
2011-01-23,18.9
2011-01-24,19.6
2011-01-25,18.5
2011-01-26,17.0
2011-01-27,18.1
2011-01-28,19.2
2011-01-29,26.5
2011-01-30,25.8
2011-01-31,24.1
2011-02-01,20.8
2011-02-02,11.0
2011-02-03,10.0
2011-02-04,9.1
2011-02-05,8.6
2011-02-06,8.0
2011-02-07,7.3
2011-02-08,6.6
2011-02-09,6.0
2011-02-10,5.5
2011-02-11,5.0
2011-02-12,4.6
2011-02-13,8.2
2011-02-14,15.0
2011-02-15,17.8
2011-02-16,18.8
2011-02-17,23.1
2011-02-18,24.0
2011-02-19,25.4
2011-02-20,23.9
2011-02-21,26.5
2011-02-22,28.7
2011-02-23,30.5
2011-02-24,29.6
2011-02-25,27.8
2011-02-26,31.5
2011-02-27,33.1
2011-02-28,32.0
2011-03-01,33.7
2011-03-02,35.0
2011-03-03,35.7
2011-03-04,32.9
2011-03-05,22.9
2011-03-06,23.4
2011-03-07,21.6
2011-03-08,17.6
2011-03-09,13.7
2011-03-10,16.7
2011-03-11,25.0
2011-03-12,27.7
2011-03-13,28.6
2011-03-14,30.3
2011-03-15,30.9
2011-03-16,34.1
2011-03-17,35.9
2011-03-18,34.6
2011-03-19,38.1
2011-03-20,40.7
2011-03-21,42.6
2011-03-22,40.6
2011-03-23,42.5
2011-03-24,42.3
2011-03-25,43.9
2011-03-26,44.0
2011-03-27,39.4
2011-03-28,39.5
2011-03-29,36.3
2011-03-30,34.8
2011-03-31,40.2
2011-04-01,41.8
2011-04-02,44.2
2011-04-03,43.8
2011-04-04,31.0
2011-04-05,26.1
2011-04-06,36.8
2011-04-07,35.5
2011-04-08,39.3
2011-04-09,40.1
2011-04-10,39.9
2011-04-11,41.6
2011-04-12,44.1
2011-04-13,42.7
2011-04-14,40.8
2011-04-15,43.8
2011-04-16,45.5
2011-04-17,46.9
2011-04-18,46.9
2011-04-19,42.9
2011-04-20,38.8
2011-04-21,45.0
2011-04-22,45.4
2011-04-23,43.8
2011-04-24,33.6
2011-04-25,38.2
2011-04-26,38.7
2011-04-27,38.4
2011-04-28,42.7
2011-04-29,44.2
2011-04-30,42.9
2011-05-01,33.4
2011-05-02,27.0
2011-05-03,29.4
2011-05-04,34.4
2011-05-05,36.6
2011-05-06,40.0
2011-05-07,42.8
2011-05-08,45.4
2011-05-09,46.6
2011-05-10,47.1
2011-05-11,44.4
2011-05-12,35.0
2011-05-13,38.9
2011-05-14,38.9
2011-05-15,27.9
2011-05-16,36.2
2011-05-17,38.4
2011-05-18,36.5
2011-05-19,34.9
2011-05-20,36.7
2011-05-21,38.9
2011-05-22,40.8
2011-05-23,42.8
2011-05-24,41.0
2011-05-25,42.5
2011-05-26,43.1
2011-05-27,45.7
2011-05-28,45.5
2011-05-29,46.6
2011-05-30,48.0
2011-05-31,50.8
2011-06-01,51.6
2011-06-02,52.3
2011-06-03,54.7
2011-06-04,52.5
2011-06-05,54.1
2011-06-06,56.6
2011-06-07,59.5
2011-06-08,60.0
2011-06-09,57.2
2011-06-10,54.6
2011-06-11,54.9
2011-06-12,55.9
2011-06-13,58.0
2011-06-14,57.6
2011-06-15,58.1
2011-06-16,60.3
2011-06-17,58.1
2011-06-18,53.8
2011-06-19,55.2
2011-06-20,50.6
2011-06-21,50.0
2011-06-22,51.6
2011-06-23,53.3
2011-06-24,55.1
2011-06-25,56.9
2011-06-26,59.7
2011-06-27,59.1
2011-06-28,57.9
2011-06-29,59.4
2011-06-30,59.7
2011-07-01,60.5
2011-07-02,58.7
2011-07-03,60.2
2011-07-04,62.0
2011-07-05,63.1
2011-07-06,57.6
2011-07-07,54.9
2011-07-08,51.8
2011-07-09,51.4
2011-07-10,48.2
2011-07-11,47.2
2011-07-12,47.3
2011-07-13,47.2
2011-07-14,45.2
2011-07-15,47.6
2011-07-16,50.0
2011-07-17,52.6
2011-07-18,53.9
2011-07-19,55.2
2011-07-20,55.4
2011-07-21,51.9
2011-07-22,53.7
2011-07-23,54.4
2011-07-24,52.4
2011-07-25,52.7
2011-07-26,52.7
2011-07-27,51.0
2011-07-28,47.4
2011-07-29,43.4
2011-07-30,42.3
2011-07-31,43.6
2011-08-01,45.6
2011-08-02,43.8
2011-08-03,35.6
2011-08-04,35.8
2011-08-05,38.2
2011-08-06,41.6
2011-08-07,45.2
2011-08-08,49.2
2011-08-09,50.4
2011-08-10,49.8
2011-08-11,45.4
2011-08-12,47.7
2011-08-13,44.5
2011-08-14,46.5
2011-08-15,48.4
2011-08-16,49.5
2011-08-17,44.3
2011-08-18,47.1
2011-08-19,48.4
2011-08-20,45.6
2011-08-21,45.0
2011-08-22,46.5
2011-08-23,48.0
2011-08-24,49.6
2011-08-25,49.4
2011-08-26,49.1
2011-08-27,48.6
2011-08-28,46.7
2011-08-29,41.8
2011-08-30,44.8
2011-08-31,46.4
2011-09-01,47.6
2011-09-02,47.9
2011-09-03,45.5
2011-09-04,44.2
2011-09-05,47.3
2011-09-06,47.1
2011-09-07,32.2
2011-09-08,33.9
2011-09-09,35.3
2011-09-10,35.9
2011-09-11,37.8
2011-09-12,39.4
2011-09-13,38.0
2011-09-14,31.4
2011-09-15,27.7
2011-09-16,28.9
2011-09-17,30.2
2011-09-18,32.7
2011-09-19,35.1
2011-09-20,36.6
2011-09-21,36.6
2011-09-22,37.2
2011-09-23,40.3
2011-09-24,42.8
2011-09-25,44.1
2011-09-26,45.6
2011-09-27,47.0
2011-09-28,48.6
2011-09-29,47.1
2011-09-30,48.1
2011-10-01,49.1
2011-10-02,49.9
2011-10-03,50.0
2011-10-04,47.2
2011-10-05,43.1
2011-10-06,43.6
2011-10-07,41.6
2011-10-08,33.0
2011-10-09,31.9
2011-10-10,33.0
2011-10-11,33.2
2011-10-12,38.1
2011-10-13,39.9
2011-10-14,39.7
2011-10-15,42.3
2011-10-16,42.5
2011-10-17,41.2
2011-10-18,38.4
2011-10-19,41.1
2011-10-20,44.3
2011-10-21,45.5
2011-10-22,46.5
2011-10-23,47.6
2011-10-24,49.1
2011-10-25,48.6
2011-10-26,37.0
2011-10-27,27.8
2011-10-28,23.0
2011-10-29,20.7
2011-10-30,31.4
2011-10-31,32.6
2011-11-01,32.1
2011-11-02,29.3
2011-11-03,22.8
2011-11-04,24.2
2011-11-05,30.0
2011-11-06,32.3
2011-11-07,31.2
2011-11-08,23.2
2011-11-09,17.3
2011-11-10,14.5
2011-11-11,25.0
2011-11-12,25.9
2011-11-13,26.4
2011-11-14,30.1
2011-11-15,31.2
2011-11-16,30.0
2011-11-17,32.8
2011-11-18,34.4
2011-11-19,34.8
2011-11-20,33.6
2011-11-21,34.0
2011-11-22,35.8
2011-11-23,38.7
2011-11-24,40.5
2011-11-25,39.5
2011-11-26,39.1
2011-11-27,41.5
2011-11-28,43.6
2011-11-29,41.2
2011-11-30,43.7
2011-12-01,41.6
2011-12-02,32.1
2011-12-03,26.2
2011-12-04,23.7
2011-12-05,18.2
2011-12-06,16.9
2011-12-07,15.8
2011-12-08,20.5
2011-12-09,21.2
2011-12-10,20.7
2011-12-11,20.2
2011-12-12,22.5
2011-12-13,21.3
2011-12-14,22.1
2011-12-15,21.9
2011-12-16,23.3
2011-12-17,24.7
2011-12-18,26.1
2011-12-19,24.6
2011-12-20,19.2
2011-12-21,12.2
2011-12-22,11.2
2011-12-23,10.3
2011-12-24,9.7
2011-12-25,8.9
2011-12-26,8.1
2011-12-27,7.3
2011-12-28,10.1
2011-12-29,14.1
2011-12-30,18.6
2011-12-31,22.6
2012-01-01,23.1
2012-01-02,24.6
2012-01-03,27.0
2012-01-04,28.6
2012-01-05,30.5
2012-01-06,30.4
2012-01-07,28.9
2012-01-08,22.1
2012-01-09,17.6
2012-01-10,24.1
2012-01-11,26.2
2012-01-12,21.9
2012-01-13,15.9
2012-01-14,19.3
2012-01-15,26.5
2012-01-16,25.4
2012-01-17,26.1
2012-01-18,27.7
2012-01-19,29.2
2012-01-20,30.7
2012-01-21,31.2
2012-01-22,31.7
2012-01-23,33.5
2012-01-24,31.9
2012-01-25,31.8
2012-01-26,34.4
2012-01-27,33.2
2012-01-28,33.3
2012-01-29,35.1
2012-01-30,36.8
2012-01-31,37.2
2012-02-01,38.3
2012-02-02,37.1
2012-02-03,28.3
2012-02-04,21.3
2012-02-05,16.8
2012-02-06,15.3
2012-02-07,17.1
2012-02-08,15.4
2012-02-09,21.5
2012-02-10,18.7
2012-02-11,13.5
2012-02-12,13.1
2012-02-13,16.9
2012-02-14,20.5
2012-02-15,20.0
2012-02-16,21.2
2012-02-17,22.7
2012-02-18,22.3
2012-02-19,23.6
2012-02-20,24.0
2012-02-21,25.1
2012-02-22,26.4
2012-02-23,28.3
2012-02-24,22.6
2012-02-25,12.2
2012-02-26,17.9
2012-02-27,21.6
2012-02-28,21.6
2012-02-29,24.0
2012-03-01,26.6
2012-03-02,21.1
2012-03-03,14.3
2012-03-04,21.0
2012-03-05,27.2
2012-03-06,29.6
2012-03-07,29.6
2012-03-08,24.9
2012-03-09,25.0
2012-03-10,20.5
2012-03-11,24.9
2012-03-12,29.5
2012-03-13,32.5
2012-03-14,35.2
2012-03-15,36.9
2012-03-16,38.7
2012-03-17,40.4
2012-03-18,40.1
2012-03-19,39.7
2012-03-20,39.1
2012-03-21,39.4
2012-03-22,40.4
2012-03-23,42.8
2012-03-24,45.2
2012-03-25,45.1
2012-03-26,46.9
2012-03-27,48.2
2012-03-28,49.7
2012-03-29,50.6
2012-03-30,51.1
2012-03-31,52.3
2012-04-01,54.6
2012-04-02,53.3
2012-04-03,42.7
2012-04-04,32.4
2012-04-05,33.8
2012-04-06,37.3
2012-04-07,40.6
2012-04-08,41.4
2012-04-09,43.0
2012-04-10,38.8
2012-04-11,35.8
2012-04-12,35.0
2012-04-13,36.6
2012-04-14,37.1
2012-04-15,34.8
2012-04-16,31.6
2012-04-17,32.9
2012-04-18,38.2
2012-04-19,37.1
2012-04-20,36.1
2012-04-21,40.6
2012-04-22,39.6
2012-04-23,42.2
2012-04-24,45.2
2012-04-25,47.3
2012-04-26,46.4
2012-04-27,43.6
2012-04-28,43.2
2012-04-29,44.7
2012-04-30,47.8
2012-05-01,49.3
2012-05-02,50.0
2012-05-03,51.2
2012-05-04,54.3
2012-05-05,56.6
2012-05-06,53.5
2012-05-07,34.1
2012-05-08,34.2
2012-05-09,36.8
2012-05-10,42.6
2012-05-11,39.8
2012-05-12,30.5
2012-05-13,32.0
2012-05-14,32.3
2012-05-15,38.5
2012-05-16,41.0
2012-05-17,41.5
2012-05-18,44.7
2012-05-19,43.6
2012-05-20,39.2
2012-05-21,41.5
2012-05-22,45.3
2012-05-23,46.9
2012-05-24,42.5
2012-05-25,43.1
2012-05-26,46.6
2012-05-27,48.2
2012-05-28,50.1
2012-05-29,50.7
2012-05-30,52.8
2012-05-31,49.7
2012-06-01,51.0
2012-06-02,50.2
2012-06-03,52.7
2012-06-04,52.5
2012-06-05,48.3
2012-06-06,49.8
2012-06-07,48.1
2012-06-08,48.1
2012-06-09,50.8
2012-06-10,50.6
2012-06-11,49.8
2012-06-12,51.6
2012-06-13,53.5
2012-06-14,55.2
2012-06-15,53.4
2012-06-16,52.0
2012-06-17,56.0
2012-06-18,59.3
2012-06-19,62.1
2012-06-20,60.7
2012-06-21,56.1
2012-06-22,59.8
2012-06-23,61.8
2012-06-24,63.5
2012-06-25,65.6
2012-06-26,66.7
2012-06-27,65.6
2012-06-28,64.4
2012-06-29,65.8
2012-06-30,66.1
2012-07-01,65.4
2012-07-02,64.6
2012-07-03,63.7
2012-07-04,62.0
2012-07-05,61.2
2012-07-06,60.3
2012-07-07,51.3
2012-07-08,48.8
2012-07-09,38.4
2012-07-10,36.7
2012-07-11,37.6
2012-07-12,40.8
2012-07-13,42.9
2012-07-14,44.7
2012-07-15,48.4
2012-07-16,48.7
2012-07-17,49.3
2012-07-18,49.9
2012-07-19,52.8
2012-07-20,54.8
2012-07-21,56.5
2012-07-22,57.7
2012-07-23,58.8
2012-07-24,59.3
2012-07-25,56.3
2012-07-26,56.7
2012-07-27,55.4
2012-07-28,55.0
2012-07-29,54.9
2012-07-30,54.0
2012-07-31,47.3
2012-08-01,49.8
2012-08-02,49.4
2012-08-03,50.2
2012-08-04,48.5
2012-08-05,48.7
2012-08-06,51.6
2012-08-07,52.4
2012-08-08,53.0
2012-08-09,54.8
2012-08-10,53.5
2012-08-11,54.9
2012-08-12,52.2
2012-08-13,50.4
2012-08-14,47.3
2012-08-15,49.0
2012-08-16,44.7
2012-08-17,44.3
2012-08-18,45.3
2012-08-19,47.4
2012-08-20,44.7
2012-08-21,46.9
2012-08-22,47.3
2012-08-23,44.1
2012-08-24,40.0
2012-08-25,43.0
2012-08-26,43.5
2012-08-27,45.7
2012-08-28,48.3
2012-08-29,50.7
2012-08-30,52.5
2012-08-31,53.9
2012-09-01,55.0
2012-09-02,54.6
2012-09-03,54.0
2012-09-04,54.6
2012-09-05,55.5
2012-09-06,56.8
2012-09-07,55.3
2012-09-08,51.9
2012-09-09,54.6
2012-09-10,55.6
2012-09-11,55.5
2012-09-12,47.2
2012-09-13,36.2
2012-09-14,36.0
2012-09-15,37.3
2012-09-16,40.3
2012-09-17,38.6
2012-09-18,38.9
2012-09-19,42.5
2012-09-20,44.3
2012-09-21,46.0
2012-09-22,46.2
2012-09-23,47.6
2012-09-24,46.8
2012-09-25,45.1
2012-09-26,41.0
2012-09-27,37.9
2012-09-28,37.2
2012-09-29,37.0
2012-09-30,36.9
2012-10-01,37.2
2012-10-02,40.3
2012-10-03,43.3
2012-10-04,39.1
2012-10-05,39.0
2012-10-06,33.3
2012-10-07,37.9
2012-10-08,43.2
2012-10-09,44.0
2012-10-10,42.1
2012-10-11,44.9
2012-10-12,38.5
2012-10-13,40.1
2012-10-14,42.4
2012-10-15,45.5
2012-10-16,47.1
2012-10-17,47.8
2012-10-18,48.1
2012-10-19,50.2
2012-10-20,52.1
2012-10-21,52.4
2012-10-22,51.0
2012-10-23,52.4
2012-10-24,52.7
2012-10-25,47.0
2012-10-26,40.0
2012-10-27,37.6
2012-10-28,45.5
2012-10-29,48.1
2012-10-30,48.4
2012-10-31,49.4
2012-11-01,50.8
2012-11-02,50.9
2012-11-03,48.8
2012-11-04,50.6
2012-11-05,49.8
2012-11-06,50.8
2012-11-07,52.9
2012-11-08,53.2
2012-11-09,52.3
2012-11-10,47.0
2012-11-11,47.0
2012-11-12,45.4
2012-11-13,45.1
2012-11-14,46.5
2012-11-15,46.4
2012-11-16,45.9
2012-11-17,47.4
2012-11-18,47.2
2012-11-19,47.6
2012-11-20,49.2
2012-11-21,50.8
2012-11-22,51.0
2012-11-23,48.3
2012-11-24,51.8
2012-11-25,52.8
2012-11-26,51.3
2012-11-27,52.3
2012-11-28,53.3
2012-11-29,52.6
2012-11-30,52.6
2012-12-01,52.7
2012-12-02,53.6
2012-12-03,52.1
2012-12-04,52.5
2012-12-05,53.4
2012-12-06,52.0
2012-12-07,49.1
2012-12-08,49.6
2012-12-09,46.5
2012-12-10,41.4
2012-12-11,27.9
2012-12-12,25.2
2012-12-13,36.6
2012-12-14,35.1
2012-12-15,29.8
2012-12-16,23.0
2012-12-17,25.9
2012-12-18,29.5
2012-12-19,26.1
2012-12-20,22.9
2012-12-21,18.2
2012-12-22,21.9
2012-12-23,25.5
2012-12-24,24.5
2012-12-25,19.3
2012-12-26,11.6
2012-12-27,13.8
2012-12-28,13.0
2012-12-29,13.3
2012-12-30,16.2
2012-12-31,18.7
2013-01-01,14.9
2013-01-02,8.2
2013-01-03,7.4
2013-01-04,6.9
2013-01-05,6.4
2013-01-06,9.1
2013-01-07,19.1
2013-01-08,21.1
2013-01-09,22.0
2013-01-10,23.2
2013-01-11,22.5
2013-01-12,22.4
2013-01-13,18.2
2013-01-14,14.6
2013-01-15,14.5
2013-01-16,12.1
2013-01-17,17.5
2013-01-18,23.4
2013-01-19,25.4
2013-01-20,26.8
2013-01-21,27.2
2013-01-22,30.4
2013-01-23,32.6
2013-01-24,32.5
2013-01-25,30.2
2013-01-26,29.5
2013-01-27,30.7
2013-01-28,31.2
2013-01-29,27.5
2013-01-30,21.7
2013-01-31,14.7
2013-02-01,20.4
2013-02-02,24.4
2013-02-03,28.4
2013-02-04,30.1
2013-02-05,31.2
2013-02-06,32.0
2013-02-07,27.2
2013-02-08,25.5
2013-02-09,28.5
2013-02-10,24.6
2013-02-11,14.1
2013-02-12,12.7
2013-02-13,11.7
2013-02-14,10.9
2013-02-15,13.0
2013-02-16,13.2
2013-02-17,17.1
2013-02-18,19.5
2013-02-19,19.3
2013-02-20,18.4
2013-02-21,13.6
2013-02-22,8.4
2013-02-23,7.8
2013-02-24,9.2
2013-02-25,8.2
2013-02-26,6.4
2013-02-27,5.8
2013-02-28,5.3
2013-03-01,4.9
2013-03-02,4.5
2013-03-03,15.2
2013-03-04,15.1
2013-03-05,11.0
2013-03-06,12.0
2013-03-07,21.6
2013-03-08,22.3
2013-03-09,20.0
2013-03-10,14.2
2013-03-11,12.5
2013-03-12,15.8
2013-03-13,20.3
2013-03-14,26.5
2013-03-15,29.7
2013-03-16,28.9
2013-03-17,25.9
2013-03-18,29.9
2013-03-19,30.9
2013-03-20,32.2
2013-03-21,32.8
2013-03-22,30.8
2013-03-23,28.0
2013-03-24,24.5
2013-03-25,15.3
2013-03-26,13.7
2013-03-27,23.1
2013-03-28,24.6
2013-03-29,29.4
2013-03-30,31.3
2013-03-31,31.4
2013-04-01,30.9
2013-04-02,26.5
2013-04-03,22.2
2013-04-04,23.6
2013-04-05,32.2
2013-04-06,32.9
2013-04-07,34.8
2013-04-08,36.8
2013-04-09,32.6
2013-04-10,27.7
2013-04-11,16.9
2013-04-12,26.2
2013-04-13,27.6
2013-04-14,30.7
2013-04-15,32.4
2013-04-16,30.8
2013-04-17,27.2
2013-04-18,21.4
2013-04-19,15.2
2013-04-20,14.0
2013-04-21,20.6
2013-04-22,24.5
2013-04-23,18.0
2013-04-24,13.0
2013-04-25,21.6
2013-04-26,26.4
2013-04-27,30.2
2013-04-28,33.7
2013-04-29,36.4
2013-04-30,38.3
2013-05-01,33.0
2013-05-02,22.2
2013-05-03,16.5
2013-05-04,29.6
2013-05-05,30.9
2013-05-06,31.0
2013-05-07,32.6
2013-05-08,30.0
2013-05-09,25.7
2013-05-10,27.8
2013-05-11,30.4
2013-05-12,33.7
2013-05-13,37.0
2013-05-14,38.3
2013-05-15,38.3
2013-05-16,40.9
2013-05-17,44.5
2013-05-18,45.3
2013-05-19,44.4
2013-05-20,43.9
2013-05-21,42.6
2013-05-22,44.6
2013-05-23,42.6
2013-05-24,43.0
2013-05-25,45.2
2013-05-26,47.9
2013-05-27,49.3
2013-05-28,50.2
2013-05-29,50.3
2013-05-30,51.5
2013-05-31,53.1
2013-06-01,53.1
2013-06-02,53.0
2013-06-03,55.1
2013-06-04,55.1
2013-06-05,47.7
2013-06-06,44.1
2013-06-07,42.2
2013-06-08,44.1
2013-06-09,45.3
2013-06-10,48.8
2013-06-11,52.8
2013-06-12,54.2
2013-06-13,54.2
2013-06-14,54.0
2013-06-15,54.9
2013-06-16,53.6
2013-06-17,53.8
2013-06-18,50.5
2013-06-19,51.6
2013-06-20,53.1
2013-06-21,54.3
2013-06-22,55.6
2013-06-23,55.3
2013-06-24,57.4
2013-06-25,59.2
2013-06-26,60.3
2013-06-27,61.8
2013-06-28,59.3
2013-06-29,54.9
2013-06-30,52.0
2013-07-01,42.2
2013-07-02,43.1
2013-07-03,42.5
2013-07-04,43.8
2013-07-05,44.3
2013-07-06,42.0
2013-07-07,42.6
2013-07-08,42.4
2013-07-09,46.6
2013-07-10,46.7
2013-07-11,44.2
2013-07-12,46.0
2013-07-13,45.4
2013-07-14,42.7
2013-07-15,30.4
2013-07-16,31.7
2013-07-17,32.7
2013-07-18,34.7
2013-07-19,33.8
2013-07-20,32.6
2013-07-21,35.0
2013-07-22,39.6
2013-07-23,43.4
2013-07-24,39.5
2013-07-25,34.6
2013-07-26,34.3
2013-07-27,37.2
2013-07-28,29.8
2013-07-29,32.5
2013-07-30,33.7
2013-07-31,35.7
2013-08-01,32.5
2013-08-02,37.2
2013-08-03,34.6
2013-08-04,33.1
2013-08-05,34.6
2013-08-06,35.3
2013-08-07,29.1
2013-08-08,26.8
2013-08-09,28.9
2013-08-10,30.1
2013-08-11,31.5
2013-08-12,30.9
2013-08-13,29.4
2013-08-14,29.8
2013-08-15,33.4
2013-08-16,36.5
2013-08-17,40.7
2013-08-18,41.6
2013-08-19,43.6
2013-08-20,46.8
2013-08-21,47.7
2013-08-22,46.8
2013-08-23,42.1
2013-08-24,42.6
2013-08-25,42.0
2013-08-26,43.8
2013-08-27,45.4
2013-08-28,47.7
2013-08-29,50.5
2013-08-30,52.1
2013-08-31,50.8
2013-09-01,44.1
2013-09-02,41.0
2013-09-03,41.9
2013-09-04,43.7
2013-09-05,46.3
2013-09-06,49.1
2013-09-07,50.7
2013-09-08,51.3
2013-09-09,51.2
2013-09-10,44.6
2013-09-11,32.2
2013-09-12,22.4
2013-09-13,16.7
2013-09-14,21.2
2013-09-15,19.6
2013-09-16,16.9
2013-09-17,22.6
2013-09-18,25.3
2013-09-19,25.3
2013-09-20,23.9
2013-09-21,27.3
2013-09-22,28.3
2013-09-23,28.6
2013-09-24,32.4
2013-09-25,35.5
2013-09-26,39.0
2013-09-27,38.0
2013-09-28,40.4
2013-09-29,42.9
2013-09-30,45.1
2013-10-01,45.4
2013-10-02,47.3
2013-10-03,47.4
2013-10-04,44.4
2013-10-05,44.3
2013-10-06,46.7
2013-10-07,48.4
2013-10-08,49.3
2013-10-09,49.2
2013-10-10,45.1
2013-10-11,45.9
2013-10-12,43.1
2013-10-13,43.3
2013-10-14,40.0
2013-10-15,34.5
2013-10-16,29.7
2013-10-17,29.5
2013-10-18,28.7
2013-10-19,33.2
2013-10-20,33.3
2013-10-21,27.6
2013-10-22,27.1
2013-10-23,35.5
2013-10-24,34.0
2013-10-25,33.8
2013-10-26,34.3
2013-10-27,36.7
2013-10-28,36.8
2013-10-29,36.3
2013-10-30,34.6
2013-10-31,33.9
2013-11-01,34.9
2013-11-02,37.5
2013-11-03,38.4
2013-11-04,37.4
2013-11-05,31.7
2013-11-06,28.4
2013-11-07,32.5
2013-11-08,38.0
2013-11-09,38.4
2013-11-10,39.2
2013-11-11,40.5
2013-11-12,37.1
2013-11-13,40.8
2013-11-14,40.3
2013-11-15,40.3
2013-11-16,37.9
2013-11-17,39.4
2013-11-18,41.0
2013-11-19,41.8
2013-11-20,41.3
2013-11-21,37.9
2013-11-22,28.7
2013-11-23,21.1
2013-11-24,19.2
2013-11-25,17.6
2013-11-26,16.3
2013-11-27,14.8
2013-11-28,16.7
2013-11-29,16.3
2013-11-30,23.4
2013-12-01,24.0
2013-12-02,24.8
2013-12-03,25.2
2013-12-04,22.3
2013-12-05,20.7
2013-12-06,14.9
2013-12-07,11.2
2013-12-08,10.3
2013-12-09,9.6
2013-12-10,8.8
2013-12-11,13.6
2013-12-12,15.6
2013-12-13,19.4
2013-12-14,19.2
2013-12-15,20.7
2013-12-16,22.0
2013-12-17,26.3
2013-12-18,28.4
2013-12-19,28.9
2013-12-20,25.9
2013-12-21,26.3
2013-12-22,20.8
2013-12-23,15.7
2013-12-24,19.3
2013-12-25,22.4
2013-12-26,24.2
2013-12-27,24.7
2013-12-28,25.4
2013-12-29,21.0
2013-12-30,18.0
2013-12-31,22.4
2014-01-01,23.2
2014-01-02,23.1
2014-01-03,28.6
2014-01-04,27.9
2014-01-05,21.8
2014-01-06,12.4
2014-01-07,11.4
2014-01-08,16.2
2014-01-09,20.8
2014-01-10,21.2
2014-01-11,23.2
2014-01-12,25.4
2014-01-13,26.9
2014-01-14,27.0
2014-01-15,28.7
2014-01-16,30.0
2014-01-17,30.6
2014-01-18,32.6
2014-01-19,34.1
2014-01-20,34.1
2014-01-21,36.9
2014-01-22,36.3
2014-01-23,28.2
2014-01-24,25.5
2014-01-25,28.0
2014-01-26,32.7
2014-01-27,29.6
2014-01-28,28.1
2014-01-29,24.0
2014-01-30,28.5
2014-01-31,24.7
2014-02-01,19.4
2014-02-02,13.8
2014-02-03,15.9
2014-02-04,13.5
2014-02-05,10.9
2014-02-06,9.9
2014-02-07,9.0
2014-02-08,8.2
2014-02-09,15.5
2014-02-10,14.8
2014-02-11,11.9
2014-02-12,7.1
2014-02-13,17.4
2014-02-14,20.8
2014-02-15,24.5
2014-02-16,24.9
2014-02-17,28.5
2014-02-18,31.0
2014-02-19,30.4
2014-02-20,28.2
2014-02-21,27.8
2014-02-22,31.4
2014-02-23,31.8
2014-02-24,34.0
2014-02-25,33.4
2014-02-26,34.0
2014-02-27,34.9
2014-02-28,33.7
2014-03-01,31.1
2014-03-02,27.0
2014-03-03,18.8
2014-03-04,30.1
2014-03-05,27.9
2014-03-06,29.4
2014-03-07,31.2
2014-03-08,19.4
2014-03-09,18.9
2014-03-10,27.3
2014-03-11,30.0
2014-03-12,22.8
2014-03-13,20.9
2014-03-14,26.9
2014-03-15,27.9
2014-03-16,26.5
2014-03-17,27.5
2014-03-18,29.8
2014-03-19,25.0
2014-03-20,27.6
2014-03-21,30.2
2014-03-22,29.5
2014-03-23,23.7
2014-03-24,27.0
2014-03-25,30.1
2014-03-26,31.4
2014-03-27,32.0
2014-03-28,34.2
2014-03-29,36.6
2014-03-30,38.0
2014-03-31,39.7
2014-04-01,39.7
2014-04-02,40.0
2014-04-03,33.8
2014-04-04,29.4
2014-04-05,29.3
2014-04-06,26.9
2014-04-07,25.5
2014-04-08,30.5
2014-04-09,32.6
2014-04-10,37.1
2014-04-11,39.3
2014-04-12,40.5
2014-04-13,37.2
2014-04-14,25.1
2014-04-15,17.9
2014-04-16,27.6
2014-04-17,23.1
2014-04-18,23.7
2014-04-19,30.9
2014-04-20,27.1
2014-04-21,29.1
2014-04-22,31.5
2014-04-23,34.6
2014-04-24,34.7
2014-04-25,38.1
2014-04-26,39.4
2014-04-27,35.1
2014-04-28,33.8
2014-04-29,37.6
2014-04-30,33.8
2014-05-01,36.5
2014-05-02,39.5
2014-05-03,42.6
2014-05-04,45.1
2014-05-05,47.6
2014-05-06,49.0
2014-05-07,49.6
2014-05-08,46.5
2014-05-09,45.6
2014-05-10,47.4
2014-05-11,44.0
2014-05-12,31.3
2014-05-13,30.3
2014-05-14,30.0
2014-05-15,33.2
2014-05-16,34.4
2014-05-17,34.2
2014-05-18,36.6
2014-05-19,40.5
2014-05-20,41.8
2014-05-21,40.9
2014-05-22,37.4
2014-05-23,36.0
2014-05-24,34.4
2014-05-25,33.7
2014-05-26,35.2
2014-05-27,38.0
2014-05-28,39.8
2014-05-29,41.0
2014-05-30,38.3
2014-05-31,38.6
2014-06-01,41.3
2014-06-02,40.8
2014-06-03,43.3
2014-06-04,46.1
2014-06-05,44.8
2014-06-06,41.9
2014-06-07,37.6
2014-06-08,33.1
2014-06-09,36.0
2014-06-10,39.3
2014-06-11,41.4
2014-06-12,35.5
2014-06-13,40.4
2014-06-14,43.5
2014-06-15,45.1
2014-06-16,48.5
2014-06-17,50.2
2014-06-18,50.9
2014-06-19,50.6
2014-06-20,52.3
2014-06-21,52.1
2014-06-22,52.7
2014-06-23,49.9
2014-06-24,47.9
2014-06-25,44.9
2014-06-26,48.5
2014-06-27,49.7
2014-06-28,50.9
2014-06-29,53.5
2014-06-30,55.8
2014-07-01,47.2
2014-07-02,41.9
2014-07-03,43.7
2014-07-04,44.8
2014-07-05,45.2
2014-07-06,48.8
2014-07-07,50.2
2014-07-08,46.2
2014-07-09,46.0
2014-07-10,48.6
2014-07-11,48.8
2014-07-12,47.0
2014-07-13,37.7
2014-07-14,35.2
2014-07-15,30.9
2014-07-16,29.8
2014-07-17,26.7
2014-07-18,31.0
2014-07-19,33.0
2014-07-20,38.6
2014-07-21,39.6
2014-07-22,44.1
2014-07-23,46.9
2014-07-24,49.0
2014-07-25,49.7
2014-07-26,49.7
2014-07-27,44.3
2014-07-28,35.9
2014-07-29,33.4
2014-07-30,20.5
2014-07-31,19.4
2014-08-01,18.1
2014-08-02,21.6
2014-08-03,25.7
2014-08-04,27.7
2014-08-05,27.9
2014-08-06,32.5
2014-08-07,32.6
2014-08-08,32.6
2014-08-09,37.0
2014-08-10,35.4
2014-08-11,34.7
2014-08-12,37.6
2014-08-13,40.2
2014-08-14,40.3
2014-08-15,41.3
2014-08-16,40.9
2014-08-17,43.0
2014-08-18,45.7
2014-08-19,45.2
2014-08-20,45.7
2014-08-21,47.4
2014-08-22,43.5
2014-08-23,41.4
2014-08-24,43.6
2014-08-25,42.5
2014-08-26,36.5
2014-08-27,38.6
2014-08-28,37.6
2014-08-29,38.4
2014-08-30,38.8
2014-08-31,41.6
2014-09-01,41.4
2014-09-02,43.6
2014-09-03,46.6
2014-09-04,47.3
2014-09-05,36.1
2014-09-06,35.2
2014-09-07,35.8
2014-09-08,36.7
2014-09-09,35.7
2014-09-10,33.2
2014-09-11,33.2
2014-09-12,24.4
2014-09-13,31.1
2014-09-14,33.8
2014-09-15,32.3
2014-09-16,33.8
2014-09-17,36.3
2014-09-18,40.4
2014-09-19,41.6
2014-09-20,42.7
2014-09-21,35.0
2014-09-22,29.6
2014-09-23,35.0
2014-09-24,36.8
2014-09-25,38.5
2014-09-26,40.3
2014-09-27,42.3
2014-09-28,40.3
2014-09-29,36.2
2014-09-30,38.9
2014-10-01,39.5
2014-10-02,39.4
2014-10-03,39.0
2014-10-04,42.0
2014-10-05,43.9
2014-10-06,45.5
2014-10-07,46.7
2014-10-08,46.6
2014-10-09,41.9
2014-10-10,22.5
2014-10-11,31.8
2014-10-12,29.8
2014-10-13,27.2
2014-10-14,32.7
2014-10-15,35.7
2014-10-16,37.8
2014-10-17,36.3
2014-10-18,34.7
2014-10-19,37.1
2014-10-20,37.9
2014-10-21,38.0
2014-10-22,38.6
2014-10-23,40.5
2014-10-24,43.5
2014-10-25,45.2
2014-10-26,45.6
2014-10-27,43.5
2014-10-28,43.4
2014-10-29,46.8
2014-10-30,46.0
2014-10-31,44.4
2014-11-01,45.2
2014-11-02,43.7
2014-11-03,43.9
2014-11-04,39.9
2014-11-05,44.9
2014-11-06,45.6
2014-11-07,47.0
2014-11-08,44.2
2014-11-09,47.8
2014-11-10,47.7
2014-11-11,40.5
2014-11-12,36.9
2014-11-13,35.4
2014-11-14,23.5
2014-11-15,25.3
2014-11-16,22.3
2014-11-17,18.5
2014-11-18,16.7
2014-11-19,19.0
2014-11-20,22.0
2014-11-21,21.2
2014-11-22,21.5
2014-11-23,22.8
2014-11-24,20.6
2014-11-25,18.9
2014-11-26,21.6
2014-11-27,24.8
2014-11-28,30.3
2014-11-29,32.6
2014-11-30,33.2
2014-12-01,30.5
2014-12-02,34.0
2014-12-03,34.0
2014-12-04,31.6
2014-12-05,32.6
2014-12-06,31.4
2014-12-07,34.8
2014-12-08,36.4
2014-12-09,37.7
2014-12-10,39.7
2014-12-11,41.0
2014-12-12,41.7
2014-12-13,40.7
2014-12-14,37.1
2014-12-15,34.6
2014-12-16,31.9
2014-12-17,31.4
2014-12-18,26.9
2014-12-19,22.3
2014-12-20,25.9
2014-12-21,25.4
2014-12-22,24.9
2014-12-23,20.5
2014-12-24,21.8
2014-12-25,22.3
2014-12-26,20.7
2014-12-27,18.4
2014-12-28,12.4
2014-12-29,13.6
2014-12-30,12.4
2014-12-31,9.9
2015-01-01,9.0
2015-01-02,8.2
2015-01-03,7.5
2015-01-04,6.9
2015-01-05,9.7
2015-01-06,16.8
2015-01-07,15.1
2015-01-08,18.2
2015-01-09,14.7
2015-01-10,14.8
2015-01-11,20.5
2015-01-12,15.8
2015-01-13,14.2
2015-01-14,8.5
2015-01-15,7.9
2015-01-16,7.2
2015-01-17,20.2
2015-01-18,22.4
2015-01-19,24.0
2015-01-20,21.0
2015-01-21,16.2
2015-01-22,15.1
2015-01-23,9.0
2015-01-24,8.2
2015-01-25,17.5
2015-01-26,20.0
2015-01-27,25.3
2015-01-28,26.3
2015-01-29,24.2
2015-01-30,22.3
2015-01-31,15.4
2015-02-01,13.2
2015-02-02,13.9
2015-02-03,24.2
2015-02-04,23.2
2015-02-05,24.5
2015-02-06,29.5
2015-02-07,31.6
2015-02-08,32.8
2015-02-09,34.1
2015-02-10,35.0
2015-02-11,25.8
2015-02-12,20.5
2015-02-13,22.5
2015-02-14,27.3
2015-02-15,27.9
2015-02-16,21.2
2015-02-17,14.0
2015-02-18,12.8
2015-02-19,11.7
2015-02-20,21.1
2015-02-21,19.2
2015-02-22,15.8
2015-02-23,9.7
2015-02-24,9.1
2015-02-25,8.4
2015-02-26,7.7
2015-02-27,7.1
2015-02-28,6.5
2015-03-01,6.0
2015-03-02,5.5
2015-03-03,5.0
2015-03-04,4.7
2015-03-05,4.3
2015-03-06,4.0
2015-03-07,10.2
2015-03-08,14.4
2015-03-09,15.4
2015-03-10,17.8
2015-03-11,19.9
2015-03-12,21.3
2015-03-13,19.8
2015-03-14,21.8
2015-03-15,25.5
2015-03-16,27.7
2015-03-17,24.6
2015-03-18,27.4
2015-03-19,13.2
2015-03-20,17.6
2015-03-21,20.4
2015-03-22,25.7
2015-03-23,26.4
2015-03-24,28.3
2015-03-25,27.1
2015-03-26,24.3
2015-03-27,25.7
2015-03-28,32.1
2015-03-29,32.5
2015-03-30,35.4
2015-03-31,37.8
2015-04-01,38.5
2015-04-02,37.2
2015-04-03,35.0
2015-04-04,39.2
2015-04-05,41.7
2015-04-06,44.4
2015-04-07,45.9
2015-04-08,46.7
2015-04-09,45.9
2015-04-10,43.9
2015-04-11,46.2
2015-04-12,48.1
2015-04-13,47.0
2015-04-14,49.1
2015-04-15,49.8
2015-04-16,47.2
2015-04-17,31.5
2015-04-18,27.2
2015-04-19,29.5
2015-04-20,30.9
2015-04-21,32.7
2015-04-22,33.9
2015-04-23,35.8
2015-04-24,36.1
2015-04-25,37.6
2015-04-26,35.4
2015-04-27,18.1
2015-04-28,21.5
2015-04-29,25.5
2015-04-30,31.3
2015-05-01,28.6
2015-05-02,30.2
2015-05-03,32.1
2015-05-04,28.0
2015-05-05,20.1
2015-05-06,23.2
2015-05-07,24.5
2015-05-08,20.1
2015-05-09,19.7
2015-05-10,18.5
2015-05-11,17.4
2015-05-12,19.8
2015-05-13,21.8
2015-05-14,25.4
2015-05-15,26.4
2015-05-16,28.0
2015-05-17,30.3
2015-05-18,25.0
2015-05-19,17.0
2015-05-20,20.2
2015-05-21,16.9
2015-05-22,19.2
2015-05-23,20.1
2015-05-24,20.0
2015-05-25,22.4
2015-05-26,24.4
2015-05-27,26.6
2015-05-28,29.7
2015-05-29,29.6
2015-05-30,27.0
2015-05-31,29.3
2015-06-01,32.0
2015-06-02,36.4
2015-06-03,38.1
2015-06-04,35.6
2015-06-05,31.5
2015-06-06,33.1
2015-06-07,33.7
2015-06-08,36.1
2015-06-09,37.3
2015-06-10,35.6
2015-06-11,36.6
2015-06-12,29.6
2015-06-13,31.6
2015-06-14,31.6
2015-06-15,32.5
2015-06-16,32.3
2015-06-17,35.3
2015-06-18,37.5
2015-06-19,41.1
2015-06-20,45.1
2015-06-21,47.6
2015-06-22,49.4
2015-06-23,45.7
2015-06-24,47.5
2015-06-25,48.0
2015-06-26,44.8
2015-06-27,42.1
2015-06-28,43.5
2015-06-29,42.2
2015-06-30,45.1
2015-07-01,45.4
2015-07-02,36.6
2015-07-03,36.9
2015-07-04,39.8
2015-07-05,40.7
2015-07-06,34.4
2015-07-07,21.3
2015-07-08,24.5
2015-07-09,26.1
2015-07-10,28.7
2015-07-11,33.3
2015-07-12,36.4
2015-07-13,38.8
2015-07-14,36.5
2015-07-15,36.1
2015-07-16,38.4
2015-07-17,40.8
2015-07-18,41.0
2015-07-19,40.3
2015-07-20,35.3
2015-07-21,32.9
2015-07-22,36.2
2015-07-23,39.1
2015-07-24,41.5
2015-07-25,43.3
2015-07-26,44.1
2015-07-27,44.4
2015-07-28,47.2
2015-07-29,43.6
2015-07-30,43.6
2015-07-31,42.6
2015-08-01,40.7
2015-08-02,41.2
2015-08-03,40.5
2015-08-04,41.5
2015-08-05,43.2
2015-08-06,46.3
2015-08-07,45.9
2015-08-08,45.8
2015-08-09,46.7
2015-08-10,40.5
2015-08-11,35.2
2015-08-12,37.2
2015-08-13,39.8
2015-08-14,35.6
2015-08-15,39.5
2015-08-16,38.2
2015-08-17,34.9
2015-08-18,36.3
2015-08-19,34.2
2015-08-20,38.2
2015-08-21,40.5
2015-08-22,42.9
2015-08-23,39.0
2015-08-24,42.2
2015-08-25,43.3
2015-08-26,44.4
2015-08-27,44.6
2015-08-28,41.1
2015-08-29,43.0
2015-08-30,45.6
2015-08-31,45.1
2015-09-01,44.5
2015-09-02,45.9
2015-09-03,45.4
2015-09-04,45.3
2015-09-05,44.2
2015-09-06,46.4
2015-09-07,47.3
2015-09-08,48.0
2015-09-09,49.1
2015-09-10,51.3
2015-09-11,47.3
2015-09-12,44.9
2015-09-13,47.0
2015-09-14,47.4
2015-09-15,46.7
2015-09-16,48.2
2015-09-17,49.5
2015-09-18,47.9
2015-09-19,48.4
2015-09-20,51.0
2015-09-21,52.9
2015-09-22,51.8
2015-09-23,45.2
2015-09-24,46.0
2015-09-25,47.2
2015-09-26,45.0
2015-09-27,46.4
2015-09-28,48.0
2015-09-29,40.9
2015-09-30,39.1
2015-10-01,37.6
2015-10-02,31.3
2015-10-03,30.8
2015-10-04,27.1
2015-10-05,28.3
2015-10-06,28.6
2015-10-07,25.9
2015-10-08,29.5
2015-10-09,29.8
2015-10-10,33.7
2015-10-11,36.9
2015-10-12,38.5
2015-10-13,41.7
2015-10-14,44.0
2015-10-15,44.0
2015-10-16,41.7
2015-10-17,43.3
2015-10-18,42.4
2015-10-19,42.0
2015-10-20,42.1
2015-10-21,35.5
2015-10-22,24.1
2015-10-23,28.7
2015-10-24,26.1
2015-10-25,28.3
2015-10-26,28.3
2015-10-27,30.4
2015-10-28,31.8
2015-10-29,31.3
2015-10-30,23.4
2015-10-31,29.1
2015-11-01,34.7
2015-11-02,36.8
2015-11-03,38.1
2015-11-04,36.6
2015-11-05,35.0
2015-11-06,36.3
2015-11-07,32.2
2015-11-08,33.1
2015-11-09,38.0
2015-11-10,39.1
2015-11-11,38.3
2015-11-12,39.7
2015-11-13,40.9
2015-11-14,42.7
2015-11-15,42.9
2015-11-16,40.4
2015-11-17,32.6
2015-11-18,30.7
2015-11-19,29.2
2015-11-20,29.5
2015-11-21,34.7
2015-11-22,38.0
2015-11-23,38.8
2015-11-24,39.6
2015-11-25,40.3
2015-11-26,29.8
2015-11-27,26.6
2015-11-28,19.0
2015-11-29,17.2
2015-11-30,15.9
2015-12-01,14.7
2015-12-02,13.4
2015-12-03,12.0
2015-12-04,14.9
2015-12-05,20.9
2015-12-06,21.6
2015-12-07,23.8
2015-12-08,27.0
2015-12-09,29.0
2015-12-10,30.5
2015-12-11,31.6
2015-12-12,27.2
2015-12-13,20.0
2015-12-14,13.8
2015-12-15,17.7
2015-12-16,15.7
2015-12-17,11.4
2015-12-18,10.7
2015-12-19,20.9
2015-12-20,21.2
2015-12-21,22.1
2015-12-22,22.1
2015-12-23,21.8
2015-12-24,22.6
2015-12-25,21.6
2015-12-26,20.9
2015-12-27,20.2
2015-12-28,18.1
2015-12-29,17.9
2015-12-30,18.3
2015-12-31,17.4
2016-01-01,18.5
2016-01-02,19.4
2016-01-03,19.6
2016-01-04,19.3
2016-01-05,22.0
2016-01-06,21.1
2016-01-07,18.0
2016-01-08,13.3
2016-01-09,10.1
2016-01-10,9.1
2016-01-11,8.4
2016-01-12,8.0
2016-01-13,11.1
2016-01-14,14.4
2016-01-15,13.9
2016-01-16,12.6
2016-01-17,13.3
2016-01-18,15.1
2016-01-19,17.2
2016-01-20,18.7
2016-01-21,16.8
2016-01-22,18.6
2016-01-23,24.5
2016-01-24,25.2
2016-01-25,23.6
2016-01-26,15.6
2016-01-27,9.8
2016-01-28,16.3
2016-01-29,24.0
2016-01-30,25.2
2016-01-31,21.9
2016-02-01,15.8
2016-02-02,10.3
2016-02-03,9.5
2016-02-04,8.7
2016-02-05,8.1
2016-02-06,7.5
2016-02-07,10.0
2016-02-08,15.6
2016-02-09,17.9
2016-02-10,20.9
2016-02-11,25.2
2016-02-12,26.3
2016-02-13,28.4
2016-02-14,28.7
2016-02-15,29.3
2016-02-16,30.1
2016-02-17,33.6
2016-02-18,35.3
2016-02-19,36.0
2016-02-20,37.7
2016-02-21,36.7
2016-02-22,35.2
2016-02-23,27.9
2016-02-24,20.5
2016-02-25,23.1
2016-02-26,24.2
2016-02-27,24.9
2016-02-28,32.3
2016-02-29,33.5
2016-03-01,32.7
2016-03-02,35.3
2016-03-03,36.7
2016-03-04,38.7
2016-03-05,37.3
2016-03-06,38.2
2016-03-07,39.1
2016-03-08,37.8
2016-03-09,37.1
2016-03-10,39.9
2016-03-11,42.3
2016-03-12,41.8
2016-03-13,41.9
2016-03-14,43.5
2016-03-15,42.8
2016-03-16,43.5
2016-03-17,45.6
2016-03-18,38.0
2016-03-19,36.4
2016-03-20,33.0
2016-03-21,43.0
2016-03-22,43.7
2016-03-23,41.3
2016-03-24,38.0
2016-03-25,36.1
2016-03-26,26.6
2016-03-27,23.4
2016-03-28,19.0
2016-03-29,29.9
2016-03-30,32.7
2016-03-31,30.2
2016-04-01,22.1
2016-04-02,23.0
2016-04-03,24.3
2016-04-04,32.0
2016-04-05,34.2
2016-04-06,36.4
2016-04-07,36.5
2016-04-08,35.9
2016-04-09,37.2
2016-04-10,39.1
2016-04-11,30.1
2016-04-12,30.3
2016-04-13,33.5
2016-04-14,36.0
2016-04-15,35.7
2016-04-16,22.3
2016-04-17,17.8
2016-04-18,18.3
2016-04-19,15.1
2016-04-20,20.7
2016-04-21,24.6
2016-04-22,26.3
2016-04-23,31.1
2016-04-24,33.5
2016-04-25,35.1
2016-04-26,34.6
2016-04-27,34.4
2016-04-28,28.3
2016-04-29,17.7
2016-04-30,15.5
2016-05-01,14.2
2016-05-02,13.3
2016-05-03,16.2
2016-05-04,20.2
2016-05-05,25.1
2016-05-06,30.0
2016-05-07,32.3
2016-05-08,32.9
2016-05-09,34.8
2016-05-10,36.4
2016-05-11,32.0
2016-05-12,34.0
2016-05-13,37.4
2016-05-14,32.6
2016-05-15,27.6
2016-05-16,25.8
2016-05-17,22.0
2016-05-18,24.0
2016-05-19,27.2
2016-05-20,30.9
2016-05-21,35.0
2016-05-22,37.8
2016-05-23,38.2
2016-05-24,40.8
2016-05-25,44.3
2016-05-26,42.9
2016-05-27,37.4
2016-05-28,37.9
2016-05-29,39.0
2016-05-30,40.7
2016-05-31,38.4
2016-06-01,32.6
2016-06-02,35.5
2016-06-03,37.4
2016-06-04,36.9
2016-06-05,38.2
2016-06-06,38.5
2016-06-07,39.4
2016-06-08,40.0
2016-06-09,40.6
2016-06-10,44.3
2016-06-11,46.1
2016-06-12,46.3
2016-06-13,39.0
2016-06-14,44.0
2016-06-15,47.5
2016-06-16,50.8
2016-06-17,52.6
2016-06-18,50.7
2016-06-19,50.7
2016-06-20,50.6
2016-06-21,50.7
2016-06-22,51.0
2016-06-23,49.7
2016-06-24,49.0
2016-06-25,49.5
2016-06-26,47.4
2016-06-27,48.8
2016-06-28,47.6
2016-06-29,47.9
2016-06-30,46.3
2016-07-01,38.8
2016-07-02,33.1
2016-07-03,34.0
2016-07-04,38.8
2016-07-05,42.3
2016-07-06,45.1
2016-07-07,48.6
2016-07-08,44.3
2016-07-09,48.8
2016-07-10,51.6
2016-07-11,54.2
2016-07-12,52.6
2016-07-13,55.5
2016-07-14,52.8
2016-07-15,51.5
2016-07-16,50.4
2016-07-17,52.7
2016-07-18,48.5
2016-07-19,49.1
2016-07-20,50.9
2016-07-21,52.8
2016-07-22,52.2
2016-07-23,54.1
2016-07-24,52.1
2016-07-25,48.3
2016-07-26,48.2
2016-07-27,49.7
2016-07-28,49.8
2016-07-29,43.6
2016-07-30,41.4
2016-07-31,44.0
2016-08-01,44.2
2016-08-02,45.4
2016-08-03,42.4
2016-08-04,41.0
2016-08-05,33.8
2016-08-06,33.8
2016-08-07,34.0
2016-08-08,33.6
2016-08-09,38.1
2016-08-10,39.6
2016-08-11,41.3
2016-08-12,40.9
2016-08-13,38.1
2016-08-14,39.4
2016-08-15,42.4
2016-08-16,42.8
2016-08-17,41.0
2016-08-18,43.2
2016-08-19,39.5
2016-08-20,34.5
2016-08-21,34.4
2016-08-22,37.2
2016-08-23,37.8
2016-08-24,29.7
2016-08-25,29.5
2016-08-26,29.1
2016-08-27,32.7
2016-08-28,33.8
2016-08-29,28.1
2016-08-30,30.1
2016-08-31,30.0
2016-09-01,29.0
2016-09-02,28.4
2016-09-03,31.4
2016-09-04,33.6
2016-09-05,39.0
2016-09-06,38.2
2016-09-07,38.9
2016-09-08,42.9
2016-09-09,43.8
2016-09-10,42.0
2016-09-11,45.3
2016-09-12,46.2
2016-09-13,37.5
2016-09-14,34.5
2016-09-15,37.9
2016-09-16,36.7
2016-09-17,38.8
2016-09-18,42.3
2016-09-19,45.0
2016-09-20,47.0
2016-09-21,45.1
2016-09-22,43.9
2016-09-23,42.4
2016-09-24,42.9
2016-09-25,42.0
2016-09-26,43.8
2016-09-27,45.6
2016-09-28,46.9
2016-09-29,47.1
2016-09-30,46.3
2016-10-01,42.5
2016-10-02,42.7
2016-10-03,43.3
2016-10-04,45.1
2016-10-05,45.5
2016-10-06,45.5
2016-10-07,43.2
2016-10-08,45.8
2016-10-09,45.1
2016-10-10,46.6
2016-10-11,46.5
2016-10-12,44.6
2016-10-13,45.0
2016-10-14,47.2
2016-10-15,49.2
2016-10-16,50.7
2016-10-17,51.4
2016-10-18,49.2
2016-10-19,47.6
2016-10-20,48.4
2016-10-21,52.1
2016-10-22,53.1
2016-10-23,53.2
2016-10-24,53.1
2016-10-25,50.9
2016-10-26,51.0
2016-10-27,53.2
2016-10-28,53.2
2016-10-29,52.9
2016-10-30,49.6
2016-10-31,52.1
2016-11-01,50.0
2016-11-02,48.8
2016-11-03,48.8
2016-11-04,48.5
2016-11-05,45.8
2016-11-06,45.0
2016-11-07,47.0
2016-11-08,46.2
2016-11-09,47.6
2016-11-10,49.4
2016-11-11,44.2
2016-11-12,45.3
2016-11-13,46.6
2016-11-14,47.9
2016-11-15,49.9
2016-11-16,50.4
2016-11-17,49.1
2016-11-18,42.1
2016-11-19,36.1
2016-11-20,40.7
2016-11-21,43.0
2016-11-22,38.6
2016-11-23,36.4
2016-11-24,40.9
2016-11-25,42.5
2016-11-26,44.3
2016-11-27,43.2
2016-11-28,38.3
2016-11-29,38.6
2016-11-30,36.8
2016-12-01,31.3
2016-12-02,29.4
2016-12-03,25.1
2016-12-04,18.6
2016-12-05,29.4
2016-12-06,30.7
2016-12-07,28.9
2016-12-08,27.9
2016-12-09,27.7
2016-12-10,33.0
2016-12-11,32.0
2016-12-12,33.3
2016-12-13,33.3
2016-12-14,32.2
2016-12-15,35.9
2016-12-16,34.9
2016-12-17,31.4
2016-12-18,28.6
2016-12-19,17.5
2016-12-20,15.9
2016-12-21,26.0
2016-12-22,24.2
2016-12-23,19.7
2016-12-24,24.3
2016-12-25,23.6
2016-12-26,25.1
2016-12-27,28.6
2016-12-28,29.8
2016-12-29,28.8
2016-12-30,32.3
2016-12-31,31.5
2017-01-01,29.1
2017-01-02,30.2
2017-01-03,29.2
2017-01-04,29.7
2017-01-05,25.6
2017-01-06,18.2
2017-01-07,14.4
2017-01-08,13.2
2017-01-09,19.8
2017-01-10,22.9
2017-01-11,26.8
2017-01-12,27.6
2017-01-13,26.3
2017-01-14,26.5
2017-01-15,22.2
2017-01-16,15.0
2017-01-17,12.6
2017-01-18,11.6
2017-01-19,20.7
2017-01-20,21.5
2017-01-21,19.0
2017-01-22,16.0
2017-01-23,19.7
2017-01-24,17.9
2017-01-25,13.0
2017-01-26,9.2
2017-01-27,8.5
2017-01-28,7.8
2017-01-29,10.7
2017-01-30,14.8
2017-01-31,19.4
2017-02-01,23.0
2017-02-02,20.4
2017-02-03,20.8
2017-02-04,25.3
2017-02-05,27.6
2017-02-06,28.7
2017-02-07,29.3
2017-02-08,30.7
2017-02-09,32.4
2017-02-10,34.9
2017-02-11,35.9
2017-02-12,27.6
2017-02-13,23.6
2017-02-14,16.0
2017-02-15,18.3
2017-02-16,26.2
2017-02-17,31.0
2017-02-18,30.3
2017-02-19,30.3
2017-02-20,32.9
2017-02-21,35.3
2017-02-22,35.9
2017-02-23,34.8
2017-02-24,33.9
2017-02-25,30.4
2017-02-26,25.0
2017-02-27,31.8
2017-02-28,30.1
2017-03-01,29.1
2017-03-02,24.8
2017-03-03,29.3
2017-03-04,33.9
2017-03-05,34.6
2017-03-06,33.8
2017-03-07,36.2
2017-03-08,38.0
2017-03-09,40.1
2017-03-10,39.6
2017-03-11,38.4
2017-03-12,39.1
2017-03-13,38.1
2017-03-14,42.0
2017-03-15,44.6
2017-03-16,45.8
2017-03-17,45.9
2017-03-18,47.2
2017-03-19,49.0
2017-03-20,49.9
2017-03-21,48.9
2017-03-22,46.9
2017-03-23,48.4
2017-03-24,41.6
2017-03-25,37.0
2017-03-26,32.6
2017-03-27,31.1
2017-03-28,31.3
2017-03-29,27.1
2017-03-30,27.4
2017-03-31,29.9
2017-04-01,18.8
2017-04-02,15.1
2017-04-03,21.5
2017-04-04,17.8
2017-04-05,12.8
2017-04-06,11.2
2017-04-07,18.8
2017-04-08,27.5
2017-04-09,29.9
2017-04-10,31.3
2017-04-11,32.4
2017-04-12,33.9
2017-04-13,35.1
2017-04-14,37.8
2017-04-15,39.0
2017-04-16,38.1
2017-04-17,37.1
2017-04-18,39.2
2017-04-19,41.7
2017-04-20,36.6
2017-04-21,32.9
2017-04-22,27.0
2017-04-23,26.9
2017-04-24,35.0
2017-04-25,32.8
2017-04-26,24.8
2017-04-27,27.3
2017-04-28,31.2
2017-04-29,19.6
2017-04-30,14.8
2017-05-01,17.6
2017-05-02,22.6
2017-05-03,23.3
2017-05-04,27.8
2017-05-05,29.9
2017-05-06,32.6
2017-05-07,32.2
2017-05-08,32.6
2017-05-09,20.6
2017-05-10,25.8
2017-05-11,22.8
2017-05-12,25.6
2017-05-13,29.0
2017-05-14,32.1
2017-05-15,35.9
2017-05-16,36.7
2017-05-17,36.1
2017-05-18,34.3
2017-05-19,28.9
2017-05-20,26.4
2017-05-21,25.3
2017-05-22,28.2
2017-05-23,27.7
2017-05-24,32.7
2017-05-25,35.9
2017-05-26,34.9
2017-05-27,34.1
2017-05-28,32.4
2017-05-29,33.5
2017-05-30,33.8
2017-05-31,34.7
2017-06-01,35.0
2017-06-02,35.7
2017-06-03,33.9
2017-06-04,34.6
2017-06-05,36.0
2017-06-06,36.5
2017-06-07,35.0
2017-06-08,36.0
2017-06-09,39.9
2017-06-10,44.1
2017-06-11,46.5
2017-06-12,47.0
2017-06-13,49.3
2017-06-14,51.0
2017-06-15,53.1
2017-06-16,55.0
2017-06-17,56.6
2017-06-18,48.4
2017-06-19,48.8
2017-06-20,50.6
2017-06-21,52.4
2017-06-22,53.9
2017-06-23,47.1
2017-06-24,40.2
2017-06-25,38.3
2017-06-26,34.0
2017-06-27,40.1
2017-06-28,42.9
2017-06-29,45.4
2017-06-30,39.4
2017-07-01,40.5
2017-07-02,44.0
2017-07-03,45.3
2017-07-04,47.7
2017-07-05,50.0
2017-07-06,51.5
2017-07-07,51.0
2017-07-08,49.4
2017-07-09,49.9
2017-07-10,52.3
2017-07-11,50.4
2017-07-12,48.7
2017-07-13,36.6
2017-07-14,34.5
2017-07-15,30.0
2017-07-16,31.4
2017-07-17,34.7
2017-07-18,37.6
2017-07-19,38.9
2017-07-20,41.3
2017-07-21,44.0
2017-07-22,40.6
2017-07-23,40.3
2017-07-24,42.0
2017-07-25,43.0
2017-07-26,38.1
2017-07-27,31.9
2017-07-28,32.7
2017-07-29,26.4
2017-07-30,21.4
2017-07-31,21.9
2017-08-01,25.8
2017-08-02,28.2
2017-08-03,26.9
2017-08-04,29.1
2017-08-05,31.9
2017-08-06,29.1
2017-08-07,21.5
2017-08-08,23.5
2017-08-09,24.5
2017-08-10,24.5
2017-08-11,20.1
2017-08-12,24.5
2017-08-13,26.1
2017-08-14,28.9
2017-08-15,32.0
2017-08-16,32.2
2017-08-17,33.9
2017-08-18,37.8
2017-08-19,39.7
2017-08-20,41.4
2017-08-21,40.6
2017-08-22,36.5
2017-08-23,38.6
2017-08-24,34.6
2017-08-25,38.2
2017-08-26,41.1
2017-08-27,41.3
2017-08-28,38.9
2017-08-29,40.1
2017-08-30,41.5
2017-08-31,40.6
2017-09-01,39.8
2017-09-02,42.8
2017-09-03,45.9
2017-09-04,47.3
2017-09-05,42.5
2017-09-06,41.7
2017-09-07,42.2
2017-09-08,42.9
2017-09-09,44.1
2017-09-10,44.1
2017-09-11,43.1
2017-09-12,42.6
2017-09-13,44.2
2017-09-14,45.2
2017-09-15,45.2
2017-09-16,45.2
2017-09-17,38.5
2017-09-18,42.2
2017-09-19,45.0
2017-09-20,44.2
2017-09-21,46.3
2017-09-22,46.8
2017-09-23,42.0
2017-09-24,32.2
2017-09-25,25.4
2017-09-26,25.9
2017-09-27,14.5
2017-09-28,12.2
2017-09-29,15.3
2017-09-30,15.3
2017-10-01,20.3
2017-10-02,20.0
2017-10-03,19.2
2017-10-04,17.7
2017-10-05,18.0
2017-10-06,20.8
2017-10-07,25.1
2017-10-08,28.5
2017-10-09,24.5
2017-10-10,16.7
2017-10-11,27.2
2017-10-12,30.4
2017-10-13,31.1
2017-10-14,33.0
2017-10-15,33.6
2017-10-16,37.2
2017-10-17,39.4
2017-10-18,41.1
2017-10-19,41.8
2017-10-20,41.4
2017-10-21,40.8
2017-10-22,42.8
2017-10-23,41.7
2017-10-24,41.1
2017-10-25,44.9
2017-10-26,44.3
2017-10-27,36.4
2017-10-28,32.7
2017-10-29,37.3
2017-10-30,34.0
2017-10-31,30.1
2017-11-01,38.8
2017-11-02,38.8
2017-11-03,38.1
2017-11-04,38.7
2017-11-05,38.3
2017-11-06,37.5
2017-11-07,31.9
2017-11-08,23.8
2017-11-09,22.7
2017-11-10,22.1
2017-11-11,34.0
2017-11-12,31.5
2017-11-13,34.6
2017-11-14,37.0
2017-11-15,35.9
2017-11-16,37.4
2017-11-17,36.3
2017-11-18,34.7
2017-11-19,39.0
2017-11-20,40.9
2017-11-21,40.0
2017-11-22,38.8
2017-11-23,40.7
2017-11-24,43.0
2017-11-25,41.6
2017-11-26,43.8
2017-11-27,45.7
2017-11-28,44.6
2017-11-29,37.8
2017-11-30,39.2
2017-12-01,42.1
2017-12-02,42.1
2017-12-03,42.5
2017-12-04,43.0
2017-12-05,43.7
2017-12-06,43.4
2017-12-07,35.2
2017-12-08,22.9
2017-12-09,37.6
2017-12-10,39.5
2017-12-11,40.2
2017-12-12,40.2
2017-12-13,40.5
2017-12-14,38.4
2017-12-15,27.5
2017-12-16,31.7
2017-12-17,29.7
2017-12-18,36.1
2017-12-19,35.8
2017-12-20,37.9
2017-12-21,37.1
2017-12-22,32.1
2017-12-23,31.0
2017-12-24,33.8
2017-12-25,35.8
2017-12-26,34.4
2017-12-27,38.4
2017-12-28,39.8
2017-12-29,41.0
2017-12-30,40.1
2017-12-31,39.0
2018-01-01,38.9
2018-01-02,39.9
2018-01-03,42.4
2018-01-04,43.8
2018-01-05,43.6
2018-01-06,43.3
2018-01-07,38.6
2018-01-08,41.6
2018-01-09,43.1
2018-01-10,41.4
2018-01-11,35.0
2018-01-12,32.2
2018-01-13,29.1
2018-01-14,36.5
2018-01-15,36.3
2018-01-16,32.0
2018-01-17,33.3
2018-01-18,38.2
2018-01-19,39.3
2018-01-20,39.1
2018-01-21,35.2
2018-01-22,29.4
2018-01-23,18.9
2018-01-24,21.3
2018-01-25,29.0
2018-01-26,31.4
2018-01-27,33.0
2018-01-28,33.3
2018-01-29,33.3
2018-01-30,35.6
2018-01-31,36.0
2018-02-01,32.7
2018-02-02,34.8
2018-02-03,36.5
2018-02-04,36.4
2018-02-05,38.1
2018-02-06,30.0
2018-02-07,27.1
2018-02-08,35.1
2018-02-09,35.5
2018-02-10,31.1
2018-02-11,27.0
2018-02-12,17.9
2018-02-13,16.3
2018-02-14,26.7
2018-02-15,29.6
2018-02-16,28.5
2018-02-17,29.5
2018-02-18,31.5
2018-02-19,30.3
2018-02-20,23.4
2018-02-21,17.1
2018-02-22,16.8
2018-02-23,16.9
2018-02-24,15.9
2018-02-25,18.3
2018-02-26,19.1
2018-02-27,26.6
2018-02-28,26.8
2018-03-01,24.9
2018-03-02,27.5
2018-03-03,30.8
2018-03-04,32.2
2018-03-05,32.1
2018-03-06,33.5
2018-03-07,34.5
2018-03-08,36.1
2018-03-09,37.3
2018-03-10,37.8
2018-03-11,36.2
2018-03-12,37.7
2018-03-13,37.4
2018-03-14,38.8
2018-03-15,39.4
2018-03-16,40.8
2018-03-17,41.2
2018-03-18,41.9
2018-03-19,40.4
2018-03-20,38.1
2018-03-21,39.6
2018-03-22,41.6
2018-03-23,41.6
2018-03-24,42.9
2018-03-25,45.3
2018-03-26,44.6
2018-03-27,31.0
2018-03-28,27.5
2018-03-29,28.7
2018-03-30,32.6
2018-03-31,36.9
2018-04-01,35.4
2018-04-02,39.6
2018-04-03,38.1
2018-04-04,40.9
2018-04-05,41.7
2018-04-06,39.4
2018-04-07,28.8
2018-04-08,34.6
2018-04-09,34.1
2018-04-10,37.1
2018-04-11,40.2
2018-04-12,41.9
2018-04-13,40.9
2018-04-14,34.7
2018-04-15,30.4
2018-04-16,39.8
2018-04-17,41.9
2018-04-18,42.0
2018-04-19,42.8
2018-04-20,40.5
2018-04-21,29.7
2018-04-22,33.0
2018-04-23,37.0
2018-04-24,33.7
2018-04-25,24.2
2018-04-26,33.2
2018-04-27,36.5
2018-04-28,38.0
2018-04-29,39.5
2018-04-30,42.5
2018-05-01,42.5
2018-05-02,39.5
2018-05-03,37.6
2018-05-04,38.7
2018-05-05,41.8
2018-05-06,43.9
2018-05-07,45.5
2018-05-08,48.1
2018-05-09,48.1
2018-05-10,50.4
2018-05-11,50.9
2018-05-12,48.2
2018-05-13,45.2
2018-05-14,42.9
2018-05-15,40.9
2018-05-16,43.1
2018-05-17,45.6
2018-05-18,45.1
2018-05-19,36.6
2018-05-20,32.2
2018-05-21,34.9
2018-05-22,37.3
2018-05-23,38.0
2018-05-24,41.3
2018-05-25,43.4
2018-05-26,46.1
2018-05-27,49.5
2018-05-28,47.9
2018-05-29,45.3
2018-05-30,45.2
2018-05-31,48.9
2018-06-01,51.9
2018-06-02,51.1
2018-06-03,47.4
2018-06-04,49.9
2018-06-05,52.7
2018-06-06,55.0
2018-06-07,55.0
2018-06-08,56.7
2018-06-09,58.1
2018-06-10,59.9
2018-06-11,60.5
2018-06-12,60.3
2018-06-13,56.6
2018-06-14,58.8
2018-06-15,60.0
2018-06-16,57.0
2018-06-17,53.0
2018-06-18,49.7
2018-06-19,50.8
2018-06-20,46.3
2018-06-21,47.3
2018-06-22,45.7
2018-06-23,45.8
2018-06-24,42.7
2018-06-25,44.1
2018-06-26,48.1
2018-06-27,51.7
2018-06-28,53.9
2018-06-29,55.8
2018-06-30,56.1
2018-07-01,50.7
2018-07-02,52.8
2018-07-03,53.3
2018-07-04,55.7
2018-07-05,50.6
2018-07-06,47.2
2018-07-07,47.3
2018-07-08,47.7
2018-07-09,48.3
2018-07-10,50.3
2018-07-11,50.1
2018-07-12,48.5
2018-07-13,45.9
2018-07-14,44.5
2018-07-15,43.2
2018-07-16,37.9
2018-07-17,37.8
2018-07-18,41.2
2018-07-19,44.1
2018-07-20,45.9
2018-07-21,46.8
2018-07-22,46.8
2018-07-23,41.6
2018-07-24,36.2
2018-07-25,39.0
2018-07-26,32.1
2018-07-27,30.6
2018-07-28,32.5
2018-07-29,33.9
2018-07-30,30.2
2018-07-31,33.8
2018-08-01,36.4
2018-08-02,36.9
2018-08-03,36.9
2018-08-04,40.0
2018-08-05,39.1
2018-08-06,38.0
2018-08-07,34.4
2018-08-08,31.8
2018-08-09,33.1
2018-08-10,34.6
2018-08-11,37.9
2018-08-12,38.9
2018-08-13,41.3
2018-08-14,39.9
2018-08-15,36.7
2018-08-16,38.5
2018-08-17,37.2
2018-08-18,33.0
2018-08-19,30.9
2018-08-20,31.7
2018-08-21,29.1
2018-08-22,25.9
2018-08-23,31.0
2018-08-24,34.8
2018-08-25,35.9
2018-08-26,38.6
2018-08-27,41.5
2018-08-28,43.1
2018-08-29,38.7
2018-08-30,40.6
2018-08-31,41.3
2018-09-01,41.3
2018-09-02,39.4
2018-09-03,34.8
2018-09-04,37.1
2018-09-05,34.0
2018-09-06,28.5
2018-09-07,28.8
2018-09-08,29.9
2018-09-09,30.4
2018-09-10,33.6
2018-09-11,37.2
2018-09-12,40.5
2018-09-13,44.5
2018-09-14,47.5
2018-09-15,48.1
2018-09-16,48.0
2018-09-17,49.9
2018-09-18,51.3
2018-09-19,50.7
2018-09-20,44.0
2018-09-21,41.3
2018-09-22,42.5
2018-09-23,44.6
2018-09-24,44.2
2018-09-25,41.4
2018-09-26,42.9
2018-09-27,46.7
2018-09-28,45.0
2018-09-29,45.1
2018-09-30,45.4
2018-10-01,42.3
2018-10-02,42.1
2018-10-03,44.5
2018-10-04,40.0
2018-10-05,43.5
2018-10-06,37.1
2018-10-07,35.4
2018-10-08,23.9
2018-10-09,18.3
2018-10-10,17.5
2018-10-11,16.3
2018-10-12,25.4
2018-10-13,27.9
2018-10-14,23.9
2018-10-15,18.8
2018-10-16,11.2
2018-10-17,16.7
2018-10-18,16.7
2018-10-19,24.7
2018-10-20,28.0
2018-10-21,29.8
2018-10-22,30.9
2018-10-23,29.4
2018-10-24,19.6
2018-10-25,23.9
2018-10-26,24.9
2018-10-27,27.7
2018-10-28,28.2
2018-10-29,31.3
2018-10-30,31.0
2018-10-31,17.4
2018-11-01,14.1
2018-11-02,12.1
2018-11-03,16.9
2018-11-04,17.3
2018-11-05,18.5
2018-11-06,18.7
2018-11-07,17.8
2018-11-08,19.8
2018-11-09,23.9
2018-11-10,27.1
2018-11-11,24.8
2018-11-12,17.8
2018-11-13,11.1
2018-11-14,10.2
2018-11-15,13.3
2018-11-16,20.3
2018-11-17,21.4
2018-11-18,17.9
2018-11-19,16.3
2018-11-20,23.6
2018-11-21,26.2
2018-11-22,27.4
2018-11-23,27.5
2018-11-24,28.1
2018-11-25,28.5
2018-11-26,30.3
2018-11-27,32.6
2018-11-28,33.2
2018-11-29,33.2
2018-11-30,31.8
2018-12-01,33.3
2018-12-02,32.7
2018-12-03,24.9
2018-12-04,16.3
2018-12-05,18.1
2018-12-06,19.3
2018-12-07,20.1
2018-12-08,23.2
2018-12-09,23.4
2018-12-10,25.7
2018-12-11,25.9
2018-12-12,29.8
2018-12-13,23.1
2018-12-14,17.4
2018-12-15,20.3
2018-12-16,27.8
2018-12-17,29.3
2018-12-18,29.5
2018-12-19,29.8
2018-12-20,30.7
2018-12-21,33.3
2018-12-22,32.0
2018-12-23,32.9
2018-12-24,33.3
2018-12-25,33.6
2018-12-26,32.5
2018-12-27,29.0
2018-12-28,26.6
2018-12-29,25.4
2018-12-30,26.4
2018-12-31,24.8
2019-01-01,21.2
2019-01-02,15.2
2019-01-03,13.7
2019-01-04,16.6
2019-01-05,20.3
2019-01-06,22.9
2019-01-07,23.8
2019-01-08,26.7
2019-01-09,27.9
2019-01-10,30.1
2019-01-11,28.4
2019-01-12,14.5
2019-01-13,12.1
2019-01-14,11.3
2019-01-15,16.9
2019-01-16,23.1
2019-01-17,25.6
2019-01-18,24.3
2019-01-19,22.1
2019-01-20,23.5
2019-01-21,27.1
2019-01-22,24.5
2019-01-23,20.0
2019-01-24,20.7
2019-01-25,20.7
2019-01-26,22.6
2019-01-27,23.7
2019-01-28,24.7
2019-01-29,19.5
2019-01-30,11.5
2019-01-31,20.8
2019-02-01,25.2
2019-02-02,27.0
2019-02-03,26.7
2019-02-04,27.6
2019-02-05,27.9
2019-02-06,27.6
2019-02-07,23.2
2019-02-08,18.9
2019-02-09,19.4
2019-02-10,26.7
2019-02-11,27.1
2019-02-12,29.1
2019-02-13,30.9
2019-02-14,28.0
2019-02-15,25.0
2019-02-16,28.0
2019-02-17,28.7
2019-02-18,23.0
2019-02-19,15.0
2019-02-20,12.2
2019-02-21,11.2
2019-02-22,10.5
2019-02-23,9.5
2019-02-24,8.6
2019-02-25,7.8
2019-02-26,17.8
2019-02-27,18.0
2019-02-28,22.0
2019-03-01,23.7
2019-03-02,20.2
2019-03-03,16.8
2019-03-04,10.9
2019-03-05,8.9
2019-03-06,8.3
2019-03-07,19.8
2019-03-08,22.8
2019-03-09,20.6
2019-03-10,21.9
2019-03-11,22.6
2019-03-12,19.8
2019-03-13,17.4
2019-03-14,17.6
2019-03-15,13.9
2019-03-16,15.6
2019-03-17,16.4
2019-03-18,19.0
2019-03-19,19.9
2019-03-20,17.3
2019-03-21,19.9
2019-03-22,20.9
2019-03-23,20.5
2019-03-24,23.3
2019-03-25,25.0
2019-03-26,27.3
2019-03-27,30.4
2019-03-28,33.4
2019-03-29,28.6
2019-03-30,23.8
2019-03-31,21.7
2019-04-01,17.2
2019-04-02,23.0
2019-04-03,26.3
2019-04-04,28.0
2019-04-05,30.9
2019-04-06,32.9
2019-04-07,34.9
2019-04-08,37.4
2019-04-09,39.9
2019-04-10,38.8
2019-04-11,29.5
2019-04-12,23.1
2019-04-13,22.7
2019-04-14,18.2
2019-04-15,32.3
2019-04-16,33.8
2019-04-17,32.1
2019-04-18,31.5
2019-04-19,34.8
2019-04-20,37.4
2019-04-21,38.4
2019-04-22,30.5
2019-04-23,24.1
2019-04-24,25.2
2019-04-25,31.3
2019-04-26,32.5
2019-04-27,33.9
2019-04-28,35.8
2019-04-29,33.4
2019-04-30,26.4
2019-05-01,30.6
2019-05-02,27.6
2019-05-03,31.8
2019-05-04,33.3
2019-05-05,35.3
2019-05-06,36.7
2019-05-07,29.6
2019-05-08,25.7
2019-05-09,16.0
2019-05-10,12.8
2019-05-11,11.9
2019-05-12,22.1
2019-05-13,27.8
2019-05-14,30.4
2019-05-15,33.6
2019-05-16,35.1
2019-05-17,36.2
2019-05-18,36.5
2019-05-19,36.5
2019-05-20,34.7
2019-05-21,30.2
2019-05-22,32.6
2019-05-23,25.6
2019-05-24,33.6
2019-05-25,35.3
2019-05-26,35.8
2019-05-27,37.2
2019-05-28,38.2
2019-05-29,34.4
2019-05-30,32.9
2019-05-31,36.4
2019-06-01,36.4
2019-06-02,34.9
2019-06-03,37.2
2019-06-04,38.0
2019-06-05,36.4
2019-06-06,37.7
2019-06-07,39.1
2019-06-08,41.6
2019-06-09,37.2
2019-06-10,38.8
2019-06-11,42.2
2019-06-12,39.5
2019-06-13,41.8
2019-06-14,44.1
2019-06-15,41.1
2019-06-16,40.2
2019-06-17,38.7
2019-06-18,36.5
2019-06-19,39.3
2019-06-20,42.0
2019-06-21,43.4
2019-06-22,35.9
2019-06-23,37.5
2019-06-24,40.3
2019-06-25,42.9
2019-06-26,44.9
2019-06-27,47.5
2019-06-28,50.1
2019-06-29,50.6
2019-06-30,50.7
2019-07-01,47.3
2019-07-02,44.9
2019-07-03,47.2
2019-07-04,49.8
2019-07-05,47.7
2019-07-06,42.2
2019-07-07,44.3
2019-07-08,44.2
2019-07-09,47.8
2019-07-10,46.5
2019-07-11,45.3
2019-07-12,48.1
2019-07-13,48.8
2019-07-14,48.6
2019-07-15,48.6
2019-07-16,48.9
2019-07-17,51.4
2019-07-18,54.8
2019-07-19,57.5
2019-07-20,57.8
2019-07-21,53.2
2019-07-22,45.2
2019-07-23,42.3
2019-07-24,43.2
2019-07-25,42.3
2019-07-26,37.7
2019-07-27,38.2
2019-07-28,37.8
2019-07-29,40.7
2019-07-30,40.0
2019-07-31,43.2
2019-08-01,42.3
2019-08-02,38.6
2019-08-03,38.8
2019-08-04,37.9
2019-08-05,38.1
2019-08-06,37.8
2019-08-07,39.5
2019-08-08,36.1
2019-08-09,32.9
2019-08-10,34.7
2019-08-11,32.8
2019-08-12,35.2
2019-08-13,39.5
2019-08-14,35.1
2019-08-15,39.7
2019-08-16,42.2
2019-08-17,44.8
2019-08-18,47.7
2019-08-19,50.2
2019-08-20,52.2
2019-08-21,49.2
2019-08-22,49.5
2019-08-23,50.3
2019-08-24,49.3
2019-08-25,51.3
2019-08-26,51.0
2019-08-27,42.9
2019-08-28,44.3
2019-08-29,45.9
2019-08-30,43.3
2019-08-31,41.9
2019-09-01,43.9
2019-09-02,47.6
2019-09-03,49.0
2019-09-04,44.0
2019-09-05,46.3
2019-09-06,44.8
2019-09-07,41.9
2019-09-08,40.5
2019-09-09,39.8
2019-09-10,41.9
2019-09-11,41.5
2019-09-12,42.2
2019-09-13,43.5
2019-09-14,46.5
2019-09-15,45.8
2019-09-16,43.9
2019-09-17,45.9
2019-09-18,47.1
2019-09-19,48.6
2019-09-20,46.9
2019-09-21,49.0
2019-09-22,47.4
2019-09-23,49.0
2019-09-24,49.4
2019-09-25,51.4
2019-09-26,45.1
2019-09-27,45.6
2019-09-28,41.6
2019-09-29,44.6
2019-09-30,47.0
2019-10-01,41.1
2019-10-02,40.9
2019-10-03,38.1
2019-10-04,36.9
2019-10-05,39.8
2019-10-06,39.3
2019-10-07,41.2
2019-10-08,43.5
2019-10-09,45.1
2019-10-10,41.8
2019-10-11,36.8
2019-10-12,38.3
2019-10-13,44.4
2019-10-14,44.9
2019-10-15,45.0
2019-10-16,46.5
2019-10-17,48.5
2019-10-18,46.7
2019-10-19,46.4
2019-10-20,46.8
2019-10-21,47.2
2019-10-22,48.1
2019-10-23,47.0
2019-10-24,33.7
2019-10-25,24.8
2019-10-26,22.1
2019-10-27,28.2
2019-10-28,28.1
2019-10-29,22.1
2019-10-30,17.3
2019-10-31,15.7
2019-11-01,14.2
2019-11-02,12.8
2019-11-03,15.5
2019-11-04,21.3
2019-11-05,25.9
2019-11-06,28.1
2019-11-07,23.1
2019-11-08,25.9
2019-11-09,30.9
2019-11-10,32.4
2019-11-11,30.1
2019-11-12,27.0
2019-11-13,32.0
2019-11-14,30.3
2019-11-15,33.6
2019-11-16,35.8
2019-11-17,32.7
2019-11-18,36.1
2019-11-19,37.8
2019-11-20,36.1
2019-11-21,26.6
2019-11-22,23.3
2019-11-23,17.6
2019-11-24,24.5
2019-11-25,30.8
2019-11-26,24.7
2019-11-27,18.5
2019-11-28,13.8
2019-11-29,17.5
2019-11-30,22.7
2019-12-01,19.1
2019-12-02,23.7
2019-12-03,27.4
2019-12-04,28.1
2019-12-05,26.4
2019-12-06,26.0
2019-12-07,30.0
2019-12-08,29.3
2019-12-09,28.3
2019-12-10,31.3
2019-12-11,33.7
2019-12-12,33.9
2019-12-13,33.9
2019-12-14,33.5
2019-12-15,29.0
2019-12-16,22.4
2019-12-17,16.4
2019-12-18,14.7
2019-12-19,13.6
2019-12-20,12.9
2019-12-21,11.8
2019-12-22,18.6
2019-12-23,26.7
2019-12-24,26.8
2019-12-25,25.9
2019-12-26,27.0
2019-12-27,24.1
2019-12-28,15.8
2019-12-29,11.6
2019-12-30,10.7
2019-12-31,10.0
2020-01-01,18.8
2020-01-02,22.0
2020-01-03,23.0
2020-01-04,25.6
2020-01-05,25.8
2020-01-06,27.0
2020-01-07,28.6
2020-01-08,29.9
2020-01-09,29.6
2020-01-10,27.7
2020-01-11,24.2
2020-01-12,25.0
2020-01-13,28.7
2020-01-14,31.3
2020-01-15,31.4
2020-01-16,30.6
2020-01-17,27.8
2020-01-18,29.8
2020-01-19,30.8
2020-01-20,32.9
2020-01-21,31.5
2020-01-22,31.2
2020-01-23,29.0
2020-01-24,30.4
2020-01-25,30.9
2020-01-26,34.4
2020-01-27,33.5
2020-01-28,22.3
2020-01-29,16.2
2020-01-30,14.6
2020-01-31,13.5
2020-02-01,20.9
2020-02-02,29.0
2020-02-03,28.1
2020-02-04,20.4
2020-02-05,11.6
2020-02-06,10.9
2020-02-07,10.0
2020-02-08,9.2
2020-02-09,10.8
2020-02-10,9.1
2020-02-11,7.2
2020-02-12,6.6
2020-02-13,6.1
2020-02-14,5.6
2020-02-15,8.0
2020-02-16,12.0
2020-02-17,14.1
2020-02-18,12.2
2020-02-19,10.9
2020-02-20,7.7
2020-02-21,5.8
2020-02-22,15.4
2020-02-23,14.0
2020-02-24,12.4
2020-02-25,14.6
2020-02-26,16.5
2020-02-27,18.2
2020-02-28,23.5
2020-02-29,25.5
2020-03-01,26.0
2020-03-02,22.8
2020-03-03,23.5
2020-03-04,28.6
2020-03-05,29.4
2020-03-06,31.1
2020-03-07,32.9
2020-03-08,32.3
2020-03-09,32.7
2020-03-10,34.4
2020-03-11,35.0
2020-03-12,36.6
2020-03-13,30.3
2020-03-14,21.1
2020-03-15,20.0
2020-03-16,22.8
2020-03-17,27.5
2020-03-18,30.4
2020-03-19,28.0
2020-03-20,22.8
2020-03-21,22.2
2020-03-22,25.5
2020-03-23,29.5
2020-03-24,31.9
2020-03-25,33.9
2020-03-26,34.8
2020-03-27,35.1
2020-03-28,36.2
2020-03-29,36.9
2020-03-30,35.8
2020-03-31,39.2
2020-04-01,40.1
2020-04-02,39.9
2020-04-03,33.9
2020-04-04,31.8
2020-04-05,38.3
2020-04-06,41.2
2020-04-07,43.4
2020-04-08,44.7
2020-04-09,42.8
2020-04-10,41.6
2020-04-11,44.7
2020-04-12,42.8
2020-04-13,33.7
2020-04-14,24.4
2020-04-15,20.2
2020-04-16,32.0
2020-04-17,28.5
2020-04-18,33.9
2020-04-19,32.3
2020-04-20,33.5
2020-04-21,33.4
2020-04-22,33.0
2020-04-23,34.8
2020-04-24,35.1
2020-04-25,36.5
2020-04-26,39.3
2020-04-27,41.5
2020-04-28,43.6
2020-04-29,42.5
2020-04-30,45.6
2020-05-01,48.4
2020-05-02,47.4
2020-05-03,45.2
2020-05-04,45.9
2020-05-05,43.0
2020-05-06,44.0
2020-05-07,47.2
2020-05-08,43.8
2020-05-09,44.8
2020-05-10,44.9
2020-05-11,40.4
2020-05-12,39.6
2020-05-13,42.7
2020-05-14,42.9
2020-05-15,39.1
2020-05-16,38.9
2020-05-17,38.7
2020-05-18,40.9
2020-05-19,42.4
2020-05-20,41.9
2020-05-21,44.1
2020-05-22,43.5
2020-05-23,45.4
2020-05-24,43.9
2020-05-25,38.3
2020-05-26,42.1
2020-05-27,43.3
2020-05-28,39.5
2020-05-29,41.5
2020-05-30,41.7
2020-05-31,39.1
2020-06-01,40.7
2020-06-02,40.0
2020-06-03,42.3
2020-06-04,45.6
2020-06-05,48.3
2020-06-06,46.2
2020-06-07,50.5
2020-06-08,53.3
2020-06-09,49.4
2020-06-10,51.2
2020-06-11,53.2
2020-06-12,54.0
2020-06-13,53.8
2020-06-14,53.4
2020-06-15,55.3
2020-06-16,56.3
2020-06-17,58.7
2020-06-18,57.3
2020-06-19,44.4
2020-06-20,48.7
2020-06-21,48.9
2020-06-22,47.7
2020-06-23,44.1
2020-06-24,46.9
2020-06-25,47.9
2020-06-26,49.5
2020-06-27,50.1
2020-06-28,52.5
2020-06-29,54.7
2020-06-30,56.8
2020-07-01,56.4
2020-07-02,57.8
2020-07-03,55.4
2020-07-04,47.9
2020-07-05,44.6
2020-07-06,46.4
2020-07-07,48.0
2020-07-08,50.5
2020-07-09,53.5
2020-07-10,49.9
2020-07-11,50.9
2020-07-12,48.6
2020-07-13,49.6
2020-07-14,50.6
2020-07-15,45.7
2020-07-16,43.3
2020-07-17,42.8
2020-07-18,43.9
2020-07-19,43.8
2020-07-20,46.3
2020-07-21,45.0
2020-07-22,46.7
2020-07-23,47.8
2020-07-24,46.4
2020-07-25,43.4
2020-07-26,38.6
2020-07-27,27.8
2020-07-28,29.6
2020-07-29,32.1
2020-07-30,33.6
2020-07-31,31.8
2020-08-01,35.4
2020-08-02,35.1
2020-08-03,34.9
2020-08-04,38.2
2020-08-05,36.3
2020-08-06,40.0
2020-08-07,41.3
2020-08-08,44.7
2020-08-09,48.1
2020-08-10,50.3
2020-08-11,52.1
2020-08-12,53.1
2020-08-13,55.0
2020-08-14,56.7
2020-08-15,51.5
2020-08-16,51.2
2020-08-17,50.3
2020-08-18,52.5
2020-08-19,53.2
2020-08-20,51.9
2020-08-21,52.2
2020-08-22,54.3
2020-08-23,56.1
2020-08-24,56.8
2020-08-25,56.7
2020-08-26,55.4
2020-08-27,52.9
2020-08-28,48.2
2020-08-29,34.5
2020-08-30,39.2
2020-08-31,37.2
2020-09-01,35.1
2020-09-02,39.0
2020-09-03,40.5
2020-09-04,43.3
2020-09-05,46.1
2020-09-06,50.1
2020-09-07,52.0
2020-09-08,44.5
2020-09-09,26.8
2020-09-10,21.6
2020-09-11,19.7
2020-09-12,36.1
2020-09-13,37.1
2020-09-14,38.7
2020-09-15,40.9
2020-09-16,41.5
2020-09-17,41.5
2020-09-18,43.5
2020-09-19,45.2
2020-09-20,46.5
2020-09-21,47.0
2020-09-22,46.7
2020-09-23,46.8
2020-09-24,49.6
2020-09-25,51.8
2020-09-26,53.5
2020-09-27,51.3
2020-09-28,45.9
2020-09-29,50.3
2020-09-30,51.4
2020-10-01,48.6
2020-10-02,51.5
2020-10-03,49.4
2020-10-04,50.8
2020-10-05,53.5
2020-10-06,54.4
2020-10-07,55.8
2020-10-08,57.2
2020-10-09,58.0
2020-10-10,58.4
2020-10-11,57.9
2020-10-12,58.9
2020-10-13,59.8
2020-10-14,61.1
2020-10-15,52.1
2020-10-16,54.4
2020-10-17,57.8
2020-10-18,55.6
2020-10-19,56.3
2020-10-20,57.7
2020-10-21,55.6
2020-10-22,56.8
2020-10-23,44.2
2020-10-24,53.5
2020-10-25,48.7
2020-10-26,40.9
2020-10-27,28.8
2020-10-28,26.1
2020-10-29,24.0
2020-10-30,26.6
2020-10-31,29.1
2020-11-01,35.9
2020-11-02,36.9
2020-11-03,38.7
2020-11-04,39.1
2020-11-05,39.0
2020-11-06,40.3
2020-11-07,40.5
2020-11-08,35.7
2020-11-09,36.8
2020-11-10,36.9
2020-11-11,38.6
2020-11-12,40.0
2020-11-13,40.9
2020-11-14,40.9
2020-11-15,42.8
2020-11-16,43.3
2020-11-17,44.9
2020-11-18,44.8
2020-11-19,46.6
2020-11-20,43.7
2020-11-21,41.3
2020-11-22,41.7
2020-11-23,42.0
2020-11-24,37.4
2020-11-25,28.3
2020-11-26,29.8
2020-11-27,28.5
2020-11-28,29.6
2020-11-29,28.4
2020-11-30,28.9
2020-12-01,31.7
2020-12-02,25.1
2020-12-03,21.7
2020-12-04,21.1
2020-12-05,24.3
2020-12-06,28.5
2020-12-07,29.1
2020-12-08,30.8
2020-12-09,31.7
2020-12-10,30.9
2020-12-11,23.4
2020-12-12,19.5
2020-12-13,14.6
2020-12-14,13.3
2020-12-15,12.3
2020-12-16,11.5
2020-12-17,14.4
2020-12-18,16.4
2020-12-19,16.7
2020-12-20,20.7
2020-12-21,22.3
2020-12-22,25.4
2020-12-23,25.7
2020-12-24,27.3
2020-12-25,28.9
2020-12-26,31.1
2020-12-27,30.4
2020-12-28,27.7
2020-12-29,19.0
2020-12-30,13.2
2020-12-31,11.9
2021-01-01,14.1
2021-01-02,17.9
2021-01-03,21.6
2021-01-04,22.6
2021-01-05,23.0
2021-01-06,21.7
2021-01-07,25.2
2021-01-08,25.8
2021-01-09,23.1
2021-01-10,18.1
2021-01-11,11.4
2021-01-12,10.5
2021-01-13,13.7
2021-01-14,22.7
2021-01-15,23.5
2021-01-16,23.5
2021-01-17,23.7
2021-01-18,23.4
2021-01-19,16.9
2021-01-20,10.1
2021-01-21,16.2
2021-01-22,19.4
2021-01-23,20.1
2021-01-24,19.2
2021-01-25,14.1
2021-01-26,9.4
2021-01-27,8.7
2021-01-28,8.1
2021-01-29,14.3
2021-01-30,17.9
2021-01-31,19.1
2021-02-01,23.7
2021-02-02,24.7
2021-02-03,25.1
2021-02-04,23.0
2021-02-05,25.9
2021-02-06,27.8
2021-02-07,30.7
2021-02-08,31.2
2021-02-09,29.5
2021-02-10,28.6
2021-02-11,30.3
2021-02-12,29.0
2021-02-13,27.9
2021-02-14,23.4
2021-02-15,14.6
2021-02-16,13.0
2021-02-17,11.8
2021-02-18,11.2
2021-02-19,10.4
2021-02-20,15.9
2021-02-21,19.4
2021-02-22,20.2
2021-02-23,25.6
2021-02-24,24.2
2021-02-25,21.0
2021-02-26,18.5
2021-02-27,20.6
2021-02-28,21.7
2021-03-01,21.1
2021-03-02,22.4
2021-03-03,27.2
2021-03-04,26.3
2021-03-05,22.3
2021-03-06,24.7
2021-03-07,30.2
2021-03-08,30.7
2021-03-09,33.2
2021-03-10,30.7
2021-03-11,31.4
2021-03-12,29.6
2021-03-13,20.3
2021-03-14,17.0
2021-03-15,13.8
2021-03-16,15.4
2021-03-17,13.2
2021-03-18,18.0
2021-03-19,18.5
2021-03-20,19.8
2021-03-21,25.4
2021-03-22,15.8
2021-03-23,11.7
2021-03-24,9.8
2021-03-25,9.2
2021-03-26,8.5
2021-03-27,17.7
2021-03-28,20.0
2021-03-29,26.0
2021-03-30,24.6
2021-03-31,26.0
2021-04-01,29.6
2021-04-02,32.3
2021-04-03,34.8
2021-04-04,36.6
2021-04-05,39.3
2021-04-06,40.9
2021-04-07,41.0
2021-04-08,42.6
2021-04-09,42.3
2021-04-10,44.4
2021-04-11,46.1
2021-04-12,43.4
2021-04-13,42.1
2021-04-14,39.0
2021-04-15,37.0
2021-04-16,28.5
2021-04-17,24.0
2021-04-18,19.3
2021-04-19,21.9
2021-04-20,20.3
2021-04-21,16.8
2021-04-22,17.4
2021-04-23,25.4
2021-04-24,28.7
2021-04-25,32.6
2021-04-26,35.5
2021-04-27,34.9
2021-04-28,29.9
2021-04-29,34.0
2021-04-30,37.7
2021-05-01,41.0
2021-05-02,42.4
2021-05-03,31.3
2021-05-04,22.6
2021-05-05,28.8
2021-05-06,29.9
2021-05-07,32.5
2021-05-08,34.5
2021-05-09,27.4
2021-05-10,22.5
2021-05-11,16.6
2021-05-12,15.8
2021-05-13,26.8
2021-05-14,29.9
2021-05-15,26.0
2021-05-16,25.8
2021-05-17,22.5
2021-05-18,13.5
2021-05-19,16.1
2021-05-20,22.7
2021-05-21,25.1
2021-05-22,25.1
2021-05-23,25.4
2021-05-24,29.5
2021-05-25,29.5
2021-05-26,29.9
2021-05-27,33.0
2021-05-28,33.3
2021-05-29,34.6
2021-05-30,26.8
2021-05-31,17.1
2021-06-01,24.9
2021-06-02,26.8
2021-06-03,29.0
2021-06-04,33.3
2021-06-05,36.6
2021-06-06,37.4
2021-06-07,41.3
2021-06-08,45.6
2021-06-09,47.8
2021-06-10,48.0
2021-06-11,48.2
2021-06-12,48.7
2021-06-13,44.4
2021-06-14,44.8
2021-06-15,46.9
2021-06-16,50.7
2021-06-17,52.9
2021-06-18,54.4
2021-06-19,53.5
2021-06-20,54.7
2021-06-21,44.9
2021-06-22,44.4
2021-06-23,46.2
2021-06-24,45.9
2021-06-25,41.1
2021-06-26,30.3
2021-06-27,28.9
2021-06-28,28.2
2021-06-29,27.0
2021-06-30,27.1
2021-07-01,26.3
2021-07-02,24.3
2021-07-03,27.3
2021-07-04,31.3
2021-07-05,33.5
2021-07-06,33.5
2021-07-07,33.3
2021-07-08,37.6
2021-07-09,42.4
2021-07-10,41.9
2021-07-11,41.2
2021-07-12,42.2
2021-07-13,44.1
2021-07-14,42.1
2021-07-15,41.3
2021-07-16,39.2
2021-07-17,38.3
2021-07-18,38.4
2021-07-19,37.5
2021-07-20,39.7
2021-07-21,39.1
2021-07-22,38.3
2021-07-23,37.4
2021-07-24,34.9
2021-07-25,35.8
2021-07-26,34.2
2021-07-27,36.5
2021-07-28,40.2
2021-07-29,42.3
2021-07-30,43.6
2021-07-31,41.4
2021-08-01,28.3
2021-08-02,30.9
2021-08-03,29.5
2021-08-04,26.7
2021-08-05,32.1
2021-08-06,36.6
2021-08-07,40.3
2021-08-08,42.1
2021-08-09,45.7
2021-08-10,47.5
2021-08-11,49.2
2021-08-12,50.4
2021-08-13,47.1
2021-08-14,45.0
2021-08-15,44.5
2021-08-16,44.8
2021-08-17,47.4
2021-08-18,49.0
2021-08-19,48.8
2021-08-20,49.7
2021-08-21,46.8
2021-08-22,48.2
2021-08-23,50.1
2021-08-24,52.2
2021-08-25,53.2
2021-08-26,50.4
2021-08-27,48.9
2021-08-28,50.4
2021-08-29,47.2
2021-08-30,47.2
2021-08-31,48.2
2021-09-01,48.0
2021-09-02,40.5
2021-09-03,37.3
2021-09-04,36.0
2021-09-05,36.0
2021-09-06,39.6
2021-09-07,42.3
2021-09-08,43.1
2021-09-09,46.3
2021-09-10,49.8
2021-09-11,52.3
2021-09-12,51.9
2021-09-13,52.4
2021-09-14,48.0
2021-09-15,47.5
2021-09-16,49.5
2021-09-17,48.5
2021-09-18,48.0
2021-09-19,48.7
2021-09-20,46.7
2021-09-21,45.0
2021-09-22,48.0
2021-09-23,50.4
2021-09-24,50.2
2021-09-25,50.1
2021-09-26,51.6
2021-09-27,51.6
2021-09-28,48.1
2021-09-29,48.9
2021-09-30,33.9
2021-10-01,31.4
2021-10-02,34.1
2021-10-03,34.3
2021-10-04,36.2
2021-10-05,37.3
2021-10-06,37.2
2021-10-07,39.0
2021-10-08,40.8
2021-10-09,41.4
2021-10-10,40.7
2021-10-11,42.1
2021-10-12,40.2
2021-10-13,41.1
2021-10-14,39.9
2021-10-15,35.9
2021-10-16,40.0
2021-10-17,42.6
2021-10-18,43.0
2021-10-19,42.9
2021-10-20,43.5
2021-10-21,44.9
2021-10-22,46.9
2021-10-23,47.0
2021-10-24,46.7
2021-10-25,47.7
2021-10-26,46.7
2021-10-27,46.7
2021-10-28,46.1
2021-10-29,48.3
2021-10-30,49.9
2021-10-31,43.8
2021-11-01,41.9
2021-11-02,38.5
2021-11-03,39.1
2021-11-04,43.0
2021-11-05,45.3
2021-11-06,47.1
2021-11-07,48.0
2021-11-08,47.8
2021-11-09,45.0
2021-11-10,44.8
2021-11-11,46.1
2021-11-12,45.5
2021-11-13,47.1
2021-11-14,47.5
2021-11-15,48.9
2021-11-16,50.0
2021-11-17,48.2
2021-11-18,48.5
2021-11-19,50.9
2021-11-20,49.5
2021-11-21,45.0
2021-11-22,49.5
2021-11-23,50.3
2021-11-24,45.2
2021-11-25,33.7
2021-11-26,30.5
2021-11-27,40.5
2021-11-28,40.9
2021-11-29,43.0
2021-11-30,42.2
2021-12-01,44.6
2021-12-02,45.3
2021-12-03,43.9
2021-12-04,42.6
2021-12-05,45.3
2021-12-06,42.3
2021-12-07,43.3
2021-12-08,44.5
2021-12-09,43.6
2021-12-10,41.5
2021-12-11,44.9
2021-12-12,47.3
2021-12-13,48.6
2021-12-14,48.0
2021-12-15,44.2
2021-12-16,46.7
2021-12-17,46.6
2021-12-18,46.5
2021-12-19,49.1
2021-12-20,49.9
2021-12-21,51.0
2021-12-22,51.9
2021-12-23,50.4
2021-12-24,45.8
2021-12-25,46.4
2021-12-26,47.1
2021-12-27,46.9
2021-12-28,45.8
2021-12-29,45.4
2021-12-30,46.3
2021-12-31,45.7
2022-01-01,38.9
2022-01-02,32.1
2022-01-03,24.5
2022-01-04,31.4
2022-01-05,34.3
2022-01-06,35.9
2022-01-07,38.0
2022-01-08,37.2
2022-01-09,24.5
2022-01-10,17.8
2022-01-11,24.8
2022-01-12,29.2
2022-01-13,32.9
2022-01-14,31.9
2022-01-15,28.4
2022-01-16,25.9
2022-01-17,32.9
2022-01-18,34.4
2022-01-19,32.9
2022-01-20,24.5
2022-01-21,21.9
2022-01-22,17.1
2022-01-23,14.1
2022-01-24,13.0
2022-01-25,17.0
2022-01-26,16.7
2022-01-27,16.4
2022-01-28,13.9
2022-01-29,13.8
2022-01-30,16.9
2022-01-31,21.5
2022-02-01,22.7
2022-02-02,16.7
2022-02-03,9.0
2022-02-04,8.3
2022-02-05,7.7
2022-02-06,9.9
2022-02-07,8.9
2022-02-08,13.2
2022-02-09,17.3
2022-02-10,18.4
2022-02-11,18.2
2022-02-12,12.8
2022-02-13,7.5
2022-02-14,17.4
2022-02-15,19.6
2022-02-16,19.4
2022-02-17,13.2
2022-02-18,7.8
2022-02-19,14.3
2022-02-20,22.3
2022-02-21,23.7
2022-02-22,20.3
2022-02-23,18.2
2022-02-24,8.5
2022-02-25,7.8
2022-02-26,7.2
2022-02-27,6.7
2022-02-28,9.5
2022-03-01,14.0
2022-03-02,19.1
2022-03-03,24.6
2022-03-04,25.3
2022-03-05,25.6
2022-03-06,20.2
2022-03-07,16.0
2022-03-08,9.8
2022-03-09,8.8
2022-03-10,8.1
2022-03-11,7.6
2022-03-12,7.1
2022-03-13,13.8
2022-03-14,14.6
2022-03-15,15.6
2022-03-16,21.8
2022-03-17,17.9
2022-03-18,11.9
2022-03-19,14.8
2022-03-20,19.7
2022-03-21,20.7
2022-03-22,12.6
2022-03-23,8.1
2022-03-24,15.4
2022-03-25,22.5
2022-03-26,26.7
2022-03-27,28.4
2022-03-28,31.4
2022-03-29,30.6
2022-03-30,21.2
2022-03-31,16.0
2022-04-01,19.4
2022-04-02,24.4
2022-04-03,27.1
2022-04-04,23.9
2022-04-05,29.4
2022-04-06,30.2
2022-04-07,32.2
2022-04-08,34.1
2022-04-09,36.7
2022-04-10,37.2
2022-04-11,37.4
2022-04-12,37.0
2022-04-13,38.2
2022-04-14,40.8
2022-04-15,42.7
2022-04-16,41.5
2022-04-17,43.7
2022-04-18,41.5
2022-04-19,44.2
2022-04-20,46.4
2022-04-21,46.6
2022-04-22,49.3
2022-04-23,47.3
2022-04-24,45.7
2022-04-25,37.5
2022-04-26,36.4
2022-04-27,42.1
2022-04-28,44.6
2022-04-29,46.3
2022-04-30,46.7
2022-05-01,46.4
2022-05-02,44.8
2022-05-03,43.8
2022-05-04,42.4
2022-05-05,43.4
2022-05-06,46.8
2022-05-07,49.2
2022-05-08,49.1
2022-05-09,51.3
2022-05-10,52.2
2022-05-11,54.5
2022-05-12,55.8
2022-05-13,56.8
2022-05-14,58.0
2022-05-15,57.6
2022-05-16,56.3
2022-05-17,58.8
2022-05-18,56.2
2022-05-19,57.1
2022-05-20,55.9
2022-05-21,36.4
2022-05-22,30.2
2022-05-23,31.4
2022-05-24,26.1
2022-05-25,31.0
2022-05-26,34.1
2022-05-27,39.9
2022-05-28,41.8
2022-05-29,43.2
2022-05-30,42.2
2022-05-31,42.2
2022-06-01,31.4
2022-06-02,32.3
2022-06-03,29.9
2022-06-04,34.0
2022-06-05,36.1
2022-06-06,36.8
2022-06-07,35.3
2022-06-08,34.4
2022-06-09,35.3
2022-06-10,40.3
2022-06-11,44.7
2022-06-12,47.9
2022-06-13,51.1
2022-06-14,53.0
2022-06-15,53.3
2022-06-16,54.1
2022-06-17,54.6
2022-06-18,52.0
2022-06-19,48.9
2022-06-20,51.6
2022-06-21,51.0
2022-06-22,48.4
2022-06-23,49.0
2022-06-24,49.9
2022-06-25,46.2
2022-06-26,28.1
2022-06-27,34.0
2022-06-28,37.5
2022-06-29,40.1
2022-06-30,40.9
2022-07-01,33.8
2022-07-02,33.5
2022-07-03,32.3
2022-07-04,36.6
2022-07-05,37.7
2022-07-06,37.7
2022-07-07,37.0
2022-07-08,36.2
2022-07-09,39.7
2022-07-10,43.8
2022-07-11,42.7
2022-07-12,41.3
2022-07-13,45.2
2022-07-14,46.4
2022-07-15,47.3
2022-07-16,46.4
2022-07-17,44.3
2022-07-18,46.9
2022-07-19,49.2
2022-07-20,44.7
2022-07-21,45.0
2022-07-22,47.0
2022-07-23,48.6
2022-07-24,44.4
2022-07-25,37.6
2022-07-26,36.6
2022-07-27,34.0
2022-07-28,30.3
2022-07-29,23.4
2022-07-30,27.2
2022-07-31,31.0
2022-08-01,34.6
2022-08-02,37.3
2022-08-03,38.0
2022-08-04,37.7
2022-08-05,40.2
2022-08-06,41.0
2022-08-07,38.8
2022-08-08,32.9
2022-08-09,34.7
2022-08-10,37.8
2022-08-11,40.3
2022-08-12,42.6
2022-08-13,44.4
2022-08-14,46.0
2022-08-15,46.4
2022-08-16,32.5
2022-08-17,30.6
2022-08-18,33.3
2022-08-19,34.0
2022-08-20,28.5
2022-08-21,29.7
2022-08-22,28.0
2022-08-23,29.5
2022-08-24,33.6
2022-08-25,36.5
2022-08-26,34.4
2022-08-27,36.0
2022-08-28,38.4
2022-08-29,40.4
2022-08-30,40.1
2022-08-31,40.8
2022-09-01,41.2
2022-09-02,44.2
2022-09-03,40.1
2022-09-04,43.1
2022-09-05,46.0
2022-09-06,49.2
2022-09-07,51.7
2022-09-08,53.2
2022-09-09,51.5
2022-09-10,36.9
2022-09-11,37.6
2022-09-12,38.4
2022-09-13,39.9
2022-09-14,37.7
2022-09-15,39.9
2022-09-16,40.9
2022-09-17,43.5
2022-09-18,46.4
2022-09-19,46.8
2022-09-20,49.4
2022-09-21,46.7
2022-09-22,28.2
2022-09-23,36.8
2022-09-24,37.5
2022-09-25,37.1
2022-09-26,38.6
2022-09-27,39.6
2022-09-28,39.8
2022-09-29,41.6
2022-09-30,43.7
2022-10-01,40.9
2022-10-02,36.0
2022-10-03,37.6
2022-10-04,34.3
2022-10-05,27.4
2022-10-06,32.5
2022-10-07,29.7
2022-10-08,27.8
2022-10-09,30.3
2022-10-10,32.5
2022-10-11,34.2
2022-10-12,36.5
2022-10-13,35.0
2022-10-14,38.6
2022-10-15,39.9
2022-10-16,35.3
2022-10-17,35.2
2022-10-18,37.3
2022-10-19,40.5
2022-10-20,42.4
2022-10-21,43.8
2022-10-22,44.0
2022-10-23,41.2
2022-10-24,40.7
2022-10-25,42.1
2022-10-26,41.8
2022-10-27,39.7
2022-10-28,35.8
2022-10-29,37.0
2022-10-30,36.2
2022-10-31,37.2
2022-11-01,42.0
2022-11-02,42.8
2022-11-03,40.8
2022-11-04,37.6
2022-11-05,41.0
2022-11-06,40.5
2022-11-07,40.3
2022-11-08,43.9
2022-11-09,45.3
2022-11-10,44.1
2022-11-11,40.7
2022-11-12,43.3
2022-11-13,44.9
2022-11-14,39.5
2022-11-15,33.0
2022-11-16,23.1
2022-11-17,24.6
2022-11-18,21.9
2022-11-19,18.4
2022-11-20,20.0
2022-11-21,31.3
2022-11-22,31.8
2022-11-23,32.1
2022-11-24,27.9
2022-11-25,28.9
2022-11-26,28.2
2022-11-27,29.0
2022-11-28,30.0
2022-11-29,29.2
2022-11-30,27.3
2022-12-01,23.2
2022-12-02,30.2
2022-12-03,30.1
2022-12-04,30.5
2022-12-05,32.5
2022-12-06,31.6
2022-12-07,32.6
2022-12-08,33.8
2022-12-09,35.5
2022-12-10,36.2
2022-12-11,38.6
2022-12-12,37.8
2022-12-13,35.7
2022-12-14,35.9
2022-12-15,35.7
2022-12-16,36.9
2022-12-17,38.7
2022-12-18,39.9
2022-12-19,40.9
2022-12-20,40.9
2022-12-21,40.9
2022-12-22,39.3
2022-12-23,37.5
2022-12-24,33.5
2022-12-25,37.5
2022-12-26,36.1
2022-12-27,39.3
2022-12-28,37.4
2022-12-29,34.5
2022-12-30,36.4
2022-12-31,37.9
2023-01-01,37.5
2023-01-02,30.1
2023-01-03,24.5
2023-01-04,22.3
2023-01-05,26.0
2023-01-06,29.4
2023-01-07,32.2
2023-01-08,33.1
2023-01-09,34.0
2023-01-10,33.9
2023-01-11,33.7
2023-01-12,33.9
2023-01-13,36.4
2023-01-14,37.4
2023-01-15,35.8
2023-01-16,36.9
2023-01-17,35.5
2023-01-18,28.0
2023-01-19,25.3
2023-01-20,23.7
2023-01-21,20.0
2023-01-22,15.8
2023-01-23,16.5
2023-01-24,15.0
2023-01-25,12.3
2023-01-26,14.5
2023-01-27,17.3
2023-01-28,16.9
2023-01-29,17.5
2023-01-30,17.4
2023-01-31,15.4
2023-02-01,16.7
2023-02-02,19.9
2023-02-03,21.8
2023-02-04,26.3
2023-02-05,27.9
2023-02-06,27.7
2023-02-07,26.1
2023-02-08,27.6
2023-02-09,26.3
2023-02-10,22.6
2023-02-11,17.0
2023-02-12,24.0
2023-02-13,27.2
2023-02-14,27.8
2023-02-15,22.2
2023-02-16,16.9
2023-02-17,11.6
2023-02-18,10.6
2023-02-19,13.4
2023-02-20,20.5
2023-02-21,24.8
2023-02-22,23.4
2023-02-23,20.0
2023-02-24,14.0
2023-02-25,13.9
2023-02-26,23.1
2023-02-27,24.8
2023-02-28,25.6
2023-03-01,24.7
2023-03-02,26.0
2023-03-03,28.2
2023-03-04,28.1
2023-03-05,31.5
2023-03-06,32.3
2023-03-07,31.5
2023-03-08,31.6
2023-03-09,33.7
2023-03-10,34.4
2023-03-11,32.2
2023-03-12,30.6
2023-03-13,30.6
2023-03-14,31.8
2023-03-15,35.0
2023-03-16,32.7
2023-03-17,24.0
2023-03-18,16.8
2023-03-19,15.2
2023-03-20,14.0
2023-03-21,20.4
2023-03-22,23.7
2023-03-23,27.6
2023-03-24,28.1
2023-03-25,27.4
2023-03-26,25.5
2023-03-27,25.2
2023-03-28,29.7
2023-03-29,32.0
2023-03-30,33.5
2023-03-31,33.3
2023-04-01,36.1
2023-04-02,38.4
2023-04-03,39.0
2023-04-04,38.4
2023-04-05,36.1
2023-04-06,37.2
2023-04-07,39.6
2023-04-08,40.5
2023-04-09,41.8
2023-04-10,44.2
2023-04-11,47.0
2023-04-12,48.2
2023-04-13,47.2
2023-04-14,46.3
2023-04-15,44.1
2023-04-16,46.1
2023-04-17,48.5
2023-04-18,49.8
2023-04-19,50.1
2023-04-20,49.2
2023-04-21,49.6
2023-04-22,47.8
2023-04-23,32.5
2023-04-24,37.3
2023-04-25,32.6
2023-04-26,24.6
2023-04-27,24.2
2023-04-28,28.9
2023-04-29,27.8
2023-04-30,31.2
2023-05-01,32.9
2023-05-02,31.4
2023-05-03,34.1
2023-05-04,35.9
2023-05-05,38.4
2023-05-06,40.9
2023-05-07,42.0
2023-05-08,40.9
2023-05-09,45.0
2023-05-10,42.4
2023-05-11,32.2
2023-05-12,33.3
2023-05-13,28.6
2023-05-14,27.0
2023-05-15,23.4
2023-05-16,28.0
2023-05-17,26.7
2023-05-18,24.4
2023-05-19,13.9
2023-05-20,20.9
2023-05-21,22.9
2023-05-22,25.8
2023-05-23,27.0
2023-05-24,26.3
2023-05-25,26.2
2023-05-26,26.2
2023-05-27,28.3
2023-05-28,32.0
2023-05-29,34.1
2023-05-30,36.1
2023-05-31,34.8
2023-06-01,34.7
2023-06-02,35.2
2023-06-03,31.7
2023-06-04,26.5
2023-06-05,24.7
2023-06-06,26.4
2023-06-07,28.0
2023-06-08,31.4
2023-06-09,31.1
2023-06-10,34.9
2023-06-11,31.5
2023-06-12,26.0
2023-06-13,25.8
2023-06-14,28.7
2023-06-15,30.8
2023-06-16,29.7
2023-06-17,26.5
2023-06-18,33.8
2023-06-19,38.9
2023-06-20,41.6
2023-06-21,43.8
2023-06-22,36.0
2023-06-23,37.8
2023-06-24,40.9
2023-06-25,39.4
2023-06-26,41.0
2023-06-27,44.8
2023-06-28,48.4
2023-06-29,46.9
2023-06-30,40.0
2023-07-01,41.3
2023-07-02,41.7
2023-07-03,44.2
2023-07-04,44.5
2023-07-05,37.4
2023-07-06,35.0
2023-07-07,32.7
2023-07-08,31.2
2023-07-09,30.7
2023-07-10,31.5
2023-07-11,37.7
2023-07-12,41.7
2023-07-13,43.5
2023-07-14,37.9
2023-07-15,36.3
2023-07-16,38.9
2023-07-17,42.9
2023-07-18,46.1
2023-07-19,44.5
2023-07-20,36.2
2023-07-21,32.7
2023-07-22,35.1
2023-07-23,39.8
2023-07-24,43.1
2023-07-25,46.1
2023-07-26,47.3
2023-07-27,45.5
2023-07-28,45.9
2023-07-29,45.5
2023-07-30,45.4
2023-07-31,47.0
2023-08-01,40.7
2023-08-02,43.4
2023-08-03,42.5
2023-08-04,43.5
2023-08-05,43.7
2023-08-06,36.4
2023-08-07,38.4
2023-08-08,38.5
2023-08-09,38.3
2023-08-10,38.1
2023-08-11,40.7
2023-08-12,37.3
2023-08-13,35.1
2023-08-14,32.9
2023-08-15,37.0
2023-08-16,39.9
2023-08-17,41.9
2023-08-18,44.7
2023-08-19,48.5
2023-08-20,51.3
2023-08-21,51.8
2023-08-22,52.6
2023-08-23,52.9
2023-08-24,52.6
2023-08-25,48.9
2023-08-26,36.3
2023-08-27,36.0
2023-08-28,31.7
2023-08-29,30.9
2023-08-30,35.5
2023-08-31,39.3
2023-09-01,42.9
2023-09-02,45.9
2023-09-03,46.1
2023-09-04,48.6
2023-09-05,48.6
2023-09-06,49.1
2023-09-07,52.2
2023-09-08,52.7
2023-09-09,53.8
2023-09-10,51.9
2023-09-11,31.8
2023-09-12,31.2
2023-09-13,27.3
2023-09-14,29.2
2023-09-15,16.2
2023-09-16,22.5
2023-09-17,26.1
2023-09-18,28.2
2023-09-19,29.6
2023-09-20,32.3
2023-09-21,34.9
2023-09-22,39.1
2023-09-23,39.6
2023-09-24,39.2
2023-09-25,40.7
2023-09-26,42.9
2023-09-27,44.7
2023-09-28,46.9
2023-09-29,49.1
2023-09-30,48.1
2023-10-01,44.8
2023-10-02,40.8
2023-10-03,40.1
2023-10-04,40.3
2023-10-05,41.4
2023-10-06,37.5
2023-10-07,39.4
2023-10-08,41.6
2023-10-09,42.6
2023-10-10,43.3
2023-10-11,43.1
2023-10-12,43.3
2023-10-13,41.1
2023-10-14,40.9
2023-10-15,42.9
2023-10-16,44.3
2023-10-17,47.0
2023-10-18,46.7
2023-10-19,47.8
2023-10-20,50.1
2023-10-21,51.2
2023-10-22,51.4
2023-10-23,51.3
2023-10-24,49.8
2023-10-25,46.8
2023-10-26,48.5
2023-10-27,43.5
2023-10-28,42.7
2023-10-29,36.3
2023-10-30,29.8
2023-10-31,23.6
2023-11-01,21.6
2023-11-02,37.7
2023-11-03,37.3
2023-11-04,37.6
2023-11-05,39.8
2023-11-06,40.4
2023-11-07,41.9
2023-11-08,40.8
2023-11-09,28.7
2023-11-10,30.2
2023-11-11,32.6
2023-11-12,34.1
2023-11-13,37.9
2023-11-14,40.0
2023-11-15,40.7
2023-11-16,41.0
2023-11-17,40.3
2023-11-18,40.3
2023-11-19,38.6
2023-11-20,35.2
2023-11-21,34.5
2023-11-22,36.1
2023-11-23,38.1
2023-11-24,31.6
2023-11-25,24.1
2023-11-26,18.7
2023-11-27,17.2
2023-11-28,15.9
2023-11-29,22.5
2023-11-30,25.1
2023-12-01,23.7
2023-12-02,18.2
2023-12-03,21.4
2023-12-04,27.2
2023-12-05,29.3
2023-12-06,32.0
2023-12-07,32.5
2023-12-08,31.4
2023-12-09,22.7
2023-12-10,14.2
2023-12-11,22.7
2023-12-12,22.2
2023-12-13,20.6
2023-12-14,15.8
2023-12-15,12.1
2023-12-16,14.9
2023-12-17,18.8
2023-12-18,21.7
2023-12-19,23.3
2023-12-20,22.5
2023-12-21,22.2
2023-12-22,23.0
2023-12-23,24.1
2023-12-24,21.2
2023-12-25,18.3
2023-12-26,11.7
2023-12-27,16.4
2023-12-28,20.8
2023-12-29,25.6
2023-12-30,27.9
2023-12-31,26.8
2024-01-01,27.4
2024-01-02,27.4
2024-01-03,28.7
2024-01-04,25.9
2024-01-05,19.5
2024-01-06,13.0
2024-01-07,11.8
2024-01-08,10.9
2024-01-09,10.3
2024-01-10,18.6
2024-01-11,18.0
2024-01-12,14.2
2024-01-13,8.4
2024-01-14,12.3
2024-01-15,12.5
2024-01-16,13.4
2024-01-17,17.1
2024-01-18,21.7
2024-01-19,20.0
2024-01-20,22.0
2024-01-21,22.3
2024-01-22,23.6
2024-01-23,22.0
2024-01-24,18.8
2024-01-25,17.7
2024-01-26,14.1
2024-01-27,11.8
2024-01-28,9.4
2024-01-29,12.2
2024-01-30,15.8
2024-01-31,20.0
2024-02-01,24.0
2024-02-02,22.4
2024-02-03,14.2
2024-02-04,12.6
2024-02-05,15.9
2024-02-06,17.4
2024-02-07,15.4
2024-02-08,20.0
2024-02-09,19.4
2024-02-10,17.0
2024-02-11,13.2
2024-02-12,9.2
2024-02-13,8.5
2024-02-14,17.5
2024-02-15,18.9
2024-02-16,20.3
2024-02-17,15.4
2024-02-18,12.0
2024-02-19,19.2
2024-02-20,24.3
2024-02-21,26.1
2024-02-22,26.2
2024-02-23,27.0
2024-02-24,30.4
2024-02-25,32.0
2024-02-26,31.7
2024-02-27,29.5
2024-02-28,30.4
2024-02-29,34.4
2024-03-01,36.0
2024-03-02,37.6
2024-03-03,37.0
2024-03-04,37.2
2024-03-05,36.9
2024-03-06,38.5
2024-03-07,37.5
2024-03-08,25.0
2024-03-09,18.8
2024-03-10,16.7
2024-03-11,27.4
2024-03-12,31.6
2024-03-13,29.9
2024-03-14,17.7
2024-03-15,13.9
2024-03-16,12.9
2024-03-17,11.8
2024-03-18,10.8
2024-03-19,9.9
2024-03-20,9.0
2024-03-21,19.3
2024-03-22,19.9
2024-03-23,24.2
2024-03-24,23.7
2024-03-25,15.4
2024-03-26,11.6
2024-03-27,9.3
2024-03-28,16.1
2024-03-29,20.6
2024-03-30,24.9
2024-03-31,27.5
2024-04-01,25.1
2024-04-02,21.8
2024-04-03,24.7
2024-04-04,30.8
2024-04-05,33.3
2024-04-06,32.6
2024-04-07,35.0
2024-04-08,34.5
2024-04-09,34.2
2024-04-10,36.3
2024-04-11,36.3
2024-04-12,39.5
2024-04-13,41.9
2024-04-14,44.1
2024-04-15,45.0
2024-04-16,44.6
2024-04-17,45.8
2024-04-18,42.6
2024-04-19,39.5
2024-04-20,32.7
2024-04-21,28.6
2024-04-22,39.1
2024-04-23,38.2
2024-04-24,40.3
2024-04-25,42.5
2024-04-26,41.7
2024-04-27,34.8
2024-04-28,27.7
2024-04-29,31.9
2024-04-30,38.4
2024-05-01,38.1
2024-05-02,35.6
2024-05-03,39.0
2024-05-04,35.2
2024-05-05,37.6
2024-05-06,39.6
2024-05-07,41.4
2024-05-08,42.1
2024-05-09,40.3
2024-05-10,25.4
2024-05-11,21.9
2024-05-12,22.0
2024-05-13,27.1
2024-05-14,31.9
2024-05-15,29.9
2024-05-16,28.3
2024-05-17,33.9
2024-05-18,36.1
2024-05-19,36.5
2024-05-20,38.6
2024-05-21,37.4
2024-05-22,39.6
2024-05-23,42.7
2024-05-24,42.1
2024-05-25,44.3
2024-05-26,45.6
2024-05-27,47.1
2024-05-28,47.2
2024-05-29,44.5
2024-05-30,46.5
2024-05-31,45.5
2024-06-01,45.5
2024-06-02,48.7
2024-06-03,48.7
2024-06-04,50.2
2024-06-05,52.9
2024-06-06,53.0
2024-06-07,52.0
2024-06-08,53.2
2024-06-09,43.4
2024-06-10,39.3
2024-06-11,41.1
2024-06-12,44.9
2024-06-13,48.1
2024-06-14,44.5
2024-06-15,47.1
2024-06-16,50.9
2024-06-17,53.2
2024-06-18,52.6
2024-06-19,49.1
2024-06-20,39.3
2024-06-21,38.5
2024-06-22,40.3
2024-06-23,43.5
2024-06-24,46.0
2024-06-25,48.8
2024-06-26,48.8
2024-06-27,45.6
2024-06-28,49.9
2024-06-29,48.1
2024-06-30,39.7
2024-07-01,40.7
2024-07-02,42.3
2024-07-03,42.0
2024-07-04,42.2
2024-07-05,40.3
2024-07-06,43.2
2024-07-07,41.9
2024-07-08,38.4
2024-07-09,41.3
2024-07-10,42.6
2024-07-11,44.9
2024-07-12,48.6
2024-07-13,51.7
2024-07-14,53.0
2024-07-15,53.1
2024-07-16,51.7
2024-07-17,46.9
2024-07-18,43.5
2024-07-19,43.9
2024-07-20,41.1
2024-07-21,32.6
2024-07-22,34.4
2024-07-23,36.6
2024-07-24,38.9
2024-07-25,42.2
2024-07-26,42.9
2024-07-27,41.1
2024-07-28,45.1
2024-07-29,47.3
2024-07-30,50.9
2024-07-31,53.6
2024-08-01,52.3
2024-08-02,51.1
2024-08-03,50.4
2024-08-04,51.9
2024-08-05,51.1
2024-08-06,44.6
2024-08-07,45.8
2024-08-08,38.2
2024-08-09,31.8
2024-08-10,30.9
2024-08-11,31.6
2024-08-12,33.3
2024-08-13,31.5
2024-08-14,33.8
2024-08-15,36.5
2024-08-16,39.3
2024-08-17,42.7
2024-08-18,44.5
2024-08-19,43.7
2024-08-20,39.4
2024-08-21,38.9
2024-08-22,38.9
2024-08-23,39.6
2024-08-24,41.3
2024-08-25,42.5
2024-08-26,40.3
2024-08-27,43.1
2024-08-28,44.4
2024-08-29,45.1
2024-08-30,40.9
2024-08-31,43.8
2024-09-01,45.3
2024-09-02,47.6
2024-09-03,48.8
2024-09-04,49.5
2024-09-05,38.4
2024-09-06,39.3
2024-09-07,40.5
2024-09-08,40.0
2024-09-09,41.7
2024-09-10,43.1
2024-09-11,43.2
2024-09-12,45.7
2024-09-13,47.3
2024-09-14,48.2
2024-09-15,48.7
2024-09-16,44.5
2024-09-17,40.8
2024-09-18,44.6
2024-09-19,46.4
2024-09-20,47.5
2024-09-21,43.6
2024-09-22,28.6
2024-09-23,36.1
2024-09-24,35.6
2024-09-25,37.2
2024-09-26,40.2
2024-09-27,41.7
2024-09-28,42.2
2024-09-29,44.0
2024-09-30,46.5
2024-10-01,46.3
2024-10-02,49.9
2024-10-03,51.2
2024-10-04,49.7
2024-10-05,52.1
2024-10-06,50.9
2024-10-07,52.3
2024-10-08,52.6
2024-10-09,52.7
2024-10-10,53.1
2024-10-11,54.5
2024-10-12,54.9
2024-10-13,53.7
2024-10-14,53.1
2024-10-15,52.6
2024-10-16,51.0
2024-10-17,48.4
2024-10-18,41.7
2024-10-19,29.0
2024-10-20,28.2
2024-10-21,34.3
2024-10-22,35.4
2024-10-23,36.1
2024-10-24,37.1
2024-10-25,34.9
2024-10-26,37.0
2024-10-27,39.4
2024-10-28,41.3
2024-10-29,40.7
2024-10-30,39.8
2024-10-31,40.4
2024-11-01,42.4
2024-11-02,43.1
2024-11-03,41.4
2024-11-04,29.2
2024-11-05,24.6
2024-11-06,24.4
2024-11-07,22.0
2024-11-08,17.6
2024-11-09,16.2
2024-11-10,14.8
2024-11-11,13.3
2024-11-12,12.0
2024-11-13,14.3
2024-11-14,18.5
2024-11-15,22.0
2024-11-16,26.0
2024-11-17,25.9
2024-11-18,27.6
2024-11-19,27.6
2024-11-20,29.8
2024-11-21,31.5
2024-11-22,34.2
2024-11-23,36.0
2024-11-24,36.0
2024-11-25,30.7
2024-11-26,32.6
2024-11-27,26.9
2024-11-28,20.8
2024-11-29,18.8
2024-11-30,18.4
2024-12-01,21.7
2024-12-02,24.6
2024-12-03,29.7
2024-12-04,30.8
2024-12-05,30.1
2024-12-06,31.4
2024-12-07,33.1
2024-12-08,34.4
2024-12-09,32.1
2024-12-10,24.4
2024-12-11,15.9
2024-12-12,17.9
2024-12-13,24.3
2024-12-14,25.8
2024-12-15,30.0
2024-12-16,30.3
2024-12-17,32.2
2024-12-18,29.4
2024-12-19,33.6
2024-12-20,35.3
2024-12-21,36.3
2024-12-22,36.6
2024-12-23,36.3
2024-12-24,35.0
2024-12-25,34.5
2024-12-26,30.1
2024-12-27,33.2
2024-12-28,35.0
2024-12-29,36.5
2024-12-30,36.3
2024-12-31,35.6
