date,erc
2005-01-01,72.1
2005-01-02,47.6
2005-01-03,30.3
2005-01-04,2.8
2005-01-05,2.8
2005-01-06,0.0
2005-01-07,0.0
2005-01-08,19.0
2005-01-09,68.9
2005-01-10,61.3
2005-01-11,46.0
2005-01-12,54.8
2005-01-13,6.5
2005-01-14,2.3
2005-01-15,3.2
2005-01-16,3.0
2005-01-17,2.9
2005-01-18,42.7
2005-01-19,65.9
2005-01-20,82.2
2005-01-21,81.6
2005-01-22,54.9
2005-01-23,76.6
2005-01-24,83.6
2005-01-25,79.2
2005-01-26,66.4
2005-01-27,45.1
2005-01-28,10.4
2005-01-29,11.1
2005-01-30,2.5
2005-01-31,0.0
2005-02-01,0.0
2005-02-02,31.1
2005-02-03,67.7
2005-02-04,77.0
2005-02-05,66.8
2005-02-06,21.6
2005-02-07,7.3
2005-02-08,4.6
2005-02-09,31.1
2005-02-10,43.2
2005-02-11,65.1
2005-02-12,51.1
2005-02-13,75.4
2005-02-14,83.3
2005-02-15,63.5
2005-02-16,24.8
2005-02-17,3.7
2005-02-18,25.0
2005-02-19,73.7
2005-02-20,78.4
2005-02-21,81.7
2005-02-22,60.6
2005-02-23,6.4
2005-02-24,63.2
2005-02-25,71.3
2005-02-26,70.4
2005-02-27,58.0
2005-02-28,70.2
2005-03-01,73.6
2005-03-02,77.3
2005-03-03,80.0
2005-03-04,86.1
2005-03-05,81.5
2005-03-06,80.2
2005-03-07,76.9
2005-03-08,72.3
2005-03-09,75.5
2005-03-10,80.8
2005-03-11,86.6
2005-03-12,94.4
2005-03-13,52.0
2005-03-14,35.8
2005-03-15,3.3
2005-03-16,22.3
2005-03-17,51.8
2005-03-18,69.0
2005-03-19,70.5
2005-03-20,77.8
2005-03-21,51.1
2005-03-22,57.2
2005-03-23,60.2
2005-03-24,59.3
2005-03-25,24.8
2005-03-26,12.8
2005-03-27,22.6
2005-03-28,80.3
2005-03-29,81.6
2005-03-30,71.9
2005-03-31,17.6
2005-04-01,49.8
2005-04-02,56.9
2005-04-03,81.9
2005-04-04,90.0
2005-04-05,65.5
2005-04-06,68.6
2005-04-07,79.7
2005-04-08,81.5
2005-04-09,91.2
2005-04-10,73.8
2005-04-11,41.0
2005-04-12,78.3
2005-04-13,74.9
2005-04-14,72.5
2005-04-15,62.9
2005-04-16,58.0
2005-04-17,59.9
2005-04-18,79.2
2005-04-19,83.2
2005-04-20,83.6
2005-04-21,76.1
2005-04-22,65.1
2005-04-23,61.8
2005-04-24,47.8
2005-04-25,27.5
2005-04-26,59.9
2005-04-27,58.1
2005-04-28,39.1
2005-04-29,23.7
2005-04-30,52.6
2005-05-01,10.7
2005-05-02,27.2
2005-05-03,33.1
2005-05-04,51.9
2005-05-05,59.1
2005-05-06,55.1
2005-05-07,67.9
2005-05-08,70.3
2005-05-09,68.4
2005-05-10,78.3
2005-05-11,72.1
2005-05-12,68.2
2005-05-13,60.5
2005-05-14,62.4
2005-05-15,47.5
2005-05-16,67.0
2005-05-17,75.3
2005-05-18,73.5
2005-05-19,75.0
2005-05-20,76.5
2005-05-21,83.7
2005-05-22,61.4
2005-05-23,68.7
2005-05-24,71.2
2005-05-25,37.1
2005-05-26,48.0
2005-05-27,51.5
2005-05-28,61.7
2005-05-29,45.8
2005-05-30,25.8
2005-05-31,32.6
2005-06-01,59.8
2005-06-02,64.3
2005-06-03,49.1
2005-06-04,60.2
2005-06-05,69.8
2005-06-06,68.6
2005-06-07,80.6
2005-06-08,75.8
2005-06-09,84.0
2005-06-10,43.9
2005-06-11,56.3
2005-06-12,58.2
2005-06-13,78.1
2005-06-14,70.5
2005-06-15,68.7
2005-06-16,76.6
2005-06-17,66.5
2005-06-18,69.6
2005-06-19,74.9
2005-06-20,73.2
2005-06-21,74.5
2005-06-22,82.3
2005-06-23,88.3
2005-06-24,82.3
2005-06-25,71.7
2005-06-26,74.4
2005-06-27,90.3
2005-06-28,92.1
2005-06-29,95.6
2005-06-30,82.9
2005-07-01,78.1
2005-07-02,89.3
2005-07-03,94.4
2005-07-04,81.2
2005-07-05,71.7
2005-07-06,77.5
2005-07-07,83.5
2005-07-08,79.8
2005-07-09,84.5
2005-07-10,86.8
2005-07-11,83.6
2005-07-12,83.6
2005-07-13,83.0
2005-07-14,86.3
2005-07-15,83.0
2005-07-16,89.0
2005-07-17,93.6
2005-07-18,71.2
2005-07-19,92.3
2005-07-20,96.9
2005-07-21,96.5
2005-07-22,93.4
2005-07-23,93.0
2005-07-24,91.7
2005-07-25,88.6
2005-07-26,52.4
2005-07-27,76.7
2005-07-28,91.1
2005-07-29,98.8
2005-07-30,97.8
2005-07-31,97.3
2005-08-01,98.9
2005-08-02,98.2
2005-08-03,96.3
2005-08-04,67.2
2005-08-05,64.7
2005-08-06,81.6
2005-08-07,87.5
2005-08-08,86.3
2005-08-09,87.7
2005-08-10,79.4
2005-08-11,72.6
2005-08-12,29.8
2005-08-13,36.5
2005-08-14,33.8
2005-08-15,53.2
2005-08-16,67.5
2005-08-17,88.2
2005-08-18,89.9
2005-08-19,87.0
2005-08-20,65.3
2005-08-21,54.9
2005-08-22,71.1
2005-08-23,66.9
2005-08-24,79.2
2005-08-25,87.5
2005-08-26,85.6
2005-08-27,81.9
2005-08-28,79.9
2005-08-29,87.1
2005-08-30,92.7
2005-08-31,79.2
2005-09-01,73.3
2005-09-02,75.0
2005-09-03,81.8
2005-09-04,79.2
2005-09-05,75.6
2005-09-06,68.6
2005-09-07,66.5
2005-09-08,77.6
2005-09-09,80.0
2005-09-10,84.8
2005-09-11,86.5
2005-09-12,91.0
2005-09-13,81.4
2005-09-14,51.9
2005-09-15,72.5
2005-09-16,76.5
2005-09-17,89.4
2005-09-18,96.2
2005-09-19,80.2
2005-09-20,82.6
2005-09-21,93.9
2005-09-22,75.5
2005-09-23,71.5
2005-09-24,86.0
2005-09-25,77.8
2005-09-26,73.4
2005-09-27,89.7
2005-09-28,71.9
2005-09-29,59.5
2005-09-30,78.7
2005-10-01,87.9
2005-10-02,92.5
2005-10-03,84.4
2005-10-04,73.3
2005-10-05,68.9
2005-10-06,65.1
2005-10-07,70.9
2005-10-08,72.6
2005-10-09,54.8
2005-10-10,0.9
2005-10-11,40.5
2005-10-12,60.9
2005-10-13,72.7
2005-10-14,83.2
2005-10-15,71.7
2005-10-16,74.6
2005-10-17,85.5
2005-10-18,90.1
2005-10-19,68.0
2005-10-20,69.8
2005-10-21,59.6
2005-10-22,66.8
2005-10-23,55.7
2005-10-24,75.0
2005-10-25,80.5
2005-10-26,74.5
2005-10-27,66.9
2005-10-28,63.6
2005-10-29,72.9
2005-10-30,69.4
2005-10-31,58.5
2005-11-01,81.3
2005-11-02,88.8
2005-11-03,87.2
2005-11-04,87.3
2005-11-05,64.5
2005-11-06,76.5
2005-11-07,87.3
2005-11-08,91.6
2005-11-09,74.3
2005-11-10,82.4
2005-11-11,86.3
2005-11-12,82.8
2005-11-13,73.1
2005-11-14,82.0
2005-11-15,59.3
2005-11-16,54.0
2005-11-17,49.8
2005-11-18,69.2
2005-11-19,62.4
2005-11-20,74.5
2005-11-21,76.0
2005-11-22,78.4
2005-11-23,88.0
2005-11-24,72.7
2005-11-25,75.4
2005-11-26,85.6
2005-11-27,67.6
2005-11-28,51.7
2005-11-29,63.8
2005-11-30,68.6
2005-12-01,67.8
2005-12-02,73.0
2005-12-03,56.2
2005-12-04,37.3
2005-12-05,45.5
2005-12-06,58.5
2005-12-07,26.9
2005-12-08,0.0
2005-12-09,0.0
2005-12-10,0.0
2005-12-11,62.9
2005-12-12,66.0
2005-12-13,75.6
2005-12-14,63.7
2005-12-15,63.5
2005-12-16,55.3
2005-12-17,19.3
2005-12-18,2.9
2005-12-19,0.0
2005-12-20,17.8
2005-12-21,45.2
2005-12-22,78.0
2005-12-23,78.1
2005-12-24,74.2
2005-12-25,80.7
2005-12-26,88.9
2005-12-27,77.4
2005-12-28,74.4
2005-12-29,80.5
2005-12-30,74.3
2005-12-31,78.5
2006-01-01,66.9
2006-01-02,76.7
2006-01-03,84.8
2006-01-04,72.0
2006-01-05,70.4
2006-01-06,85.3
2006-01-07,94.5
2006-01-08,87.3
2006-01-09,44.6
2006-01-10,29.4
2006-01-11,81.3
2006-01-12,66.4
2006-01-13,71.2
2006-01-14,84.1
2006-01-15,83.8
2006-01-16,69.4
2006-01-17,50.8
2006-01-18,80.8
2006-01-19,71.1
2006-01-20,35.0
2006-01-21,29.8
2006-01-22,40.8
2006-01-23,48.7
2006-01-24,50.4
2006-01-25,72.0
2006-01-26,72.6
2006-01-27,78.2
2006-01-28,74.3
2006-01-29,76.1
2006-01-30,78.3
2006-01-31,83.4
2006-02-01,70.2
2006-02-02,67.0
2006-02-03,73.3
2006-02-04,71.2
2006-02-05,76.0
2006-02-06,72.0
2006-02-07,79.4
2006-02-08,82.2
2006-02-09,90.3
2006-02-10,59.1
2006-02-11,59.2
2006-02-12,52.8
2006-02-13,57.8
2006-02-14,87.8
2006-02-15,77.0
2006-02-16,62.6
2006-02-17,57.6
2006-02-18,58.7
2006-02-19,66.3
2006-02-20,71.5
2006-02-21,76.7
2006-02-22,75.3
2006-02-23,78.5
2006-02-24,89.9
2006-02-25,75.3
2006-02-26,85.0
2006-02-27,94.8
2006-02-28,96.1
2006-03-01,85.9
2006-03-02,80.1
2006-03-03,64.3
2006-03-04,79.5
2006-03-05,85.0
2006-03-06,95.3
2006-03-07,95.7
2006-03-08,87.7
2006-03-09,49.3
2006-03-10,79.2
2006-03-11,78.9
2006-03-12,81.0
2006-03-13,69.7
2006-03-14,82.5
2006-03-15,92.4
2006-03-16,86.5
2006-03-17,78.7
2006-03-18,55.8
2006-03-19,24.1
2006-03-20,8.8
2006-03-21,2.9
2006-03-22,0.0
2006-03-23,0.0
2006-03-24,0.0
2006-03-25,55.2
2006-03-26,85.5
2006-03-27,74.4
2006-03-28,78.2
2006-03-29,84.0
2006-03-30,78.6
2006-03-31,83.2
2006-04-01,86.3
2006-04-02,91.4
2006-04-03,80.6
2006-04-04,86.7
2006-04-05,90.2
2006-04-06,82.0
2006-04-07,69.5
2006-04-08,82.1
2006-04-09,98.7
2006-04-10,100.3
2006-04-11,96.6
2006-04-12,89.1
2006-04-13,101.8
2006-04-14,95.9
2006-04-15,93.6
2006-04-16,96.5
2006-04-17,103.8
2006-04-18,98.3
2006-04-19,88.2
2006-04-20,82.4
2006-04-21,89.0
2006-04-22,94.8
2006-04-23,96.2
2006-04-24,73.5
2006-04-25,67.0
2006-04-26,82.7
2006-04-27,91.0
2006-04-28,27.2
2006-04-29,59.4
2006-04-30,82.4
2006-05-01,81.6
2006-05-02,92.2
2006-05-03,62.7
2006-05-04,30.3
2006-05-05,11.3
2006-05-06,54.6
2006-05-07,73.7
2006-05-08,88.7
2006-05-09,73.5
2006-05-10,67.8
2006-05-11,80.4
2006-05-12,91.3
2006-05-13,89.4
2006-05-14,78.2
2006-05-15,79.2
2006-05-16,85.0
2006-05-17,90.4
2006-05-18,92.1
2006-05-19,94.7
2006-05-20,91.1
2006-05-21,85.7
2006-05-22,80.7
2006-05-23,89.4
2006-05-24,90.5
2006-05-25,94.7
2006-05-26,96.7
2006-05-27,102.1
2006-05-28,101.1
2006-05-29,89.3
2006-05-30,72.2
2006-05-31,65.4
2006-06-01,73.7
2006-06-02,82.3
2006-06-03,94.6
2006-06-04,95.9
2006-06-05,93.3
2006-06-06,89.8
2006-06-07,92.0
2006-06-08,95.5
2006-06-09,95.5
2006-06-10,98.4
2006-06-11,86.0
2006-06-12,79.7
2006-06-13,89.2
2006-06-14,96.2
2006-06-15,99.7
2006-06-16,76.5
2006-06-17,86.8
2006-06-18,97.0
2006-06-19,101.9
2006-06-20,103.9
2006-06-21,88.4
2006-06-22,74.8
2006-06-23,78.7
2006-06-24,71.3
2006-06-25,72.8
2006-06-26,78.4
2006-06-27,88.2
2006-06-28,88.0
2006-06-29,89.8
2006-06-30,92.8
2006-07-01,93.2
2006-07-02,85.5
2006-07-03,81.1
2006-07-04,34.2
2006-07-05,32.3
2006-07-06,58.1
2006-07-07,77.8
2006-07-08,72.9
2006-07-09,49.1
2006-07-10,66.6
2006-07-11,80.1
2006-07-12,82.4
2006-07-13,90.2
2006-07-14,87.2
2006-07-15,93.6
2006-07-16,96.2
2006-07-17,95.3
2006-07-18,90.4
2006-07-19,94.7
2006-07-20,96.2
2006-07-21,79.6
2006-07-22,83.4
2006-07-23,89.6
2006-07-24,93.1
2006-07-25,94.5
2006-07-26,83.3
2006-07-27,72.5
2006-07-28,75.4
2006-07-29,83.0
2006-07-30,86.6
2006-07-31,85.7
2006-08-01,72.9
2006-08-02,67.4
2006-08-03,60.4
2006-08-04,76.9
2006-08-05,80.4
2006-08-06,83.0
2006-08-07,80.9
2006-08-08,88.5
2006-08-09,87.6
2006-08-10,85.4
2006-08-11,82.8
2006-08-12,84.8
2006-08-13,75.6
2006-08-14,14.1
2006-08-15,49.5
2006-08-16,68.3
2006-08-17,73.7
2006-08-18,75.6
2006-08-19,42.9
2006-08-20,55.0
2006-08-21,35.6
2006-08-22,55.2
2006-08-23,79.7
2006-08-24,83.0
2006-08-25,60.6
2006-08-26,33.7
2006-08-27,42.2
2006-08-28,58.5
2006-08-29,49.7
2006-08-30,63.4
2006-08-31,71.3
2006-09-01,47.2
2006-09-02,27.2
2006-09-03,32.2
2006-09-04,43.5
2006-09-05,34.5
2006-09-06,31.2
2006-09-07,42.3
2006-09-08,29.4
2006-09-09,33.4
2006-09-10,23.8
2006-09-11,27.8
2006-09-12,28.0
2006-09-13,37.6
2006-09-14,32.1
2006-09-15,41.4
2006-09-16,50.3
2006-09-17,44.2
2006-09-18,44.2
2006-09-19,51.3
2006-09-20,56.0
2006-09-21,27.3
2006-09-22,24.8
2006-09-23,27.1
2006-09-24,38.6
2006-09-25,47.1
2006-09-26,55.9
2006-09-27,54.8
2006-09-28,48.3
2006-09-29,60.4
2006-09-30,61.1
2006-10-01,72.3
2006-10-02,76.0
2006-10-03,71.0
2006-10-04,55.5
2006-10-05,58.9
2006-10-06,63.1
2006-10-07,66.1
2006-10-08,48.7
2006-10-09,3.9
2006-10-10,35.3
2006-10-11,64.3
2006-10-12,48.0
2006-10-13,65.7
2006-10-14,47.4
2006-10-15,50.3
2006-10-16,76.4
2006-10-17,58.5
2006-10-18,40.1
2006-10-19,50.9
2006-10-20,81.0
2006-10-21,54.2
2006-10-22,66.2
2006-10-23,82.1
2006-10-24,78.0
2006-10-25,76.8
2006-10-26,45.9
2006-10-27,42.5
2006-10-28,55.9
2006-10-29,82.8
2006-10-30,84.0
2006-10-31,60.6
2006-11-01,61.0
2006-11-02,67.0
2006-11-03,77.0
2006-11-04,71.1
2006-11-05,69.2
2006-11-06,71.2
2006-11-07,81.3
2006-11-08,90.9
2006-11-09,72.0
2006-11-10,57.2
2006-11-11,73.7
2006-11-12,66.7
2006-11-13,58.4
2006-11-14,71.0
2006-11-15,70.0
2006-11-16,83.8
2006-11-17,73.3
2006-11-18,69.2
2006-11-19,73.2
2006-11-20,75.1
2006-11-21,88.1
2006-11-22,88.7
2006-11-23,90.1
2006-11-24,80.0
2006-11-25,79.7
2006-11-26,83.1
2006-11-27,51.4
2006-11-28,76.3
2006-11-29,43.1
2006-11-30,12.5
2006-12-01,18.2
2006-12-02,18.0
2006-12-03,20.1
2006-12-04,25.4
2006-12-05,52.7
2006-12-06,66.7
2006-12-07,49.6
2006-12-08,74.0
2006-12-09,74.2
2006-12-10,75.4
2006-12-11,60.7
2006-12-12,73.8
2006-12-13,77.8
2006-12-14,78.9
2006-12-15,78.7
2006-12-16,77.6
2006-12-17,58.4
2006-12-18,55.0
2006-12-19,32.7
2006-12-20,1.4
2006-12-21,0.0
2006-12-22,0.0
2006-12-23,0.0
2006-12-24,0.0
2006-12-25,0.0
2006-12-26,0.0
2006-12-27,0.0
2006-12-28,22.0
2006-12-29,2.3
2006-12-30,1.5
2006-12-31,0.0
2007-01-01,0.0
2007-01-02,0.0
2007-01-03,0.0
2007-01-04,0.0
2007-01-05,0.0
2007-01-06,0.0
2007-01-07,0.0
2007-01-08,0.0
2007-01-09,0.0
2007-01-10,0.0
2007-01-11,20.2
2007-01-12,3.7
2007-01-13,2.4
2007-01-14,0.0
2007-01-15,0.0
2007-01-16,0.0
2007-01-17,0.0
2007-01-18,0.0
2007-01-19,0.0
2007-01-20,0.0
2007-01-21,0.0
2007-01-22,0.0
2007-01-23,0.0
2007-01-24,0.0
2007-01-25,0.0
2007-01-26,0.0
2007-01-27,0.0
2007-01-28,0.0
2007-01-29,0.0
2007-01-30,0.0
2007-01-31,0.0
2007-02-01,0.0
2007-02-02,0.0
2007-02-03,0.0
2007-02-04,0.0
2007-02-05,0.0
2007-02-06,0.0
2007-02-07,12.1
2007-02-08,10.2
2007-02-09,19.9
2007-02-10,18.7
2007-02-11,35.1
2007-02-12,17.6
2007-02-13,24.2
2007-02-14,8.5
2007-02-15,0.0
2007-02-16,0.0
2007-02-17,32.3
2007-02-18,46.1
2007-02-19,65.1
2007-02-20,55.4
2007-02-21,73.3
2007-02-22,62.6
2007-02-23,81.2
2007-02-24,53.6
2007-02-25,51.2
2007-02-26,70.0
2007-02-27,73.1
2007-02-28,68.5
2007-03-01,5.1
2007-03-02,20.6
2007-03-03,21.0
2007-03-04,45.2
2007-03-05,75.7
2007-03-06,76.8
2007-03-07,71.0
2007-03-08,78.3
2007-03-09,78.3
2007-03-10,74.2
2007-03-11,37.0
2007-03-12,71.6
2007-03-13,75.6
2007-03-14,77.7
2007-03-15,50.3
2007-03-16,72.5
2007-03-17,87.7
2007-03-18,94.2
2007-03-19,75.2
2007-03-20,79.2
2007-03-21,92.0
2007-03-22,73.9
2007-03-23,63.7
2007-03-24,54.8
2007-03-25,80.6
2007-03-26,73.0
2007-03-27,64.7
2007-03-28,78.4
2007-03-29,71.3
2007-03-30,53.7
2007-03-31,77.1
2007-04-01,82.4
2007-04-02,93.3
2007-04-03,82.2
2007-04-04,66.8
2007-04-05,68.7
2007-04-06,30.9
2007-04-07,36.1
2007-04-08,7.1
2007-04-09,0.0
2007-04-10,53.0
2007-04-11,79.9
2007-04-12,70.9
2007-04-13,3.7
2007-04-14,0.0
2007-04-15,0.0
2007-04-16,66.2
2007-04-17,28.1
2007-04-18,62.0
2007-04-19,74.0
2007-04-20,79.1
2007-04-21,63.1
2007-04-22,60.9
2007-04-23,72.8
2007-04-24,58.8
2007-04-25,42.3
2007-04-26,66.6
2007-04-27,60.4
2007-04-28,67.2
2007-04-29,74.2
2007-04-30,56.5
2007-05-01,48.6
2007-05-02,29.6
2007-05-03,52.2
2007-05-04,64.0
2007-05-05,65.7
2007-05-06,56.3
2007-05-07,45.1
2007-05-08,46.0
2007-05-09,50.6
2007-05-10,52.3
2007-05-11,54.0
2007-05-12,53.0
2007-05-13,51.5
2007-05-14,48.7
2007-05-15,26.1
2007-05-16,34.5
2007-05-17,31.4
2007-05-18,34.3
2007-05-19,40.5
2007-05-20,38.9
2007-05-21,36.3
2007-05-22,51.0
2007-05-23,36.4
2007-05-24,31.7
2007-05-25,31.9
2007-05-26,32.0
2007-05-27,35.7
2007-05-28,42.7
2007-05-29,41.4
2007-05-30,42.6
2007-05-31,37.5
2007-06-01,20.9
2007-06-02,42.5
2007-06-03,35.9
2007-06-04,41.5
2007-06-05,46.6
2007-06-06,60.3
2007-06-07,65.0
2007-06-08,52.0
2007-06-09,54.5
2007-06-10,49.4
2007-06-11,50.9
2007-06-12,38.8
2007-06-13,20.9
2007-06-14,23.1
2007-06-15,38.4
2007-06-16,43.1
2007-06-17,48.1
2007-06-18,51.3
2007-06-19,49.1
2007-06-20,56.4
2007-06-21,57.1
2007-06-22,55.1
2007-06-23,57.7
2007-06-24,64.8
2007-06-25,66.7
2007-06-26,50.2
2007-06-27,45.6
2007-06-28,50.5
2007-06-29,62.8
2007-06-30,62.0
2007-07-01,58.5
2007-07-02,60.3
2007-07-03,72.5
2007-07-04,72.5
2007-07-05,67.8
2007-07-06,73.4
2007-07-07,83.8
2007-07-08,86.0
2007-07-09,79.2
2007-07-10,69.3
2007-07-11,73.3
2007-07-12,74.7
2007-07-13,74.4
2007-07-14,85.5
2007-07-15,91.5
2007-07-16,90.3
2007-07-17,90.2
2007-07-18,90.8
2007-07-19,80.1
2007-07-20,76.3
2007-07-21,81.7
2007-07-22,81.6
2007-07-23,85.3
2007-07-24,82.6
2007-07-25,85.5
2007-07-26,85.5
2007-07-27,82.6
2007-07-28,77.3
2007-07-29,69.0
2007-07-30,73.1
2007-07-31,79.8
2007-08-01,76.7
2007-08-02,58.0
2007-08-03,72.2
2007-08-04,80.1
2007-08-05,77.8
2007-08-06,85.9
2007-08-07,81.2
2007-08-08,87.9
2007-08-09,89.6
2007-08-10,88.6
2007-08-11,93.4
2007-08-12,88.8
2007-08-13,93.8
2007-08-14,92.7
2007-08-15,91.2
2007-08-16,79.7
2007-08-17,85.1
2007-08-18,79.6
2007-08-19,86.5
2007-08-20,96.3
2007-08-21,86.2
2007-08-22,81.0
2007-08-23,79.4
2007-08-24,59.4
2007-08-25,71.2
2007-08-26,86.4
2007-08-27,87.5
2007-08-28,79.8
2007-08-29,43.3
2007-08-30,65.9
2007-08-31,78.1
2007-09-01,79.3
2007-09-02,85.7
2007-09-03,88.1
2007-09-04,87.4
2007-09-05,85.8
2007-09-06,79.6
2007-09-07,78.4
2007-09-08,77.5
2007-09-09,54.1
2007-09-10,24.7
2007-09-11,79.7
2007-09-12,78.4
2007-09-13,84.3
2007-09-14,64.9
2007-09-15,82.3
2007-09-16,90.6
2007-09-17,76.3
2007-09-18,83.7
2007-09-19,80.7
2007-09-20,73.2
2007-09-21,84.4
2007-09-22,75.5
2007-09-23,74.3
2007-09-24,81.2
2007-09-25,70.7
2007-09-26,81.0
2007-09-27,84.4
2007-09-28,69.8
2007-09-29,69.2
2007-09-30,80.2
2007-10-01,80.0
2007-10-02,79.9
2007-10-03,84.2
2007-10-04,90.3
2007-10-05,83.9
2007-10-06,80.6
2007-10-07,67.6
2007-10-08,82.9
2007-10-09,89.5
2007-10-10,80.7
2007-10-11,73.0
2007-10-12,75.6
2007-10-13,65.8
2007-10-14,54.9
2007-10-15,67.9
2007-10-16,82.1
2007-10-17,78.4
2007-10-18,81.2
2007-10-19,88.1
2007-10-20,97.5
2007-10-21,87.3
2007-10-22,65.5
2007-10-23,76.3
2007-10-24,79.0
2007-10-25,81.1
2007-10-26,78.8
2007-10-27,66.3
2007-10-28,77.0
2007-10-29,82.4
2007-10-30,93.0
2007-10-31,79.1
2007-11-01,79.1
2007-11-02,73.5
2007-11-03,85.1
2007-11-04,93.9
2007-11-05,84.2
2007-11-06,72.1
2007-11-07,90.0
2007-11-08,93.5
2007-11-09,92.2
2007-11-10,86.9
2007-11-11,89.9
2007-11-12,68.5
2007-11-13,86.1
2007-11-14,73.7
2007-11-15,79.5
2007-11-16,90.0
2007-11-17,83.6
2007-11-18,86.5
2007-11-19,93.8
2007-11-20,89.7
2007-11-21,57.3
2007-11-22,46.0
2007-11-23,28.1
2007-11-24,5.8
2007-11-25,0.0
2007-11-26,16.9
2007-11-27,68.8
2007-11-28,67.6
2007-11-29,73.7
2007-11-30,54.7
2007-12-01,66.1
2007-12-02,66.1
2007-12-03,79.8
2007-12-04,88.6
2007-12-05,71.1
2007-12-06,62.4
2007-12-07,40.3
2007-12-08,5.5
2007-12-09,26.2
2007-12-10,7.3
2007-12-11,8.5
2007-12-12,5.1
2007-12-13,0.0
2007-12-14,0.0
2007-12-15,0.0
2007-12-16,0.0
2007-12-17,23.3
2007-12-18,45.0
2007-12-19,73.0
2007-12-20,74.0
2007-12-21,62.7
2007-12-22,16.5
2007-12-23,6.4
2007-12-24,0.0
2007-12-25,19.3
2007-12-26,36.0
2007-12-27,7.5
2007-12-28,1.6
2007-12-29,0.0
2007-12-30,0.0
2007-12-31,35.5
2008-01-01,21.9
2008-01-02,17.9
2008-01-03,42.5
2008-01-04,64.9
2008-01-05,65.1
2008-01-06,55.1
2008-01-07,56.9
2008-01-08,34.7
2008-01-09,46.8
2008-01-10,38.1
2008-01-11,45.8
2008-01-12,44.3
2008-01-13,44.5
2008-01-14,67.2
2008-01-15,77.5
2008-01-16,55.2
2008-01-17,28.0
2008-01-18,17.0
2008-01-19,3.8
2008-01-20,0.0
2008-01-21,23.4
2008-01-22,33.2
2008-01-23,39.0
2008-01-24,40.4
2008-01-25,50.4
2008-01-26,54.0
2008-01-27,84.3
2008-01-28,77.5
2008-01-29,69.5
2008-01-30,58.9
2008-01-31,44.6
2008-02-01,52.5
2008-02-02,63.0
2008-02-03,72.4
2008-02-04,74.0
2008-02-05,21.9
2008-02-06,7.1
2008-02-07,0.0
2008-02-08,0.0
2008-02-09,49.3
2008-02-10,59.9
2008-02-11,71.6
2008-02-12,25.2
2008-02-13,50.7
2008-02-14,56.9
2008-02-15,40.0
2008-02-16,33.7
2008-02-17,46.5
2008-02-18,57.2
2008-02-19,53.8
2008-02-20,57.1
2008-02-21,51.9
2008-02-22,15.1
2008-02-23,62.3
2008-02-24,76.0
2008-02-25,67.1
2008-02-26,64.4
2008-02-27,59.5
2008-02-28,80.2
2008-02-29,77.2
2008-03-01,93.1
2008-03-02,79.6
2008-03-03,42.8
2008-03-04,53.8
2008-03-05,46.3
2008-03-06,37.4
2008-03-07,14.8
2008-03-08,30.3
2008-03-09,48.3
2008-03-10,52.6
2008-03-11,83.9
2008-03-12,86.5
2008-03-13,78.2
2008-03-14,71.3
2008-03-15,58.7
2008-03-16,38.9
2008-03-17,8.0
2008-03-18,43.7
2008-03-19,82.2
2008-03-20,93.6
2008-03-21,84.9
2008-03-22,69.3
2008-03-23,40.1
2008-03-24,87.3
2008-03-25,89.9
2008-03-26,83.5
2008-03-27,74.9
2008-03-28,65.4
2008-03-29,83.0
2008-03-30,69.9
2008-03-31,67.2
2008-04-01,66.7
2008-04-02,77.0
2008-04-03,64.3
2008-04-04,77.5
2008-04-05,90.4
2008-04-06,84.4
2008-04-07,76.4
2008-04-08,71.4
2008-04-09,37.1
2008-04-10,25.1
2008-04-11,60.5
2008-04-12,74.9
2008-04-13,73.6
2008-04-14,92.4
2008-04-15,101.7
2008-04-16,94.2
2008-04-17,32.3
2008-04-18,53.9
2008-04-19,93.2
2008-04-20,101.5
2008-04-21,92.7
2008-04-22,75.5
2008-04-23,70.2
2008-04-24,93.9
2008-04-25,85.6
2008-04-26,80.8
2008-04-27,81.4
2008-04-28,97.5
2008-04-29,98.5
2008-04-30,103.9
2008-05-01,95.5
2008-05-02,76.1
2008-05-03,82.6
2008-05-04,93.3
2008-05-05,80.0
2008-05-06,81.8
2008-05-07,60.5
2008-05-08,79.7
2008-05-09,83.2
2008-05-10,74.7
2008-05-11,85.7
2008-05-12,101.6
2008-05-13,71.1
2008-05-14,60.5
2008-05-15,63.2
2008-05-16,77.0
2008-05-17,87.2
2008-05-18,97.3
2008-05-19,98.3
2008-05-20,83.8
2008-05-21,84.8
2008-05-22,87.4
2008-05-23,86.9
2008-05-24,88.8
2008-05-25,88.5
2008-05-26,85.5
2008-05-27,49.8
2008-05-28,56.7
2008-05-29,83.0
2008-05-30,89.1
2008-05-31,79.6
2008-06-01,70.4
2008-06-02,93.2
2008-06-03,83.3
2008-06-04,89.6
2008-06-05,76.6
2008-06-06,89.1
2008-06-07,96.8
2008-06-08,76.6
2008-06-09,85.8
2008-06-10,96.3
2008-06-11,96.3
2008-06-12,92.9
2008-06-13,94.8
2008-06-14,101.1
2008-06-15,95.1
2008-06-16,63.6
2008-06-17,69.6
2008-06-18,87.0
2008-06-19,68.8
2008-06-20,80.0
2008-06-21,80.8
2008-06-22,91.2
2008-06-23,92.8
2008-06-24,87.5
2008-06-25,92.9
2008-06-26,95.4
2008-06-27,97.0
2008-06-28,70.7
2008-06-29,79.3
2008-06-30,87.6
2008-07-01,91.9
2008-07-02,94.4
2008-07-03,75.2
2008-07-04,86.3
2008-07-05,93.9
2008-07-06,89.9
2008-07-07,72.3
2008-07-08,62.4
2008-07-09,59.2
2008-07-10,78.6
2008-07-11,90.1
2008-07-12,75.8
2008-07-13,82.6
2008-07-14,81.5
2008-07-15,80.9
2008-07-16,76.9
2008-07-17,84.2
2008-07-18,71.8
2008-07-19,78.2
2008-07-20,86.4
2008-07-21,89.1
2008-07-22,89.5
2008-07-23,90.6
2008-07-24,89.6
2008-07-25,83.7
2008-07-26,80.9
2008-07-27,75.9
2008-07-28,75.2
2008-07-29,69.7
2008-07-30,88.9
2008-07-31,97.4
2008-08-01,101.6
2008-08-02,98.9
2008-08-03,93.8
2008-08-04,92.9
2008-08-05,79.4
2008-08-06,81.0
2008-08-07,56.8
2008-08-08,58.5
2008-08-09,75.5
2008-08-10,52.8
2008-08-11,69.2
2008-08-12,78.6
2008-08-13,76.0
2008-08-14,70.9
2008-08-15,36.2
2008-08-16,19.3
2008-08-17,26.2
2008-08-18,25.4
2008-08-19,46.2
2008-08-20,51.5
2008-08-21,71.2
2008-08-22,75.6
2008-08-23,52.6
2008-08-24,66.9
2008-08-25,63.7
2008-08-26,70.3
2008-08-27,71.0
2008-08-28,67.0
2008-08-29,49.8
2008-08-30,57.3
2008-08-31,50.9
2008-09-01,56.3
2008-09-02,47.7
2008-09-03,44.0
2008-09-04,45.4
2008-09-05,25.4
2008-09-06,28.9
2008-09-07,32.3
2008-09-08,21.1
2008-09-09,33.9
2008-09-10,43.9
2008-09-11,27.8
2008-09-12,21.8
2008-09-13,41.8
2008-09-14,35.1
2008-09-15,45.5
2008-09-16,56.5
2008-09-17,62.9
2008-09-18,61.4
2008-09-19,59.1
2008-09-20,61.4
2008-09-21,61.1
2008-09-22,64.9
2008-09-23,63.2
2008-09-24,63.2
2008-09-25,69.0
2008-09-26,76.9
2008-09-27,69.6
2008-09-28,78.7
2008-09-29,70.3
2008-09-30,77.5
2008-10-01,80.9
2008-10-02,82.1
2008-10-03,84.9
2008-10-04,84.5
2008-10-05,68.4
2008-10-06,55.8
2008-10-07,79.3
2008-10-08,86.5
2008-10-09,80.3
2008-10-10,90.9
2008-10-11,52.9
2008-10-12,19.5
2008-10-13,33.9
2008-10-14,5.1
2008-10-15,53.5
2008-10-16,60.2
2008-10-17,72.0
2008-10-18,80.4
2008-10-19,87.0
2008-10-20,59.1
2008-10-21,67.6
2008-10-22,55.4
2008-10-23,57.8
2008-10-24,72.8
2008-10-25,85.9
2008-10-26,69.0
2008-10-27,68.7
2008-10-28,73.2
2008-10-29,84.6
2008-10-30,86.4
2008-10-31,83.9
2008-11-01,80.9
2008-11-02,85.7
2008-11-03,80.5
2008-11-04,79.8
2008-11-05,72.9
2008-11-06,79.2
2008-11-07,84.0
2008-11-08,77.6
2008-11-09,68.1
2008-11-10,48.8
2008-11-11,36.8
2008-11-12,65.4
2008-11-13,78.9
2008-11-14,57.8
2008-11-15,69.9
2008-11-16,83.4
2008-11-17,72.6
2008-11-18,86.9
2008-11-19,85.8
2008-11-20,48.5
2008-11-21,65.9
2008-11-22,74.9
2008-11-23,78.7
2008-11-24,76.1
2008-11-25,85.4
2008-11-26,85.4
2008-11-27,71.3
2008-11-28,2.6
2008-11-29,18.1
2008-11-30,36.2
2008-12-01,42.2
2008-12-02,52.4
2008-12-03,60.9
2008-12-04,42.8
2008-12-05,46.0
2008-12-06,70.6
2008-12-07,78.7
2008-12-08,74.5
2008-12-09,20.6
2008-12-10,6.3
2008-12-11,19.8
2008-12-12,31.6
2008-12-13,70.3
2008-12-14,59.6
2008-12-15,32.8
2008-12-16,41.4
2008-12-17,51.0
2008-12-18,62.1
2008-12-19,68.1
2008-12-20,67.3
2008-12-21,56.6
2008-12-22,66.6
2008-12-23,69.3
2008-12-24,71.8
2008-12-25,67.5
2008-12-26,70.1
2008-12-27,67.1
2008-12-28,79.2
2008-12-29,77.5
2008-12-30,82.5
2008-12-31,68.8
2009-01-01,79.9
2009-01-02,81.6
2009-01-03,75.6
2009-01-04,58.8
2009-01-05,54.7
2009-01-06,69.1
2009-01-07,77.4
2009-01-08,79.7
2009-01-09,67.1
2009-01-10,51.3
2009-01-11,70.0
2009-01-12,60.0
2009-01-13,55.5
2009-01-14,64.7
2009-01-15,45.2
2009-01-16,75.1
2009-01-17,77.5
2009-01-18,86.3
2009-01-19,88.8
2009-01-20,84.8
2009-01-21,94.7
2009-01-22,91.5
2009-01-23,75.3
2009-01-24,59.4
2009-01-25,56.2
2009-01-26,42.8
2009-01-27,26.2
2009-01-28,25.6
2009-01-29,66.2
2009-01-30,78.3
2009-01-31,88.6
2009-02-01,78.9
2009-02-02,80.3
2009-02-03,78.3
2009-02-04,86.5
2009-02-05,91.7
2009-02-06,94.2
2009-02-07,84.3
2009-02-08,67.8
2009-02-09,67.1
2009-02-10,69.6
2009-02-11,63.7
2009-02-12,62.8
2009-02-13,51.8
2009-02-14,57.0
2009-02-15,62.8
2009-02-16,74.9
2009-02-17,83.6
2009-02-18,79.1
2009-02-19,72.7
2009-02-20,86.6
2009-02-21,74.9
2009-02-22,82.1
2009-02-23,77.2
2009-02-24,81.5
2009-02-25,80.8
2009-02-26,84.0
2009-02-27,72.0
2009-02-28,70.6
2009-03-01,82.1
2009-03-02,90.9
2009-03-03,88.0
2009-03-04,91.6
2009-03-05,96.9
2009-03-06,89.8
2009-03-07,79.2
2009-03-08,88.2
2009-03-09,84.2
2009-03-10,58.3
2009-03-11,73.7
2009-03-12,73.8
2009-03-13,41.7
2009-03-14,23.5
2009-03-15,53.1
2009-03-16,89.6
2009-03-17,93.6
2009-03-18,79.1
2009-03-19,69.4
2009-03-20,76.8
2009-03-21,80.9
2009-03-22,79.4
2009-03-23,85.8
2009-03-24,74.3
2009-03-25,82.2
2009-03-26,69.3
2009-03-27,5.0
2009-03-28,0.0
2009-03-29,0.0
2009-03-30,45.2
2009-03-31,30.0
2009-04-01,69.9
2009-04-02,46.5
2009-04-03,84.3
2009-04-04,66.5
2009-04-05,49.6
2009-04-06,35.9
2009-04-07,90.2
2009-04-08,91.4
2009-04-09,77.3
2009-04-10,69.0
2009-04-11,49.3
2009-04-12,3.9
2009-04-13,43.7
2009-04-14,81.5
2009-04-15,73.6
2009-04-16,69.7
2009-04-17,61.8
2009-04-18,36.4
2009-04-19,69.0
2009-04-20,81.0
2009-04-21,85.1
2009-04-22,90.3
2009-04-23,89.8
2009-04-24,96.4
2009-04-25,82.5
2009-04-26,83.8
2009-04-27,55.2
2009-04-28,39.9
2009-04-29,77.7
2009-04-30,53.1
2009-05-01,14.2
2009-05-02,15.3
2009-05-03,34.9
2009-05-04,42.5
2009-05-05,46.5
2009-05-06,59.2
2009-05-07,62.1
2009-05-08,55.7
2009-05-09,47.3
2009-05-10,30.2
2009-05-11,29.1
2009-05-12,58.8
2009-05-13,55.9
2009-05-14,52.1
2009-05-15,52.7
2009-05-16,42.8
2009-05-17,57.2
2009-05-18,66.5
2009-05-19,68.4
2009-05-20,71.6
2009-05-21,61.9
2009-05-22,51.3
2009-05-23,47.8
2009-05-24,51.5
2009-05-25,51.7
2009-05-26,30.5
2009-05-27,56.6
2009-05-28,69.7
2009-05-29,77.6
2009-05-30,83.9
2009-05-31,79.9
2009-06-01,70.1
2009-06-02,35.6
2009-06-03,49.1
2009-06-04,69.6
2009-06-05,81.5
2009-06-06,87.4
2009-06-07,92.1
2009-06-08,78.4
2009-06-09,83.5
2009-06-10,61.9
2009-06-11,60.4
2009-06-12,69.2
2009-06-13,52.7
2009-06-14,65.0
2009-06-15,83.4
2009-06-16,77.5
2009-06-17,81.3
2009-06-18,82.2
2009-06-19,72.0
2009-06-20,43.2
2009-06-21,80.0
2009-06-22,86.1
2009-06-23,80.4
2009-06-24,83.4
2009-06-25,86.1
2009-06-26,87.3
2009-06-27,76.8
2009-06-28,80.9
2009-06-29,87.7
2009-06-30,87.7
2009-07-01,93.4
2009-07-02,93.1
2009-07-03,80.9
2009-07-04,73.7
2009-07-05,59.9
2009-07-06,66.1
2009-07-07,85.6
2009-07-08,89.5
2009-07-09,98.3
2009-07-10,91.4
2009-07-11,93.0
2009-07-12,96.9
2009-07-13,90.2
2009-07-14,91.8
2009-07-15,77.6
2009-07-16,86.0
2009-07-17,74.2
2009-07-18,71.9
2009-07-19,82.2
2009-07-20,89.3
2009-07-21,68.8
2009-07-22,75.9
2009-07-23,85.6
2009-07-24,90.2
2009-07-25,83.5
2009-07-26,59.7
2009-07-27,71.1
2009-07-28,59.7
2009-07-29,45.3
2009-07-30,43.3
2009-07-31,65.2
2009-08-01,65.9
2009-08-02,79.1
2009-08-03,88.4
2009-08-04,83.0
2009-08-05,71.9
2009-08-06,83.7
2009-08-07,90.0
2009-08-08,97.7
2009-08-09,79.7
2009-08-10,70.2
2009-08-11,73.4
2009-08-12,76.9
2009-08-13,76.4
2009-08-14,70.2
2009-08-15,83.1
2009-08-16,78.1
2009-08-17,52.6
2009-08-18,43.1
2009-08-19,75.9
2009-08-20,69.5
2009-08-21,74.5
2009-08-22,73.7
2009-08-23,84.2
2009-08-24,83.0
2009-08-25,63.5
2009-08-26,65.5
2009-08-27,74.9
2009-08-28,80.5
2009-08-29,74.4
2009-08-30,54.9
2009-08-31,67.1
2009-09-01,81.7
2009-09-02,81.6
2009-09-03,75.6
2009-09-04,67.2
2009-09-05,59.8
2009-09-06,72.8
2009-09-07,75.5
2009-09-08,78.1
2009-09-09,62.9
2009-09-10,66.2
2009-09-11,63.5
2009-09-12,23.3
2009-09-13,41.0
2009-09-14,53.2
2009-09-15,54.1
2009-09-16,49.9
2009-09-17,54.1
2009-09-18,54.3
2009-09-19,61.1
2009-09-20,68.7
2009-09-21,46.3
2009-09-22,39.6
2009-09-23,21.1
2009-09-24,42.4
2009-09-25,45.4
2009-09-26,66.1
2009-09-27,74.8
2009-09-28,63.4
2009-09-29,71.8
2009-09-30,72.7
2009-10-01,71.6
2009-10-02,71.6
2009-10-03,65.1
2009-10-04,36.8
2009-10-05,66.0
2009-10-06,55.4
2009-10-07,40.3
2009-10-08,16.5
2009-10-09,39.9
2009-10-10,8.1
2009-10-11,15.5
2009-10-12,30.3
2009-10-13,15.8
2009-10-14,25.4
2009-10-15,70.8
2009-10-16,58.8
2009-10-17,65.9
2009-10-18,87.2
2009-10-19,88.8
2009-10-20,93.0
2009-10-21,0.6
2009-10-22,19.1
2009-10-23,39.6
2009-10-24,42.2
2009-10-25,27.1
2009-10-26,57.3
2009-10-27,65.1
2009-10-28,50.8
2009-10-29,2.9
2009-10-30,41.4
2009-10-31,49.8
2009-11-01,75.3
2009-11-02,56.3
2009-11-03,72.2
2009-11-04,63.2
2009-11-05,81.3
2009-11-06,88.6
2009-11-07,86.6
2009-11-08,77.8
2009-11-09,57.0
2009-11-10,47.3
2009-11-11,50.3
2009-11-12,71.6
2009-11-13,64.2
2009-11-14,30.9
2009-11-15,1.7
2009-11-16,0.6
2009-11-17,0.0
2009-11-18,22.6
2009-11-19,52.4
2009-11-20,66.6
2009-11-21,75.4
2009-11-22,69.4
2009-11-23,61.5
2009-11-24,73.9
2009-11-25,66.2
2009-11-26,79.0
2009-11-27,88.3
2009-11-28,80.8
2009-11-29,53.1
2009-11-30,73.4
2009-12-01,79.7
2009-12-02,50.4
2009-12-03,35.1
2009-12-04,0.0
2009-12-05,21.0
2009-12-06,27.1
2009-12-07,24.3
2009-12-08,20.2
2009-12-09,18.1
2009-12-10,0.0
2009-12-11,0.0
2009-12-12,0.0
2009-12-13,47.5
2009-12-14,65.8
2009-12-15,65.3
2009-12-16,80.7
2009-12-17,71.9
2009-12-18,58.3
2009-12-19,66.8
2009-12-20,75.0
2009-12-21,83.1
2009-12-22,66.9
2009-12-23,21.6
2009-12-24,22.7
2009-12-25,27.1
2009-12-26,29.2
2009-12-27,35.1
2009-12-28,42.7
2009-12-29,31.6
2009-12-30,40.7
2009-12-31,34.4
2010-01-01,29.9
2010-01-02,37.4
2010-01-03,1.9
2010-01-04,54.7
2010-01-05,58.8
2010-01-06,55.1
2010-01-07,61.8
2010-01-08,71.0
2010-01-09,76.7
2010-01-10,83.5
2010-01-11,79.8
2010-01-12,85.2
2010-01-13,86.1
2010-01-14,71.5
2010-01-15,65.0
2010-01-16,74.0
2010-01-17,80.7
2010-01-18,70.7
2010-01-19,67.3
2010-01-20,58.7
2010-01-21,60.2
2010-01-22,63.9
2010-01-23,71.8
2010-01-24,59.9
2010-01-25,50.8
2010-01-26,63.6
2010-01-27,70.4
2010-01-28,43.9
2010-01-29,8.0
2010-01-30,0.0
2010-01-31,0.0
2010-02-01,0.0
2010-02-02,39.9
2010-02-03,28.9
2010-02-04,10.3
2010-02-05,20.7
2010-02-06,15.1
2010-02-07,2.6
2010-02-08,0.7
2010-02-09,0.0
2010-02-10,0.0
2010-02-11,0.0
2010-02-12,0.0
2010-02-13,43.6
2010-02-14,47.8
2010-02-15,50.3
2010-02-16,46.2
2010-02-17,45.8
2010-02-18,64.5
2010-02-19,49.6
2010-02-20,16.4
2010-02-21,2.9
2010-02-22,1.8
2010-02-23,0.0
2010-02-24,44.5
2010-02-25,46.1
2010-02-26,41.6
2010-02-27,66.8
2010-02-28,47.2
2010-03-01,11.9
2010-03-02,1.4
2010-03-03,65.7
2010-03-04,71.3
2010-03-05,78.1
2010-03-06,78.1
2010-03-07,54.8
2010-03-08,15.6
2010-03-09,61.6
2010-03-10,50.1
2010-03-11,20.4
2010-03-12,71.8
2010-03-13,76.7
2010-03-14,47.9
2010-03-15,23.7
2010-03-16,45.8
2010-03-17,75.5
2010-03-18,81.4
2010-03-19,50.9
2010-03-20,3.4
2010-03-21,0.0
2010-03-22,57.5
2010-03-23,67.1
2010-03-24,20.7
2010-03-25,3.5
2010-03-26,48.7
2010-03-27,47.4
2010-03-28,75.7
2010-03-29,89.0
2010-03-30,94.9
2010-03-31,93.9
2010-04-01,95.2
2010-04-02,87.5
2010-04-03,89.8
2010-04-04,91.9
2010-04-05,95.7
2010-04-06,94.2
2010-04-07,82.8
2010-04-08,85.1
2010-04-09,93.2
2010-04-10,77.5
2010-04-11,76.3
2010-04-12,76.1
2010-04-13,66.4
2010-04-14,59.0
2010-04-15,59.7
2010-04-16,3.9
2010-04-17,46.4
2010-04-18,60.6
2010-04-19,40.5
2010-04-20,53.3
2010-04-21,24.5
2010-04-22,60.6
2010-04-23,50.4
2010-04-24,40.7
2010-04-25,68.4
2010-04-26,48.2
2010-04-27,66.1
2010-04-28,75.6
2010-04-29,77.6
2010-04-30,62.6
2010-05-01,58.8
2010-05-02,56.9
2010-05-03,63.9
2010-05-04,75.4
2010-05-05,67.8
2010-05-06,72.7
2010-05-07,53.9
2010-05-08,56.9
2010-05-09,58.3
2010-05-10,61.8
2010-05-11,50.2
2010-05-12,25.2
2010-05-13,39.1
2010-05-14,21.7
2010-05-15,18.0
2010-05-16,49.3
2010-05-17,41.5
2010-05-18,30.5
2010-05-19,43.1
2010-05-20,41.3
2010-05-21,53.6
2010-05-22,71.7
2010-05-23,61.9
2010-05-24,66.4
2010-05-25,53.0
2010-05-26,46.7
2010-05-27,56.8
2010-05-28,62.6
2010-05-29,69.8
2010-05-30,60.1
2010-05-31,50.9
2010-06-01,77.7
2010-06-02,59.4
2010-06-03,64.8
2010-06-04,73.3
2010-06-05,69.9
2010-06-06,61.8
2010-06-07,73.0
2010-06-08,56.1
2010-06-09,55.3
2010-06-10,86.3
2010-06-11,77.1
2010-06-12,41.8
2010-06-13,33.7
2010-06-14,57.4
2010-06-15,64.4
2010-06-16,70.1
2010-06-17,90.8
2010-06-18,89.6
2010-06-19,95.6
2010-06-20,89.8
2010-06-21,86.0
2010-06-22,88.2
2010-06-23,84.8
2010-06-24,74.3
2010-06-25,87.5
2010-06-26,89.8
2010-06-27,74.8
2010-06-28,84.2
2010-06-29,87.5
2010-06-30,84.9
2010-07-01,81.2
2010-07-02,72.5
2010-07-03,75.7
2010-07-04,71.4
2010-07-05,80.4
2010-07-06,80.6
2010-07-07,60.3
2010-07-08,47.4
2010-07-09,67.4
2010-07-10,74.5
2010-07-11,79.1
2010-07-12,81.5
2010-07-13,91.0
2010-07-14,83.7
2010-07-15,71.5
2010-07-16,82.3
2010-07-17,90.5
2010-07-18,90.2
2010-07-19,90.3
2010-07-20,82.1
2010-07-21,81.0
2010-07-22,85.1
2010-07-23,79.3
2010-07-24,53.0
2010-07-25,50.1
2010-07-26,75.3
2010-07-27,81.5
2010-07-28,75.9
2010-07-29,78.2
2010-07-30,80.3
2010-07-31,69.9
2010-08-01,79.4
2010-08-02,86.5
2010-08-03,85.5
2010-08-04,68.8
2010-08-05,64.0
2010-08-06,69.0
2010-08-07,74.3
2010-08-08,84.5
2010-08-09,75.4
2010-08-10,80.3
2010-08-11,87.1
2010-08-12,84.4
2010-08-13,91.5
2010-08-14,93.9
2010-08-15,49.8
2010-08-16,50.5
2010-08-17,71.7
2010-08-18,84.4
2010-08-19,83.3
2010-08-20,87.2
2010-08-21,85.8
2010-08-22,84.6
2010-08-23,85.2
2010-08-24,69.4
2010-08-25,79.5
2010-08-26,84.9
2010-08-27,90.5
2010-08-28,83.3
2010-08-29,82.1
2010-08-30,82.8
2010-08-31,87.8
2010-09-01,84.2
2010-09-02,77.2
2010-09-03,84.9
2010-09-04,89.5
2010-09-05,98.4
2010-09-06,95.4
2010-09-07,83.6
2010-09-08,66.7
2010-09-09,85.7
2010-09-10,89.1
2010-09-11,86.3
2010-09-12,88.5
2010-09-13,89.1
2010-09-14,89.9
2010-09-15,89.9
2010-09-16,68.3
2010-09-17,85.0
2010-09-18,79.8
2010-09-19,81.8
2010-09-20,79.0
2010-09-21,85.7
2010-09-22,68.9
2010-09-23,77.1
2010-09-24,73.3
2010-09-25,78.5
2010-09-26,79.7
2010-09-27,90.4
2010-09-28,84.7
2010-09-29,93.2
2010-09-30,76.4
2010-10-01,76.6
2010-10-02,63.7
2010-10-03,69.6
2010-10-04,74.3
2010-10-05,77.2
2010-10-06,77.7
2010-10-07,83.9
2010-10-08,86.8
2010-10-09,84.7
2010-10-10,76.7
2010-10-11,70.1
2010-10-12,64.5
2010-10-13,65.6
2010-10-14,81.7
2010-10-15,89.6
2010-10-16,87.5
2010-10-17,83.4
2010-10-18,68.2
2010-10-19,76.0
2010-10-20,81.9
2010-10-21,58.7
2010-10-22,65.9
2010-10-23,76.2
2010-10-24,81.4
2010-10-25,73.1
2010-10-26,82.4
2010-10-27,85.8
2010-10-28,85.6
2010-10-29,91.0
2010-10-30,92.9
2010-10-31,76.2
2010-11-01,53.0
2010-11-02,73.1
2010-11-03,70.7
2010-11-04,73.5
2010-11-05,80.1
2010-11-06,85.6
2010-11-07,87.8
2010-11-08,91.3
2010-11-09,85.7
2010-11-10,68.4
2010-11-11,56.4
2010-11-12,58.6
2010-11-13,70.0
2010-11-14,59.5
2010-11-15,65.8
2010-11-16,76.2
2010-11-17,58.9
2010-11-18,79.1
2010-11-19,90.4
2010-11-20,63.1
2010-11-21,83.5
2010-11-22,81.0
2010-11-23,82.5
2010-11-24,84.5
2010-11-25,79.3
2010-11-26,87.0
2010-11-27,89.1
2010-11-28,90.1
2010-11-29,68.3
2010-11-30,65.4
2010-12-01,77.0
2010-12-02,74.9
2010-12-03,81.7
2010-12-04,64.6
2010-12-05,57.6
2010-12-06,69.4
2010-12-07,58.4
2010-12-08,71.9
2010-12-09,79.5
2010-12-10,74.1
2010-12-11,68.7
2010-12-12,72.9
2010-12-13,82.9
2010-12-14,83.0
2010-12-15,82.8
2010-12-16,55.7
2010-12-17,18.4
2010-12-18,1.3
2010-12-19,0.0
2010-12-20,66.6
2010-12-21,39.4
2010-12-22,30.5
2010-12-23,42.7
2010-12-24,56.3
2010-12-25,54.4
2010-12-26,66.7
2010-12-27,69.5
2010-12-28,67.3
2010-12-29,73.5
2010-12-30,70.6
2010-12-31,40.4
2011-01-01,22.5
2011-01-02,0.0
2011-01-03,58.3
2011-01-04,61.9
2011-01-05,74.6
2011-01-06,79.0
2011-01-07,66.5
2011-01-08,70.1
2011-01-09,43.9
2011-01-10,20.5
2011-01-11,11.0
2011-01-12,0.0
2011-01-13,44.3
2011-01-14,64.1
2011-01-15,66.8
2011-01-16,66.1
2011-01-17,65.9
2011-01-18,64.7
2011-01-19,33.2
2011-01-20,6.3
2011-01-21,18.9
2011-01-22,65.1
2011-01-23,66.0
2011-01-24,58.6
2011-01-25,75.2
2011-01-26,61.6
2011-01-27,63.6
2011-01-28,84.7
2011-01-29,83.2
2011-01-30,50.2
2011-01-31,17.6
2011-02-01,16.2
2011-02-02,0.0
2011-02-03,0.0
2011-02-04,0.0
2011-02-05,32.9
2011-02-06,16.8
2011-02-07,20.0
2011-02-08,11.7
2011-02-09,10.1
2011-02-10,0.0
2011-02-11,0.0
2011-02-12,0.0
2011-02-13,79.4
2011-02-14,69.8
2011-02-15,84.0
2011-02-16,89.5
2011-02-17,87.8
2011-02-18,83.3
2011-02-19,82.8
2011-02-20,79.0
2011-02-21,73.2
2011-02-22,83.6
2011-02-23,85.2
2011-02-24,58.6
2011-02-25,41.1
2011-02-26,83.1
2011-02-27,89.0
2011-02-28,82.0
2011-03-01,92.3
2011-03-02,79.1
2011-03-03,86.1
2011-03-04,61.9
2011-03-05,67.2
2011-03-06,78.4
2011-03-07,63.7
2011-03-08,5.8
2011-03-09,0.0
2011-03-10,52.8
2011-03-11,90.1
2011-03-12,75.8
2011-03-13,68.8
2011-03-14,55.5
2011-03-15,75.8
2011-03-16,91.2
2011-03-17,83.4
2011-03-18,76.4
2011-03-19,76.8
2011-03-20,92.9
2011-03-21,96.6
2011-03-22,89.3
2011-03-23,91.3
2011-03-24,79.7
2011-03-25,88.2
2011-03-26,68.9
2011-03-27,36.9
2011-03-28,45.1
2011-03-29,55.5
2011-03-30,73.3
2011-03-31,80.1
2011-04-01,80.1
2011-04-02,95.9
2011-04-03,96.4
2011-04-04,34.1
2011-04-05,61.4
2011-04-06,80.1
2011-04-07,84.0
2011-04-08,92.8
2011-04-09,93.6
2011-04-10,90.7
2011-04-11,85.8
2011-04-12,93.5
2011-04-13,83.4
2011-04-14,61.9
2011-04-15,80.2
2011-04-16,90.6
2011-04-17,96.0
2011-04-18,91.4
2011-04-19,71.8
2011-04-20,69.7
2011-04-21,88.9
2011-04-22,87.7
2011-04-23,82.0
2011-04-24,67.5
2011-04-25,52.6
2011-04-26,61.5
2011-04-27,59.5
2011-04-28,87.8
2011-04-29,97.5
2011-04-30,83.9
2011-05-01,63.3
2011-05-02,65.2
2011-05-03,86.9
2011-05-04,96.0
2011-05-05,85.5
2011-05-06,99.3
2011-05-07,97.9
2011-05-08,103.5
2011-05-09,104.5
2011-05-10,98.6
2011-05-11,84.7
2011-05-12,68.1
2011-05-13,80.3
2011-05-14,74.7
2011-05-15,70.3
2011-05-16,80.6
2011-05-17,85.7
2011-05-18,76.5
2011-05-19,78.3
2011-05-20,81.6
2011-05-21,88.7
2011-05-22,90.8
2011-05-23,91.4
2011-05-24,68.0
2011-05-25,65.0
2011-05-26,82.3
2011-05-27,85.6
2011-05-28,73.7
2011-05-29,96.7
2011-05-30,99.8
2011-05-31,98.1
2011-06-01,84.0
2011-06-02,86.2
2011-06-03,93.1
2011-06-04,85.5
2011-06-05,89.7
2011-06-06,96.0
2011-06-07,103.5
2011-06-08,96.5
2011-06-09,85.3
2011-06-10,81.1
2011-06-11,82.4
2011-06-12,89.8
2011-06-13,101.6
2011-06-14,85.0
2011-06-15,92.0
2011-06-16,101.0
2011-06-17,90.9
2011-06-18,92.3
2011-06-19,98.1
2011-06-20,76.9
2011-06-21,80.3
2011-06-22,91.2
2011-06-23,94.3
2011-06-24,92.8
2011-06-25,88.7
2011-06-26,102.5
2011-06-27,92.7
2011-06-28,90.2
2011-06-29,99.1
2011-06-30,100.7
2011-07-01,93.4
2011-07-02,87.4
2011-07-03,90.3
2011-07-04,94.5
2011-07-05,98.2
2011-07-06,91.8
2011-07-07,78.7
2011-07-08,84.2
2011-07-09,91.6
2011-07-10,92.2
2011-07-11,89.4
2011-07-12,88.8
2011-07-13,77.8
2011-07-14,82.6
2011-07-15,89.3
2011-07-16,92.9
2011-07-17,91.2
2011-07-18,90.4
2011-07-19,94.0
2011-07-20,94.4
2011-07-21,85.3
2011-07-22,84.2
2011-07-23,87.4
2011-07-24,76.8
2011-07-25,81.7
2011-07-26,90.9
2011-07-27,90.6
2011-07-28,73.3
2011-07-29,67.7
2011-07-30,84.3
2011-07-31,86.5
2011-08-01,90.1
2011-08-02,82.7
2011-08-03,64.5
2011-08-04,82.2
2011-08-05,79.6
2011-08-06,86.0
2011-08-07,93.7
2011-08-08,96.4
2011-08-09,85.3
2011-08-10,69.5
2011-08-11,76.5
2011-08-12,89.3
2011-08-13,72.0
2011-08-14,85.4
2011-08-15,92.1
2011-08-16,84.9
2011-08-17,75.3
2011-08-18,87.4
2011-08-19,87.7
2011-08-20,76.6
2011-08-21,70.0
2011-08-22,83.5
2011-08-23,90.4
2011-08-24,95.4
2011-08-25,87.9
2011-08-26,90.5
2011-08-27,86.3
2011-08-28,88.7
2011-08-29,74.1
2011-08-30,83.8
2011-08-31,89.2
2011-09-01,90.9
2011-09-02,84.8
2011-09-03,72.3
2011-09-04,77.3
2011-09-05,85.6
2011-09-06,88.0
2011-09-07,69.0
2011-09-08,73.6
2011-09-09,78.9
2011-09-10,83.2
2011-09-11,88.6
2011-09-12,90.6
2011-09-13,75.8
2011-09-14,58.0
2011-09-15,36.7
2011-09-16,64.5
2011-09-17,78.3
2011-09-18,79.2
2011-09-19,83.0
2011-09-20,77.2
2011-09-21,75.3
2011-09-22,74.1
2011-09-23,87.6
2011-09-24,91.0
2011-09-25,81.0
2011-09-26,83.0
2011-09-27,81.4
2011-09-28,89.9
2011-09-29,77.4
2011-09-30,81.2
2011-10-01,85.0
2011-10-02,92.4
2011-10-03,87.2
2011-10-04,84.0
2011-10-05,74.8
2011-10-06,76.3
2011-10-07,80.1
2011-10-08,55.9
2011-10-09,64.1
2011-10-10,76.3
2011-10-11,81.5
2011-10-12,79.0
2011-10-13,84.5
2011-10-14,77.1
2011-10-15,88.9
2011-10-16,75.5
2011-10-17,60.9
2011-10-18,69.5
2011-10-19,77.0
2011-10-20,83.7
2011-10-21,88.4
2011-10-22,82.6
2011-10-23,86.9
2011-10-24,91.1
2011-10-25,89.3
2011-10-26,53.0
2011-10-27,0.4
2011-10-28,22.4
2011-10-29,77.7
2011-10-30,74.6
2011-10-31,84.2
2011-11-01,80.6
2011-11-02,46.1
2011-11-03,26.4
2011-11-04,77.5
2011-11-05,75.3
2011-11-06,73.8
2011-11-07,57.9
2011-11-08,3.8
2011-11-09,20.8
2011-11-10,24.0
2011-11-11,50.9
2011-11-12,82.1
2011-11-13,74.2
2011-11-14,75.7
2011-11-15,79.0
2011-11-16,63.5
2011-11-17,76.6
2011-11-18,85.4
2011-11-19,76.8
2011-11-20,58.0
2011-11-21,47.7
2011-11-22,74.2
2011-11-23,83.3
2011-11-24,89.1
2011-11-25,81.1
2011-11-26,62.1
2011-11-27,76.2
2011-11-28,86.0
2011-11-29,65.0
2011-11-30,82.1
2011-12-01,57.6
2011-12-02,39.6
2011-12-03,22.5
2011-12-04,9.9
2011-12-05,0.0
2011-12-06,0.0
2011-12-07,13.2
2011-12-08,21.0
2011-12-09,13.1
2011-12-10,28.6
2011-12-11,24.7
2011-12-12,48.5
2011-12-13,27.3
2011-12-14,51.8
2011-12-15,55.6
2011-12-16,54.8
2011-12-17,59.2
2011-12-18,67.6
2011-12-19,23.4
2011-12-20,4.3
2011-12-21,0.0
2011-12-22,0.0
2011-12-23,0.0
2011-12-24,0.0
2011-12-25,0.0
2011-12-26,0.0
2011-12-27,0.0
2011-12-28,0.0
2011-12-29,0.0
2011-12-30,49.5
2011-12-31,60.2
2012-01-01,54.5
2012-01-02,56.6
2012-01-03,62.7
2012-01-04,65.2
2012-01-05,74.8
2012-01-06,56.0
2012-01-07,59.6
2012-01-08,32.1
2012-01-09,56.5
2012-01-10,61.0
2012-01-11,44.0
2012-01-12,42.8
2012-01-13,44.6
2012-01-14,71.3
2012-01-15,82.2
2012-01-16,72.9
2012-01-17,60.9
2012-01-18,74.7
2012-01-19,76.1
2012-01-20,72.8
2012-01-21,75.0
2012-01-22,65.6
2012-01-23,67.0
2012-01-24,52.5
2012-01-25,69.9
2012-01-26,73.1
2012-01-27,64.0
2012-01-28,73.3
2012-01-29,83.6
2012-01-30,87.5
2012-01-31,79.5
2012-02-01,81.5
2012-02-02,69.4
2012-02-03,10.1
2012-02-04,26.9
2012-02-05,37.3
2012-02-06,41.8
2012-02-07,22.5
2012-02-08,2.8
2012-02-09,28.4
2012-02-10,39.5
2012-02-11,26.0
2012-02-12,32.1
2012-02-13,58.8
2012-02-14,71.3
2012-02-15,56.0
2012-02-16,62.7
2012-02-17,69.7
2012-02-18,54.0
2012-02-19,72.0
2012-02-20,58.4
2012-02-21,80.0
2012-02-22,87.1
2012-02-23,74.6
2012-02-24,61.5
2012-02-25,56.6
2012-02-26,76.8
2012-02-27,70.7
2012-02-28,72.9
2012-02-29,83.8
2012-03-01,88.5
2012-03-02,51.0
2012-03-03,49.5
2012-03-04,56.4
2012-03-05,89.8
2012-03-06,96.8
2012-03-07,81.9
2012-03-08,71.8
2012-03-09,82.2
2012-03-10,72.5
2012-03-11,55.6
2012-03-12,89.1
2012-03-13,96.4
2012-03-14,99.2
2012-03-15,97.4
2012-03-16,100.5
2012-03-17,101.9
2012-03-18,93.3
2012-03-19,86.7
2012-03-20,79.4
2012-03-21,53.5
2012-03-22,52.2
2012-03-23,74.9
2012-03-24,85.1
2012-03-25,88.9
2012-03-26,86.3
2012-03-27,84.8
2012-03-28,86.6
2012-03-29,94.3
2012-03-30,89.1
2012-03-31,91.6
2012-04-01,100.2
2012-04-02,90.3
2012-04-03,6.9
2012-04-04,8.3
2012-04-05,32.9
2012-04-06,65.8
2012-04-07,71.2
2012-04-08,80.4
2012-04-09,73.2
2012-04-10,48.6
2012-04-11,30.5
2012-04-12,67.3
2012-04-13,74.3
2012-04-14,72.9
2012-04-15,61.5
2012-04-16,48.3
2012-04-17,66.7
2012-04-18,67.4
2012-04-19,58.4
2012-04-20,52.1
2012-04-21,64.8
2012-04-22,56.3
2012-04-23,66.6
2012-04-24,75.7
2012-04-25,79.3
2012-04-26,62.8
2012-04-27,58.2
2012-04-28,57.9
2012-04-29,49.6
2012-04-30,45.2
2012-05-01,70.1
2012-05-02,70.5
2012-05-03,60.6
2012-05-04,77.3
2012-05-05,83.9
2012-05-06,70.0
2012-05-07,29.0
2012-05-08,46.9
2012-05-09,67.2
2012-05-10,71.2
2012-05-11,48.7
2012-05-12,28.8
2012-05-13,38.5
2012-05-14,56.3
2012-05-15,74.4
2012-05-16,79.1
2012-05-17,79.1
2012-05-18,88.3
2012-05-19,73.5
2012-05-20,66.3
2012-05-21,65.0
2012-05-22,81.9
2012-05-23,91.0
2012-05-24,75.3
2012-05-25,85.3
2012-05-26,87.7
2012-05-27,91.9
2012-05-28,94.5
2012-05-29,91.3
2012-05-30,86.7
2012-05-31,81.2
2012-06-01,85.3
2012-06-02,76.6
2012-06-03,91.7
2012-06-04,80.6
2012-06-05,75.2
2012-06-06,73.3
2012-06-07,59.5
2012-06-08,71.6
2012-06-09,96.6
2012-06-10,88.5
2012-06-11,89.6
2012-06-12,84.0
2012-06-13,74.3
2012-06-14,85.2
2012-06-15,78.9
2012-06-16,80.0
2012-06-17,93.2
2012-06-18,100.0
2012-06-19,98.4
2012-06-20,87.1
2012-06-21,81.8
2012-06-22,87.1
2012-06-23,99.2
2012-06-24,104.2
2012-06-25,104.8
2012-06-26,105.8
2012-06-27,105.6
2012-06-28,101.5
2012-06-29,99.7
2012-06-30,99.9
2012-07-01,91.2
2012-07-02,91.2
2012-07-03,90.1
2012-07-04,92.3
2012-07-05,89.2
2012-07-06,89.5
2012-07-07,88.7
2012-07-08,74.6
2012-07-09,39.5
2012-07-10,61.3
2012-07-11,78.0
2012-07-12,85.8
2012-07-13,93.7
2012-07-14,92.2
2012-07-15,92.7
2012-07-16,92.9
2012-07-17,89.4
2012-07-18,89.0
2012-07-19,93.1
2012-07-20,95.9
2012-07-21,96.3
2012-07-22,98.1
2012-07-23,94.9
2012-07-24,95.4
2012-07-25,90.7
2012-07-26,85.5
2012-07-27,94.2
2012-07-28,91.2
2012-07-29,95.7
2012-07-30,86.9
2012-07-31,90.8
2012-08-01,100.1
2012-08-02,90.3
2012-08-03,90.8
2012-08-04,76.9
2012-08-05,78.6
2012-08-06,95.4
2012-08-07,94.7
2012-08-08,95.2
2012-08-09,92.9
2012-08-10,89.0
2012-08-11,97.2
2012-08-12,90.9
2012-08-13,90.2
2012-08-14,80.3
2012-08-15,88.9
2012-08-16,76.2
2012-08-17,80.0
2012-08-18,80.1
2012-08-19,86.0
2012-08-20,81.8
2012-08-21,77.4
2012-08-22,75.8
2012-08-23,82.4
2012-08-24,75.0
2012-08-25,71.7
2012-08-26,82.5
2012-08-27,91.1
2012-08-28,93.4
2012-08-29,98.8
2012-08-30,97.9
2012-08-31,97.1
2012-09-01,98.4
2012-09-02,96.6
2012-09-03,90.4
2012-09-04,89.6
2012-09-05,84.4
2012-09-06,90.8
2012-09-07,71.5
2012-09-08,85.0
2012-09-09,92.2
2012-09-10,92.4
2012-09-11,94.5
2012-09-12,78.9
2012-09-13,49.8
2012-09-14,73.6
2012-09-15,87.5
2012-09-16,93.6
2012-09-17,77.2
2012-09-18,86.0
2012-09-19,96.0
2012-09-20,87.3
2012-09-21,92.0
2012-09-22,86.3
2012-09-23,86.3
2012-09-24,91.6
2012-09-25,83.9
2012-09-26,69.7
2012-09-27,56.4
2012-09-28,53.0
2012-09-29,57.4
2012-09-30,71.5
2012-10-01,68.9
2012-10-02,81.0
2012-10-03,89.2
2012-10-04,68.7
2012-10-05,52.8
2012-10-06,20.5
2012-10-07,59.1
2012-10-08,80.5
2012-10-09,80.9
2012-10-10,71.9
2012-10-11,88.7
2012-10-12,57.4
2012-10-13,65.7
2012-10-14,71.9
2012-10-15,83.9
2012-10-16,85.6
2012-10-17,80.2
2012-10-18,79.6
2012-10-19,88.1
2012-10-20,93.5
2012-10-21,95.9
2012-10-22,71.9
2012-10-23,94.1
2012-10-24,83.6
2012-10-25,52.0
2012-10-26,41.6
2012-10-27,45.2
2012-10-28,75.0
2012-10-29,81.6
2012-10-30,84.3
2012-10-31,85.1
2012-11-01,90.5
2012-11-02,88.8
2012-11-03,72.6
2012-11-04,81.8
2012-11-05,76.2
2012-11-06,76.7
2012-11-07,85.7
2012-11-08,88.7
2012-11-09,88.2
2012-11-10,77.0
2012-11-11,72.6
2012-11-12,71.3
2012-11-13,81.0
2012-11-14,84.6
2012-11-15,75.1
2012-11-16,71.9
2012-11-17,82.2
2012-11-18,78.7
2012-11-19,81.7
2012-11-20,85.5
2012-11-21,88.0
2012-11-22,84.5
2012-11-23,77.5
2012-11-24,90.4
2012-11-25,84.7
2012-11-26,61.7
2012-11-27,78.7
2012-11-28,80.0
2012-11-29,86.8
2012-11-30,83.7
2012-12-01,84.3
2012-12-02,83.9
2012-12-03,81.8
2012-12-04,73.7
2012-12-05,76.4
2012-12-06,70.4
2012-12-07,69.9
2012-12-08,59.3
2012-12-09,51.6
2012-12-10,55.3
2012-12-11,43.9
2012-12-12,53.8
2012-12-13,81.8
2012-12-14,66.6
2012-12-15,64.1
2012-12-16,43.5
2012-12-17,69.3
2012-12-18,71.6
2012-12-19,56.4
2012-12-20,56.6
2012-12-21,74.9
2012-12-22,79.4
2012-12-23,76.5
2012-12-24,67.0
2012-12-25,34.0
2012-12-26,15.7
2012-12-27,0.0
2012-12-28,0.0
2012-12-29,0.0
2012-12-30,37.7
2012-12-31,38.2
2013-01-01,6.5
2013-01-02,0.0
2013-01-03,0.0
2013-01-04,0.0
2013-01-05,16.4
2013-01-06,41.8
2013-01-07,60.9
2013-01-08,65.7
2013-01-09,63.7
2013-01-10,36.4
2013-01-11,72.0
2013-01-12,63.5
2013-01-13,44.6
2013-01-14,8.8
2013-01-15,0.0
2013-01-16,19.9
2013-01-17,63.5
2013-01-18,77.1
2013-01-19,81.4
2013-01-20,78.0
2013-01-21,66.9
2013-01-22,85.1
2013-01-23,91.6
2013-01-24,63.3
2013-01-25,72.1
2013-01-26,67.4
2013-01-27,73.3
2013-01-28,73.9
2013-01-29,53.7
2013-01-30,11.3
2013-01-31,19.8
2013-02-01,65.8
2013-02-02,70.0
2013-02-03,71.3
2013-02-04,77.2
2013-02-05,77.8
2013-02-06,82.2
2013-02-07,65.7
2013-02-08,67.5
2013-02-09,73.5
2013-02-10,63.2
2013-02-11,54.1
2013-02-12,22.3
2013-02-13,8.8
2013-02-14,57.1
2013-02-15,63.1
2013-02-16,80.7
2013-02-17,89.8
2013-02-18,83.6
2013-02-19,64.8
2013-02-20,52.3
2013-02-21,9.5
2013-02-22,2.6
2013-02-23,0.0
2013-02-24,0.0
2013-02-25,0.0
2013-02-26,0.0
2013-02-27,18.6
2013-02-28,45.1
2013-03-01,46.0
2013-03-02,51.3
2013-03-03,84.1
2013-03-04,66.0
2013-03-05,28.4
2013-03-06,48.4
2013-03-07,88.3
2013-03-08,82.9
2013-03-09,59.2
2013-03-10,3.8
2013-03-11,23.6
2013-03-12,40.9
2013-03-13,73.0
2013-03-14,83.6
2013-03-15,92.3
2013-03-16,77.5
2013-03-17,69.1
2013-03-18,77.3
2013-03-19,76.1
2013-03-20,75.8
2013-03-21,74.6
2013-03-22,65.7
2013-03-23,31.6
2013-03-24,23.2
2013-03-25,8.7
2013-03-26,47.2
2013-03-27,73.3
2013-03-28,75.7
2013-03-29,73.8
2013-03-30,82.5
2013-03-31,74.9
2013-04-01,55.4
2013-04-02,20.6
2013-04-03,18.0
2013-04-04,27.2
2013-04-05,88.9
2013-04-06,82.8
2013-04-07,87.2
2013-04-08,89.7
2013-04-09,69.7
2013-04-10,53.7
2013-04-11,53.1
2013-04-12,75.5
2013-04-13,85.8
2013-04-14,82.7
2013-04-15,83.6
2013-04-16,65.9
2013-04-17,15.6
2013-04-18,2.9
2013-04-19,52.0
2013-04-20,76.5
2013-04-21,82.2
2013-04-22,79.8
2013-04-23,28.4
2013-04-24,6.2
2013-04-25,75.9
2013-04-26,70.8
2013-04-27,89.9
2013-04-28,97.9
2013-04-29,95.7
2013-04-30,93.0
2013-05-01,59.1
2013-05-02,25.2
2013-05-03,79.5
2013-05-04,82.3
2013-05-05,82.2
2013-05-06,79.4
2013-05-07,84.6
2013-05-08,70.8
2013-05-09,58.0
2013-05-10,70.6
2013-05-11,75.0
2013-05-12,89.8
2013-05-13,96.4
2013-05-14,98.0
2013-05-15,93.2
2013-05-16,88.6
2013-05-17,94.3
2013-05-18,98.4
2013-05-19,86.0
2013-05-20,76.3
2013-05-21,79.4
2013-05-22,89.0
2013-05-23,66.0
2013-05-24,80.1
2013-05-25,89.9
2013-05-26,99.9
2013-05-27,103.5
2013-05-28,95.1
2013-05-29,92.7
2013-05-30,94.7
2013-05-31,95.8
2013-06-01,83.4
2013-06-02,87.4
2013-06-03,97.8
2013-06-04,84.8
2013-06-05,18.2
2013-06-06,69.5
2013-06-07,80.1
2013-06-08,80.3
2013-06-09,85.6
2013-06-10,96.8
2013-06-11,103.4
2013-06-12,99.3
2013-06-13,92.2
2013-06-14,90.0
2013-06-15,89.0
2013-06-16,75.9
2013-06-17,78.6
2013-06-18,78.2
2013-06-19,70.1
2013-06-20,95.7
2013-06-21,99.2
2013-06-22,101.4
2013-06-23,91.9
2013-06-24,95.1
2013-06-25,103.7
2013-06-26,94.3
2013-06-27,98.8
2013-06-28,91.1
2013-06-29,85.0
2013-06-30,73.4
2013-07-01,69.2
2013-07-02,82.1
2013-07-03,79.9
2013-07-04,89.0
2013-07-05,91.1
2013-07-06,87.4
2013-07-07,86.3
2013-07-08,90.5
2013-07-09,93.6
2013-07-10,84.5
2013-07-11,76.8
2013-07-12,89.7
2013-07-13,92.0
2013-07-14,76.0
2013-07-15,65.7
2013-07-16,54.9
2013-07-17,57.5
2013-07-18,76.9
2013-07-19,83.1
2013-07-20,78.8
2013-07-21,86.1
2013-07-22,95.2
2013-07-23,96.3
2013-07-24,71.4
2013-07-25,71.1
2013-07-26,78.7
2013-07-27,87.8
2013-07-28,65.5
2013-07-29,70.0
2013-07-30,78.0
2013-07-31,74.8
2013-08-01,76.9
2013-08-02,85.4
2013-08-03,54.0
2013-08-04,66.1
2013-08-05,82.1
2013-08-06,79.5
2013-08-07,64.7
2013-08-08,42.4
2013-08-09,44.4
2013-08-10,61.1
2013-08-11,62.4
2013-08-12,66.5
2013-08-13,53.1
2013-08-14,46.9
2013-08-15,65.5
2013-08-16,66.0
2013-08-17,70.8
2013-08-18,68.1
2013-08-19,66.8
2013-08-20,72.2
2013-08-21,76.1
2013-08-22,69.7
2013-08-23,75.5
2013-08-24,75.3
2013-08-25,74.6
2013-08-26,76.7
2013-08-27,79.4
2013-08-28,82.1
2013-08-29,88.0
2013-08-30,88.2
2013-08-31,84.1
2013-09-01,66.8
2013-09-02,73.5
2013-09-03,81.7
2013-09-04,88.9
2013-09-05,91.4
2013-09-06,94.9
2013-09-07,92.0
2013-09-08,90.3
2013-09-09,87.9
2013-09-10,73.0
2013-09-11,29.5
2013-09-12,19.9
2013-09-13,31.1
2013-09-14,54.8
2013-09-15,45.6
2013-09-16,39.6
2013-09-17,68.7
2013-09-18,72.5
2013-09-19,65.9
2013-09-20,60.8
2013-09-21,69.1
2013-09-22,73.7
2013-09-23,69.8
2013-09-24,73.4
2013-09-25,78.2
2013-09-26,81.5
2013-09-27,59.6
2013-09-28,65.3
2013-09-29,74.0
2013-09-30,79.1
2013-10-01,69.1
2013-10-02,72.5
2013-10-03,80.5
2013-10-04,66.1
2013-10-05,66.9
2013-10-06,71.2
2013-10-07,76.1
2013-10-08,78.6
2013-10-09,75.9
2013-10-10,69.5
2013-10-11,73.9
2013-10-12,61.7
2013-10-13,54.1
2013-10-14,76.1
2013-10-15,61.5
2013-10-16,55.1
2013-10-17,75.1
2013-10-18,45.7
2013-10-19,79.1
2013-10-20,75.5
2013-10-21,67.8
2013-10-22,80.9
2013-10-23,82.9
2013-10-24,62.1
2013-10-25,63.6
2013-10-26,70.9
2013-10-27,85.0
2013-10-28,74.4
2013-10-29,68.1
2013-10-30,76.0
2013-10-31,71.8
2013-11-01,67.5
2013-11-02,77.3
2013-11-03,83.7
2013-11-04,70.5
2013-11-05,43.9
2013-11-06,72.0
2013-11-07,77.4
2013-11-08,88.0
2013-11-09,75.0
2013-11-10,62.1
2013-11-11,75.2
2013-11-12,57.9
2013-11-13,75.0
2013-11-14,68.1
2013-11-15,79.0
2013-11-16,81.1
2013-11-17,75.2
2013-11-18,77.6
2013-11-19,80.1
2013-11-20,75.3
2013-11-21,40.0
2013-11-22,27.7
2013-11-23,4.0
2013-11-24,0.0
2013-11-25,0.0
2013-11-26,0.0
2013-11-27,0.0
2013-11-28,47.7
2013-11-29,67.7
2013-11-30,77.2
2013-12-01,74.2
2013-12-02,77.4
2013-12-03,83.2
2013-12-04,47.7
2013-12-05,54.5
2013-12-06,28.6
2013-12-07,0.0
2013-12-08,0.0
2013-12-09,0.0
2013-12-10,22.2
2013-12-11,37.4
2013-12-12,72.3
2013-12-13,74.2
2013-12-14,67.2
2013-12-15,78.3
2013-12-16,84.8
2013-12-17,80.7
2013-12-18,85.7
2013-12-19,84.3
2013-12-20,52.4
2013-12-21,49.1
2013-12-22,31.5
2013-12-23,0.0
2013-12-24,0.0
2013-12-25,59.2
2013-12-26,75.7
2013-12-27,81.2
2013-12-28,81.3
2013-12-29,55.1
2013-12-30,32.1
2013-12-31,48.6
2014-01-01,56.6
2014-01-02,48.7
2014-01-03,77.6
2014-01-04,71.2
2014-01-05,13.7
2014-01-06,0.0
2014-01-07,0.0
2014-01-08,45.2
2014-01-09,64.8
2014-01-10,72.4
2014-01-11,78.0
2014-01-12,79.4
2014-01-13,79.3
2014-01-14,67.8
2014-01-15,77.1
2014-01-16,72.0
2014-01-17,77.7
2014-01-18,82.0
2014-01-19,90.1
2014-01-20,79.5
2014-01-21,89.3
2014-01-22,80.2
2014-01-23,53.1
2014-01-24,34.0
2014-01-25,72.9
2014-01-26,76.6
2014-01-27,56.5
2014-01-28,41.7
2014-01-29,41.1
2014-01-30,67.6
2014-01-31,46.5
2014-02-01,43.6
2014-02-02,30.2
2014-02-03,19.7
2014-02-04,19.8
2014-02-05,9.8
2014-02-06,0.0
2014-02-07,0.0
2014-02-08,0.0
2014-02-09,17.9
2014-02-10,15.4
2014-02-11,37.0
2014-02-12,43.8
2014-02-13,76.8
2014-02-14,69.4
2014-02-15,80.3
2014-02-16,75.5
2014-02-17,85.8
2014-02-18,93.5
2014-02-19,84.6
2014-02-20,70.6
2014-02-21,77.1
2014-02-22,80.6
2014-02-23,65.3
2014-02-24,80.5
2014-02-25,57.9
2014-02-26,72.6
2014-02-27,82.5
2014-02-28,83.2
2014-03-01,46.7
2014-03-02,22.9
2014-03-03,4.1
2014-03-04,49.3
2014-03-05,61.0
2014-03-06,83.8
2014-03-07,72.3
2014-03-08,31.6
2014-03-09,81.7
2014-03-10,93.2
2014-03-11,84.6
2014-03-12,58.2
2014-03-13,84.8
2014-03-14,80.9
2014-03-15,77.4
2014-03-16,69.7
2014-03-17,90.2
2014-03-18,83.2
2014-03-19,81.6
2014-03-20,94.5
2014-03-21,91.0
2014-03-22,72.1
2014-03-23,52.2
2014-03-24,65.0
2014-03-25,79.3
2014-03-26,84.2
2014-03-27,79.6
2014-03-28,76.2
2014-03-29,84.8
2014-03-30,92.3
2014-03-31,96.7
2014-04-01,86.8
2014-04-02,91.0
2014-04-03,44.6
2014-04-04,57.2
2014-04-05,68.0
2014-04-06,59.8
2014-04-07,64.8
2014-04-08,81.6
2014-04-09,95.9
2014-04-10,85.5
2014-04-11,89.6
2014-04-12,98.4
2014-04-13,76.9
2014-04-14,9.1
2014-04-15,0.0
2014-04-16,73.1
2014-04-17,55.4
2014-04-18,79.7
2014-04-19,80.2
2014-04-20,56.5
2014-04-21,70.2
2014-04-22,79.0
2014-04-23,92.3
2014-04-24,81.0
2014-04-25,95.1
2014-04-26,97.6
2014-04-27,77.8
2014-04-28,74.7
2014-04-29,69.8
2014-04-30,73.3
2014-05-01,81.3
2014-05-02,87.9
2014-05-03,96.8
2014-05-04,102.0
2014-05-05,99.7
2014-05-06,99.7
2014-05-07,101.0
2014-05-08,80.9
2014-05-09,84.7
2014-05-10,92.5
2014-05-11,81.8
2014-05-12,40.7
2014-05-13,68.2
2014-05-14,79.1
2014-05-15,77.3
2014-05-16,87.2
2014-05-17,76.5
2014-05-18,77.8
2014-05-19,98.6
2014-05-20,95.6
2014-05-21,84.7
2014-05-22,70.9
2014-05-23,31.9
2014-05-24,47.2
2014-05-25,61.4
2014-05-26,63.5
2014-05-27,75.7
2014-05-28,81.7
2014-05-29,83.0
2014-05-30,74.6
2014-05-31,46.5
2014-06-01,78.8
2014-06-02,58.6
2014-06-03,81.7
2014-06-04,74.2
2014-06-05,71.9
2014-06-06,57.6
2014-06-07,48.3
2014-06-08,42.7
2014-06-09,32.4
2014-06-10,70.9
2014-06-11,71.5
2014-06-12,61.2
2014-06-13,61.3
2014-06-14,83.0
2014-06-15,73.2
2014-06-16,85.6
2014-06-17,86.2
2014-06-18,82.9
2014-06-19,70.7
2014-06-20,74.1
2014-06-21,74.7
2014-06-22,72.8
2014-06-23,71.7
2014-06-24,73.9
2014-06-25,68.0
2014-06-26,78.3
2014-06-27,85.5
2014-06-28,74.4
2014-06-29,87.9
2014-06-30,93.5
2014-07-01,46.7
2014-07-02,41.3
2014-07-03,63.1
2014-07-04,78.8
2014-07-05,84.4
2014-07-06,93.0
2014-07-07,94.6
2014-07-08,73.3
2014-07-09,83.8
2014-07-10,89.4
2014-07-11,89.5
2014-07-12,84.4
2014-07-13,68.1
2014-07-14,68.2
2014-07-15,47.2
2014-07-16,56.7
2014-07-17,35.1
2014-07-18,68.3
2014-07-19,82.9
2014-07-20,86.7
2014-07-21,82.6
2014-07-22,80.8
2014-07-23,83.3
2014-07-24,91.5
2014-07-25,93.5
2014-07-26,89.3
2014-07-27,67.1
2014-07-28,49.8
2014-07-29,58.8
2014-07-30,11.9
2014-07-31,61.6
2014-08-01,69.3
2014-08-02,71.7
2014-08-03,80.4
2014-08-04,78.0
2014-08-05,74.7
2014-08-06,80.1
2014-08-07,72.5
2014-08-08,64.0
2014-08-09,75.2
2014-08-10,68.7
2014-08-11,59.7
2014-08-12,73.7
2014-08-13,79.3
2014-08-14,78.2
2014-08-15,80.5
2014-08-16,79.2
2014-08-17,90.3
2014-08-18,89.4
2014-08-19,87.5
2014-08-20,84.9
2014-08-21,82.8
2014-08-22,77.4
2014-08-23,84.9
2014-08-24,85.4
2014-08-25,80.5
2014-08-26,60.2
2014-08-27,64.8
2014-08-28,75.6
2014-08-29,84.7
2014-08-30,85.3
2014-08-31,94.5
2014-09-01,79.0
2014-09-02,71.1
2014-09-03,89.7
2014-09-04,84.2
2014-09-05,33.0
2014-09-06,53.9
2014-09-07,67.8
2014-09-08,78.3
2014-09-09,80.5
2014-09-10,62.4
2014-09-11,45.8
2014-09-12,20.7
2014-09-13,63.4
2014-09-14,73.8
2014-09-15,30.7
2014-09-16,68.9
2014-09-17,73.4
2014-09-18,72.2
2014-09-19,65.2
2014-09-20,70.1
2014-09-21,62.0
2014-09-22,53.9
2014-09-23,70.8
2014-09-24,67.0
2014-09-25,70.4
2014-09-26,71.2
2014-09-27,69.6
2014-09-28,62.8
2014-09-29,58.3
2014-09-30,69.5
2014-10-01,73.1
2014-10-02,65.2
2014-10-03,62.5
2014-10-04,75.2
2014-10-05,78.6
2014-10-06,81.6
2014-10-07,83.5
2014-10-08,67.2
2014-10-09,54.2
2014-10-10,1.4
2014-10-11,47.9
2014-10-12,51.9
2014-10-13,59.3
2014-10-14,77.5
2014-10-15,86.1
2014-10-16,86.6
2014-10-17,71.6
2014-10-18,59.2
2014-10-19,73.6
2014-10-20,68.3
2014-10-21,69.6
2014-10-22,68.2
2014-10-23,68.1
2014-10-24,86.5
2014-10-25,90.1
2014-10-26,91.1
2014-10-27,73.7
2014-10-28,73.9
2014-10-29,81.6
2014-10-30,78.7
2014-10-31,69.9
2014-11-01,73.3
2014-11-02,76.1
2014-11-03,65.9
2014-11-04,68.0
2014-11-05,75.2
2014-11-06,76.2
2014-11-07,88.3
2014-11-08,70.7
2014-11-09,87.2
2014-11-10,88.6
2014-11-11,54.3
2014-11-12,41.7
2014-11-13,43.4
2014-11-14,41.2
2014-11-15,40.0
2014-11-16,18.2
2014-11-17,0.0
2014-11-18,0.0
2014-11-19,42.5
2014-11-20,61.5
2014-11-21,67.0
2014-11-22,80.2
2014-11-23,68.3
2014-11-24,48.9
2014-11-25,47.6
2014-11-26,55.5
2014-11-27,75.8
2014-11-28,88.7
2014-11-29,94.8
2014-11-30,84.0
2014-12-01,64.3
2014-12-02,76.5
2014-12-03,66.8
2014-12-04,59.0
2014-12-05,61.6
2014-12-06,55.4
2014-12-07,66.6
2014-12-08,70.0
2014-12-09,60.0
2014-12-10,68.0
2014-12-11,75.1
2014-12-12,48.9
2014-12-13,67.3
2014-12-14,35.9
2014-12-15,26.6
2014-12-16,37.0
2014-12-17,30.2
2014-12-18,12.4
2014-12-19,30.9
2014-12-20,39.9
2014-12-21,45.4
2014-12-22,37.3
2014-12-23,21.2
2014-12-24,44.3
2014-12-25,51.2
2014-12-26,24.8
2014-12-27,5.3
2014-12-28,0.0
2014-12-29,0.0
2014-12-30,0.0
2014-12-31,0.0
2015-01-01,0.0
2015-01-02,0.0
2015-01-03,0.0
2015-01-04,0.0
2015-01-05,0.0
2015-01-06,37.6
2015-01-07,26.6
2015-01-08,44.3
2015-01-09,16.6
2015-01-10,3.7
2015-01-11,60.1
2015-01-12,31.0
2015-01-13,27.6
2015-01-14,1.9
2015-01-15,0.0
2015-01-16,51.1
2015-01-17,74.3
2015-01-18,83.9
2015-01-19,79.7
2015-01-20,39.0
2015-01-21,8.6
2015-01-22,0.0
2015-01-23,0.0
2015-01-24,21.0
2015-01-25,63.8
2015-01-26,76.4
2015-01-27,81.8
2015-01-28,77.4
2015-01-29,61.0
2015-01-30,40.5
2015-01-31,13.0
2015-02-01,0.0
2015-02-02,0.0
2015-02-03,71.6
2015-02-04,48.4
2015-02-05,25.1
2015-02-06,88.4
2015-02-07,93.3
2015-02-08,86.5
2015-02-09,81.8
2015-02-10,80.0
2015-02-11,52.6
2015-02-12,68.9
2015-02-13,76.7
2015-02-14,84.0
2015-02-15,40.3
2015-02-16,5.2
2015-02-17,0.0
2015-02-18,21.2
2015-02-19,26.2
2015-02-20,75.6
2015-02-21,36.1
2015-02-22,0.0
2015-02-23,0.0
2015-02-24,0.0
2015-02-25,0.0
2015-02-26,10.8
2015-02-27,2.3
2015-02-28,0.0
2015-03-01,0.0
2015-03-02,0.0
2015-03-03,18.6
2015-03-04,6.8
2015-03-05,2.5
2015-03-06,71.7
2015-03-07,72.5
2015-03-08,68.9
2015-03-09,68.6
2015-03-10,78.0
2015-03-11,85.3
2015-03-12,80.9
2015-03-13,72.9
2015-03-14,77.3
2015-03-15,90.5
2015-03-16,95.8
2015-03-17,62.4
2015-03-18,69.2
2015-03-19,29.3
2015-03-20,65.6
2015-03-21,73.4
2015-03-22,87.5
2015-03-23,72.2
2015-03-24,83.4
2015-03-25,67.5
2015-03-26,47.4
2015-03-27,75.7
2015-03-28,91.0
2015-03-29,85.0
2015-03-30,89.4
2015-03-31,90.7
2015-04-01,92.1
2015-04-02,79.3
2015-04-03,65.2
2015-04-04,75.9
2015-04-05,92.1
2015-04-06,99.2
2015-04-07,97.7
2015-04-08,93.5
2015-04-09,77.0
2015-04-10,74.5
2015-04-11,75.9
2015-04-12,88.1
2015-04-13,80.4
2015-04-14,86.3
2015-04-15,89.9
2015-04-16,66.6
2015-04-17,73.8
2015-04-18,64.3
2015-04-19,62.5
2015-04-20,70.8
2015-04-21,81.8
2015-04-22,66.8
2015-04-23,67.2
2015-04-24,76.3
2015-04-25,85.6
2015-04-26,50.4
2015-04-27,24.1
2015-04-28,67.0
2015-04-29,79.4
2015-04-30,85.0
2015-05-01,73.3
2015-05-02,80.7
2015-05-03,81.2
2015-05-04,56.6
2015-05-05,2.4
2015-05-06,65.6
2015-05-07,55.0
2015-05-08,33.0
2015-05-09,61.6
2015-05-10,51.2
2015-05-11,54.5
2015-05-12,58.4
2015-05-13,29.4
2015-05-14,53.2
2015-05-15,56.1
2015-05-16,37.9
2015-05-17,58.5
2015-05-18,27.6
2015-05-19,4.6
2015-05-20,15.0
2015-05-21,15.4
2015-05-22,24.0
2015-05-23,15.1
2015-05-24,22.2
2015-05-25,28.4
2015-05-26,29.0
2015-05-27,30.7
2015-05-28,23.8
2015-05-29,24.9
2015-05-30,21.3
2015-05-31,28.9
2015-06-01,29.8
2015-06-02,36.8
2015-06-03,31.5
2015-06-04,36.4
2015-06-05,28.7
2015-06-06,32.5
2015-06-07,35.0
2015-06-08,32.8
2015-06-09,40.2
2015-06-10,38.1
2015-06-11,35.8
2015-06-12,17.6
2015-06-13,33.2
2015-06-14,21.5
2015-06-15,33.7
2015-06-16,35.3
2015-06-17,46.1
2015-06-18,44.1
2015-06-19,58.2
2015-06-20,61.9
2015-06-21,67.5
2015-06-22,71.5
2015-06-23,67.1
2015-06-24,76.2
2015-06-25,75.9
2015-06-26,57.7
2015-06-27,73.3
2015-06-28,84.1
2015-06-29,79.8
2015-06-30,90.5
2015-07-01,87.9
2015-07-02,67.0
2015-07-03,73.7
2015-07-04,81.8
2015-07-05,84.3
2015-07-06,50.2
2015-07-07,63.7
2015-07-08,63.5
2015-07-09,58.1
2015-07-10,77.1
2015-07-11,90.8
2015-07-12,94.3
2015-07-13,93.9
2015-07-14,82.6
2015-07-15,74.7
2015-07-16,82.7
2015-07-17,90.9
2015-07-18,88.4
2015-07-19,73.4
2015-07-20,72.7
2015-07-21,60.6
2015-07-22,77.6
2015-07-23,87.0
2015-07-24,86.6
2015-07-25,83.0
2015-07-26,84.7
2015-07-27,81.1
2015-07-28,84.7
2015-07-29,67.1
2015-07-30,61.5
2015-07-31,60.0
2015-08-01,72.0
2015-08-02,76.1
2015-08-03,70.6
2015-08-04,81.6
2015-08-05,76.9
2015-08-06,93.4
2015-08-07,83.7
2015-08-08,86.5
2015-08-09,72.6
2015-08-10,61.8
2015-08-11,58.8
2015-08-12,76.0
2015-08-13,77.1
2015-08-14,75.0
2015-08-15,76.0
2015-08-16,75.0
2015-08-17,63.1
2015-08-18,61.3
2015-08-19,63.2
2015-08-20,71.2
2015-08-21,69.7
2015-08-22,86.7
2015-08-23,61.5
2015-08-24,68.7
2015-08-25,79.2
2015-08-26,78.2
2015-08-27,78.7
2015-08-28,71.7
2015-08-29,80.2
2015-08-30,82.1
2015-08-31,81.5
2015-09-01,77.8
2015-09-02,83.8
2015-09-03,87.3
2015-09-04,85.1
2015-09-05,83.8
2015-09-06,90.6
2015-09-07,89.6
2015-09-08,74.8
2015-09-09,81.9
2015-09-10,87.3
2015-09-11,60.9
2015-09-12,80.1
2015-09-13,86.0
2015-09-14,96.6
2015-09-15,89.9
2015-09-16,93.0
2015-09-17,92.7
2015-09-18,71.5
2015-09-19,75.9
2015-09-20,82.1
2015-09-21,91.2
2015-09-22,71.9
2015-09-23,60.1
2015-09-24,63.1
2015-09-25,73.5
2015-09-26,62.7
2015-09-27,77.9
2015-09-28,82.7
2015-09-29,49.6
2015-09-30,55.8
2015-10-01,62.5
2015-10-02,50.1
2015-10-03,47.6
2015-10-04,39.5
2015-10-05,57.0
2015-10-06,62.5
2015-10-07,45.9
2015-10-08,67.2
2015-10-09,59.6
2015-10-10,80.2
2015-10-11,90.8
2015-10-12,86.3
2015-10-13,92.4
2015-10-14,91.6
2015-10-15,79.5
2015-10-16,76.2
2015-10-17,76.8
2015-10-18,73.5
2015-10-19,77.1
2015-10-20,69.3
2015-10-21,28.1
2015-10-22,38.3
2015-10-23,59.0
2015-10-24,69.0
2015-10-25,71.7
2015-10-26,71.8
2015-10-27,75.7
2015-10-28,69.6
2015-10-29,61.1
2015-10-30,20.8
2015-10-31,67.9
2015-11-01,80.1
2015-11-02,83.8
2015-11-03,86.5
2015-11-04,72.9
2015-11-05,61.4
2015-11-06,57.9
2015-11-07,58.3
2015-11-08,66.3
2015-11-09,73.0
2015-11-10,85.0
2015-11-11,66.0
2015-11-12,74.9
2015-11-13,76.8
2015-11-14,76.8
2015-11-15,73.5
2015-11-16,49.6
2015-11-17,1.5
2015-11-18,0.0
2015-11-19,20.0
2015-11-20,23.5
2015-11-21,50.0
2015-11-22,72.9
2015-11-23,77.0
2015-11-24,80.1
2015-11-25,80.8
2015-11-26,4.8
2015-11-27,2.9
2015-11-28,0.0
2015-11-29,0.0
2015-11-30,0.0
2015-12-01,0.0
2015-12-02,21.4
2015-12-03,64.4
2015-12-04,66.9
2015-12-05,63.1
2015-12-06,65.1
2015-12-07,74.5
2015-12-08,75.9
2015-12-09,78.9
2015-12-10,76.2
2015-12-11,80.8
2015-12-12,41.3
2015-12-13,0.0
2015-12-14,0.0
2015-12-15,13.3
2015-12-16,2.8
2015-12-17,0.0
2015-12-18,0.0
2015-12-19,39.9
2015-12-20,64.0
2015-12-21,66.9
2015-12-22,61.7
2015-12-23,60.5
2015-12-24,65.3
2015-12-25,60.4
2015-12-26,46.3
2015-12-27,39.5
2015-12-28,39.9
2015-12-29,50.5
2015-12-30,44.9
2015-12-31,30.0
2016-01-01,42.3
2016-01-02,47.7
2016-01-03,71.3
2016-01-04,71.1
2016-01-05,53.2
2016-01-06,65.3
2016-01-07,32.4
2016-01-08,2.8
2016-01-09,2.0
2016-01-10,0.0
2016-01-11,0.0
2016-01-12,0.0
2016-01-13,66.6
2016-01-14,75.6
2016-01-15,63.0
2016-01-16,60.6
2016-01-17,39.3
2016-01-18,67.3
2016-01-19,54.5
2016-01-20,64.3
2016-01-21,36.9
2016-01-22,66.8
2016-01-23,74.7
2016-01-24,83.5
2016-01-25,52.4
2016-01-26,65.7
2016-01-27,75.5
2016-01-28,77.0
2016-01-29,79.4
2016-01-30,80.8
2016-01-31,56.0
2016-02-01,40.5
2016-02-02,16.9
2016-02-03,19.3
2016-02-04,43.4
2016-02-05,37.3
2016-02-06,51.5
2016-02-07,45.0
2016-02-08,62.9
2016-02-09,73.1
2016-02-10,90.4
2016-02-11,85.9
2016-02-12,76.7
2016-02-13,83.5
2016-02-14,70.5
2016-02-15,76.9
2016-02-16,70.3
2016-02-17,82.8
2016-02-18,95.0
2016-02-19,84.1
2016-02-20,89.6
2016-02-21,76.7
2016-02-22,69.1
2016-02-23,58.5
2016-02-24,63.7
2016-02-25,70.6
2016-02-26,78.7
2016-02-27,89.1
2016-02-28,78.9
2016-02-29,83.4
2016-03-01,76.5
2016-03-02,83.3
2016-03-03,79.5
2016-03-04,87.3
2016-03-05,77.0
2016-03-06,83.1
2016-03-07,88.1
2016-03-08,76.3
2016-03-09,76.4
2016-03-10,79.2
2016-03-11,82.3
2016-03-12,78.2
2016-03-13,79.6
2016-03-14,89.8
2016-03-15,82.1
2016-03-16,80.0
2016-03-17,85.8
2016-03-18,49.3
2016-03-19,6.7
2016-03-20,46.4
2016-03-21,89.6
2016-03-22,96.4
2016-03-23,84.9
2016-03-24,32.9
2016-03-25,75.6
2016-03-26,32.5
2016-03-27,3.2
2016-03-28,53.5
2016-03-29,78.4
2016-03-30,82.4
2016-03-31,65.8
2016-04-01,52.3
2016-04-02,80.8
2016-04-03,89.3
2016-04-04,88.2
2016-04-05,95.0
2016-04-06,91.3
2016-04-07,81.6
2016-04-08,80.4
2016-04-09,82.0
2016-04-10,89.1
2016-04-11,54.3
2016-04-12,58.8
2016-04-13,77.9
2016-04-14,84.5
2016-04-15,64.4
2016-04-16,9.9
2016-04-17,32.9
2016-04-18,36.9
2016-04-19,11.7
2016-04-20,65.1
2016-04-21,72.4
2016-04-22,78.3
2016-04-23,82.5
2016-04-24,89.6
2016-04-25,79.8
2016-04-26,83.0
2016-04-27,70.2
2016-04-28,55.7
2016-04-29,1.9
2016-04-30,29.2
2016-05-01,14.1
2016-05-02,56.1
2016-05-03,63.6
2016-05-04,70.0
2016-05-05,73.1
2016-05-06,72.2
2016-05-07,74.6
2016-05-08,68.6
2016-05-09,58.8
2016-05-10,64.9
2016-05-11,46.5
2016-05-12,44.6
2016-05-13,58.2
2016-05-14,35.3
2016-05-15,27.5
2016-05-16,14.0
2016-05-17,8.0
2016-05-18,22.7
2016-05-19,29.4
2016-05-20,44.1
2016-05-21,49.3
2016-05-22,50.1
2016-05-23,48.4
2016-05-24,57.6
2016-05-25,66.6
2016-05-26,64.0
2016-05-27,34.1
2016-05-28,52.3
2016-05-29,48.9
2016-05-30,50.1
2016-05-31,37.2
2016-06-01,35.1
2016-06-02,48.3
2016-06-03,57.2
2016-06-04,54.0
2016-06-05,58.9
2016-06-06,59.5
2016-06-07,48.8
2016-06-08,60.5
2016-06-09,64.5
2016-06-10,67.8
2016-06-11,64.0
2016-06-12,66.0
2016-06-13,55.2
2016-06-14,74.3
2016-06-15,88.6
2016-06-16,91.7
2016-06-17,91.3
2016-06-18,71.5
2016-06-19,78.2
2016-06-20,81.8
2016-06-21,90.3
2016-06-22,87.8
2016-06-23,75.4
2016-06-24,79.8
2016-06-25,84.9
2016-06-26,72.8
2016-06-27,83.0
2016-06-28,78.3
2016-06-29,78.2
2016-06-30,74.1
2016-07-01,61.5
2016-07-02,59.6
2016-07-03,65.5
2016-07-04,87.3
2016-07-05,93.0
2016-07-06,87.4
2016-07-07,98.1
2016-07-08,74.5
2016-07-09,88.8
2016-07-10,94.6
2016-07-11,95.3
2016-07-12,85.0
2016-07-13,92.1
2016-07-14,73.6
2016-07-15,76.0
2016-07-16,86.8
2016-07-17,91.8
2016-07-18,85.2
2016-07-19,91.5
2016-07-20,92.2
2016-07-21,92.6
2016-07-22,93.5
2016-07-23,94.1
2016-07-24,79.9
2016-07-25,70.3
2016-07-26,82.7
2016-07-27,83.0
2016-07-28,85.2
2016-07-29,68.5
2016-07-30,82.5
2016-07-31,89.2
2016-08-01,88.2
2016-08-02,82.6
2016-08-03,78.3
2016-08-04,77.5
2016-08-05,59.9
2016-08-06,59.6
2016-08-07,65.3
2016-08-08,72.0
2016-08-09,77.2
2016-08-10,81.1
2016-08-11,81.9
2016-08-12,74.6
2016-08-13,74.3
2016-08-14,80.3
2016-08-15,88.6
2016-08-16,84.9
2016-08-17,88.7
2016-08-18,88.9
2016-08-19,71.7
2016-08-20,64.3
2016-08-21,71.0
2016-08-22,74.5
2016-08-23,88.0
2016-08-24,71.8
2016-08-25,52.9
2016-08-26,61.9
2016-08-27,74.9
2016-08-28,69.0
2016-08-29,41.6
2016-08-30,37.8
2016-08-31,51.5
2016-09-01,46.7
2016-09-02,46.4
2016-09-03,56.5
2016-09-04,62.1
2016-09-05,64.8
2016-09-06,58.1
2016-09-07,59.8
2016-09-08,53.4
2016-09-09,61.3
2016-09-10,67.3
2016-09-11,78.1
2016-09-12,74.3
2016-09-13,31.1
2016-09-14,38.0
2016-09-15,61.7
2016-09-16,61.3
2016-09-17,56.1
2016-09-18,78.9
2016-09-19,82.6
2016-09-20,82.4
2016-09-21,67.5
2016-09-22,67.5
2016-09-23,67.9
2016-09-24,75.0
2016-09-25,68.9
2016-09-26,74.1
2016-09-27,79.4
2016-09-28,81.9
2016-09-29,72.1
2016-09-30,69.5
2016-10-01,70.6
2016-10-02,72.8
2016-10-03,78.3
2016-10-04,81.5
2016-10-05,84.4
2016-10-06,73.8
2016-10-07,73.0
2016-10-08,75.5
2016-10-09,63.8
2016-10-10,83.2
2016-10-11,83.4
2016-10-12,56.9
2016-10-13,70.7
2016-10-14,89.1
2016-10-15,95.6
2016-10-16,101.0
2016-10-17,101.0
2016-10-18,86.1
2016-10-19,69.1
2016-10-20,75.0
2016-10-21,91.3
2016-10-22,94.3
2016-10-23,85.5
2016-10-24,79.6
2016-10-25,83.0
2016-10-26,79.6
2016-10-27,85.3
2016-10-28,90.0
2016-10-29,90.4
2016-10-30,65.5
2016-10-31,87.5
2016-11-01,79.4
2016-11-02,68.9
2016-11-03,73.0
2016-11-04,76.8
2016-11-05,61.1
2016-11-06,44.8
2016-11-07,67.1
2016-11-08,67.6
2016-11-09,76.4
2016-11-10,82.2
2016-11-11,63.0
2016-11-12,71.4
2016-11-13,75.8
2016-11-14,81.9
2016-11-15,89.3
2016-11-16,89.7
2016-11-17,81.1
2016-11-18,44.8
2016-11-19,47.9
2016-11-20,83.3
2016-11-21,70.8
2016-11-22,41.4
2016-11-23,61.7
2016-11-24,71.7
2016-11-25,73.6
2016-11-26,81.0
2016-11-27,72.9
2016-11-28,76.4
2016-11-29,70.1
2016-11-30,69.9
2016-12-01,71.8
2016-12-02,66.5
2016-12-03,61.4
2016-12-04,46.1
2016-12-05,79.0
2016-12-06,66.6
2016-12-07,55.3
2016-12-08,57.9
2016-12-09,64.9
2016-12-10,74.9
2016-12-11,70.3
2016-12-12,70.5
2016-12-13,61.1
2016-12-14,56.3
2016-12-15,68.1
2016-12-16,75.9
2016-12-17,38.9
2016-12-18,33.8
2016-12-19,0.0
2016-12-20,0.0
2016-12-21,40.2
2016-12-22,31.2
2016-12-23,5.3
2016-12-24,64.0
2016-12-25,63.2
2016-12-26,64.5
2016-12-27,76.3
2016-12-28,75.3
2016-12-29,71.0
2016-12-30,82.1
2016-12-31,70.4
2017-01-01,47.8
2017-01-02,69.4
2017-01-03,49.8
2017-01-04,59.3
2017-01-05,43.1
2017-01-06,15.8
2017-01-07,0.0
2017-01-08,0.0
2017-01-09,0.0
2017-01-10,67.3
2017-01-11,79.5
2017-01-12,65.1
2017-01-13,45.5
2017-01-14,38.2
2017-01-15,10.8
2017-01-16,1.6
2017-01-17,0.0
2017-01-18,15.7
2017-01-19,40.4
2017-01-20,30.2
2017-01-21,41.1
2017-01-22,41.2
2017-01-23,70.3
2017-01-24,56.7
2017-01-25,10.9
2017-01-26,19.2
2017-01-27,22.0
2017-01-28,45.6
2017-01-29,51.2
2017-01-30,79.9
2017-01-31,82.0
2017-02-01,55.3
2017-02-02,42.2
2017-02-03,43.1
2017-02-04,79.9
2017-02-05,78.4
2017-02-06,81.8
2017-02-07,75.9
2017-02-08,64.9
2017-02-09,79.7
2017-02-10,91.1
2017-02-11,88.4
2017-02-12,60.1
2017-02-13,45.2
2017-02-14,36.3
2017-02-15,72.7
2017-02-16,86.9
2017-02-17,74.9
2017-02-18,74.9
2017-02-19,63.6
2017-02-20,80.1
2017-02-21,86.0
2017-02-22,86.8
2017-02-23,82.1
2017-02-24,50.6
2017-02-25,70.0
2017-02-26,78.6
2017-02-27,78.3
2017-02-28,71.3
2017-03-01,29.9
2017-03-02,68.0
2017-03-03,83.3
2017-03-04,90.2
2017-03-05,91.1
2017-03-06,87.4
2017-03-07,88.7
2017-03-08,93.6
2017-03-09,98.0
2017-03-10,78.6
2017-03-11,58.8
2017-03-12,77.0
2017-03-13,69.4
2017-03-14,81.9
2017-03-15,89.3
2017-03-16,96.6
2017-03-17,85.9
2017-03-18,87.2
2017-03-19,97.2
2017-03-20,97.0
2017-03-21,74.6
2017-03-22,69.8
2017-03-23,83.8
2017-03-24,52.7
2017-03-25,73.9
2017-03-26,51.3
2017-03-27,71.6
2017-03-28,46.9
2017-03-29,19.7
2017-03-30,71.3
2017-03-31,25.2
2017-04-01,1.5
2017-04-02,19.3
2017-04-03,65.2
2017-04-04,8.6
2017-04-05,0.9
2017-04-06,48.8
2017-04-07,83.4
2017-04-08,88.2
2017-04-09,93.5
2017-04-10,84.1
2017-04-11,82.8
2017-04-12,71.2
2017-04-13,68.1
2017-04-14,79.9
2017-04-15,81.8
2017-04-16,57.0
2017-04-17,64.2
2017-04-18,77.7
2017-04-19,90.7
2017-04-20,72.2
2017-04-21,36.8
2017-04-22,52.8
2017-04-23,72.7
2017-04-24,83.4
2017-04-25,56.2
2017-04-26,54.8
2017-04-27,65.4
2017-04-28,53.4
2017-04-29,1.7
2017-04-30,0.0
2017-05-01,0.0
2017-05-02,11.0
2017-05-03,31.8
2017-05-04,66.0
2017-05-05,73.4
2017-05-06,76.1
2017-05-07,77.5
2017-05-08,67.9
2017-05-09,44.8
2017-05-10,50.1
2017-05-11,18.3
2017-05-12,60.9
2017-05-13,73.7
2017-05-14,78.4
2017-05-15,71.8
2017-05-16,79.2
2017-05-17,69.4
2017-05-18,51.6
2017-05-19,19.5
2017-05-20,55.8
2017-05-21,53.5
2017-05-22,44.8
2017-05-23,48.7
2017-05-24,63.9
2017-05-25,75.7
2017-05-26,62.8
2017-05-27,52.4
2017-05-28,55.9
2017-05-29,56.3
2017-05-30,52.2
2017-05-31,56.0
2017-06-01,55.7
2017-06-02,48.2
2017-06-03,43.9
2017-06-04,48.6
2017-06-05,53.3
2017-06-06,51.9
2017-06-07,47.0
2017-06-08,43.9
2017-06-09,60.3
2017-06-10,72.8
2017-06-11,78.2
2017-06-12,77.7
2017-06-13,79.2
2017-06-14,74.7
2017-06-15,79.3
2017-06-16,79.9
2017-06-17,84.4
2017-06-18,66.9
2017-06-19,74.1
2017-06-20,73.0
2017-06-21,80.2
2017-06-22,82.3
2017-06-23,53.5
2017-06-24,58.5
2017-06-25,47.7
2017-06-26,66.3
2017-06-27,78.6
2017-06-28,83.9
2017-06-29,81.3
2017-06-30,68.7
2017-07-01,72.7
2017-07-02,85.1
2017-07-03,84.8
2017-07-04,81.2
2017-07-05,85.1
2017-07-06,91.9
2017-07-07,89.8
2017-07-08,79.1
2017-07-09,86.3
2017-07-10,91.4
2017-07-11,92.6
2017-07-12,87.9
2017-07-13,63.8
2017-07-14,62.4
2017-07-15,65.2
2017-07-16,67.0
2017-07-17,84.1
2017-07-18,88.0
2017-07-19,89.1
2017-07-20,91.0
2017-07-21,93.8
2017-07-22,83.2
2017-07-23,75.9
2017-07-24,83.1
2017-07-25,85.0
2017-07-26,80.8
2017-07-27,49.2
2017-07-28,70.6
2017-07-29,55.0
2017-07-30,53.4
2017-07-31,59.5
2017-08-01,63.6
2017-08-02,73.0
2017-08-03,54.7
2017-08-04,66.1
2017-08-05,74.6
2017-08-06,54.1
2017-08-07,29.2
2017-08-08,42.4
2017-08-09,49.5
2017-08-10,47.6
2017-08-11,28.2
2017-08-12,38.2
2017-08-13,43.1
2017-08-14,56.7
2017-08-15,56.0
2017-08-16,58.8
2017-08-17,56.8
2017-08-18,62.9
2017-08-19,59.1
2017-08-20,61.1
2017-08-21,54.4
2017-08-22,36.5
2017-08-23,46.0
2017-08-24,43.1
2017-08-25,51.1
2017-08-26,54.2
2017-08-27,55.6
2017-08-28,50.6
2017-08-29,60.8
2017-08-30,61.7
2017-08-31,60.8
2017-09-01,61.0
2017-09-02,66.4
2017-09-03,71.1
2017-09-04,70.0
2017-09-05,60.1
2017-09-06,64.1
2017-09-07,68.8
2017-09-08,72.8
2017-09-09,76.0
2017-09-10,77.3
2017-09-11,80.5
2017-09-12,75.6
2017-09-13,81.6
2017-09-14,84.4
2017-09-15,87.9
2017-09-16,71.6
2017-09-17,45.5
2017-09-18,71.8
2017-09-19,89.1
2017-09-20,81.2
2017-09-21,91.3
2017-09-22,82.8
2017-09-23,48.0
2017-09-24,26.2
2017-09-25,1.4
2017-09-26,34.0
2017-09-27,27.3
2017-09-28,12.8
2017-09-29,18.1
2017-09-30,47.3
2017-10-01,67.1
2017-10-02,61.2
2017-10-03,36.6
2017-10-04,30.7
2017-10-05,46.4
2017-10-06,71.1
2017-10-07,83.8
2017-10-08,79.9
2017-10-09,26.3
2017-10-10,64.4
2017-10-11,76.8
2017-10-12,84.2
2017-10-13,68.6
2017-10-14,83.1
2017-10-15,75.1
2017-10-16,84.1
2017-10-17,85.0
2017-10-18,89.1
2017-10-19,76.6
2017-10-20,78.5
2017-10-21,74.0
2017-10-22,82.5
2017-10-23,74.9
2017-10-24,76.1
2017-10-25,88.3
2017-10-26,79.2
2017-10-27,51.6
2017-10-28,70.6
2017-10-29,83.7
2017-10-30,50.1
2017-10-31,43.8
2017-11-01,84.8
2017-11-02,69.9
2017-11-03,50.7
2017-11-04,79.2
2017-11-05,65.8
2017-11-06,35.5
2017-11-07,28.9
2017-11-08,37.8
2017-11-09,43.0
2017-11-10,37.0
2017-11-11,61.2
2017-11-12,54.1
2017-11-13,72.7
2017-11-14,80.4
2017-11-15,67.8
2017-11-16,79.0
2017-11-17,82.1
2017-11-18,59.2
2017-11-19,77.9
2017-11-20,86.7
2017-11-21,73.3
2017-11-22,73.4
2017-11-23,74.9
2017-11-24,86.6
2017-11-25,67.1
2017-11-26,82.3
2017-11-27,92.0
2017-11-28,77.9
2017-11-29,65.8
2017-11-30,64.7
2017-12-01,77.3
2017-12-02,73.8
2017-12-03,78.3
2017-12-04,75.2
2017-12-05,76.2
2017-12-06,70.6
2017-12-07,66.8
2017-12-08,77.1
2017-12-09,84.2
2017-12-10,88.7
2017-12-11,87.6
2017-12-12,85.9
2017-12-13,81.7
2017-12-14,67.1
2017-12-15,49.6
2017-12-16,75.1
2017-12-17,46.2
2017-12-18,74.1
2017-12-19,67.5
2017-12-20,78.7
2017-12-21,72.4
2017-12-22,63.0
2017-12-23,66.1
2017-12-24,60.6
2017-12-25,65.8
2017-12-26,33.1
2017-12-27,40.0
2017-12-28,54.0
2017-12-29,82.7
2017-12-30,36.3
2017-12-31,46.2
2018-01-01,48.5
2018-01-02,61.1
2018-01-03,77.7
2018-01-04,78.3
2018-01-05,81.5
2018-01-06,77.4
2018-01-07,65.4
2018-01-08,70.0
2018-01-09,81.0
2018-01-10,77.8
2018-01-11,48.6
2018-01-12,22.9
2018-01-13,57.4
2018-01-14,64.1
2018-01-15,39.5
2018-01-16,36.1
2018-01-17,43.6
2018-01-18,80.6
2018-01-19,88.6
2018-01-20,87.7
2018-01-21,61.5
2018-01-22,29.2
2018-01-23,23.0
2018-01-24,75.8
2018-01-25,85.2
2018-01-26,79.6
2018-01-27,77.2
2018-01-28,81.1
2018-01-29,74.5
2018-01-30,89.6
2018-01-31,79.5
2018-02-01,55.3
2018-02-02,52.7
2018-02-03,76.7
2018-02-04,44.9
2018-02-05,73.8
2018-02-06,41.6
2018-02-07,47.8
2018-02-08,79.6
2018-02-09,67.1
2018-02-10,33.6
2018-02-11,13.3
2018-02-12,0.0
2018-02-13,75.1
2018-02-14,85.4
2018-02-15,81.7
2018-02-16,60.0
2018-02-17,77.6
2018-02-18,86.4
2018-02-19,70.7
2018-02-20,52.8
2018-02-21,57.6
2018-02-22,57.5
2018-02-23,47.9
2018-02-24,68.6
2018-02-25,75.8
2018-02-26,88.5
2018-02-27,94.4
2018-02-28,87.2
2018-03-01,76.8
2018-03-02,87.9
2018-03-03,94.7
2018-03-04,95.9
2018-03-05,86.0
2018-03-06,86.3
2018-03-07,87.5
2018-03-08,92.8
2018-03-09,90.2
2018-03-10,85.2
2018-03-11,76.9
2018-03-12,81.5
2018-03-13,68.0
2018-03-14,81.6
2018-03-15,87.6
2018-03-16,84.7
2018-03-17,78.9
2018-03-18,82.7
2018-03-19,56.7
2018-03-20,76.6
2018-03-21,80.7
2018-03-22,89.0
2018-03-23,91.8
2018-03-24,79.5
2018-03-25,92.0
2018-03-26,64.8
2018-03-27,33.4
2018-03-28,48.1
2018-03-29,46.8
2018-03-30,68.3
2018-03-31,73.4
2018-04-01,51.3
2018-04-02,91.3
2018-04-03,86.0
2018-04-04,89.6
2018-04-05,91.0
2018-04-06,71.8
2018-04-07,10.2
2018-04-08,68.8
2018-04-09,53.4
2018-04-10,83.8
2018-04-11,96.3
2018-04-12,99.9
2018-04-13,88.7
2018-04-14,69.9
2018-04-15,79.5
2018-04-16,95.0
2018-04-17,101.2
2018-04-18,89.4
2018-04-19,86.9
2018-04-20,71.2
2018-04-21,30.1
2018-04-22,59.5
2018-04-23,73.8
2018-04-24,43.3
2018-04-25,44.2
2018-04-26,72.8
2018-04-27,86.9
2018-04-28,87.6
2018-04-29,86.5
2018-04-30,90.4
2018-05-01,88.8
2018-05-02,80.0
2018-05-03,76.8
2018-05-04,78.1
2018-05-05,88.4
2018-05-06,91.1
2018-05-07,88.3
2018-05-08,88.7
2018-05-09,87.5
2018-05-10,88.0
2018-05-11,88.8
2018-05-12,81.1
2018-05-13,79.5
2018-05-14,68.3
2018-05-15,66.9
2018-05-16,76.9
2018-05-17,84.1
2018-05-18,76.6
2018-05-19,63.0
2018-05-20,61.4
2018-05-21,74.2
2018-05-22,79.4
2018-05-23,67.8
2018-05-24,93.6
2018-05-25,96.0
2018-05-26,100.7
2018-05-27,96.9
2018-05-28,97.8
2018-05-29,85.9
2018-05-30,84.7
2018-05-31,93.3
2018-06-01,104.9
2018-06-02,97.5
2018-06-03,90.7
2018-06-04,98.8
2018-06-05,100.5
2018-06-06,100.8
2018-06-07,87.0
2018-06-08,97.0
2018-06-09,99.6
2018-06-10,102.1
2018-06-11,98.2
2018-06-12,95.5
2018-06-13,90.1
2018-06-14,98.4
2018-06-15,99.4
2018-06-16,86.8
2018-06-17,83.8
2018-06-18,92.6
2018-06-19,92.5
2018-06-20,83.7
2018-06-21,93.2
2018-06-22,83.3
2018-06-23,83.3
2018-06-24,72.3
2018-06-25,87.0
2018-06-26,100.5
2018-06-27,105.0
2018-06-28,102.7
2018-06-29,102.1
2018-06-30,94.0
2018-07-01,93.7
2018-07-02,94.6
2018-07-03,98.2
2018-07-04,100.4
2018-07-05,76.6
2018-07-06,80.1
2018-07-07,87.7
2018-07-08,91.9
2018-07-09,94.6
2018-07-10,96.5
2018-07-11,89.7
2018-07-12,91.4
2018-07-13,85.0
2018-07-14,88.3
2018-07-15,91.3
2018-07-16,83.1
2018-07-17,79.0
2018-07-18,90.7
2018-07-19,96.4
2018-07-20,99.1
2018-07-21,98.1
2018-07-22,97.1
2018-07-23,75.4
2018-07-24,79.7
2018-07-25,91.7
2018-07-26,73.4
2018-07-27,82.4
2018-07-28,86.1
2018-07-29,78.7
2018-07-30,72.8
2018-07-31,83.1
2018-08-01,87.5
2018-08-02,83.9
2018-08-03,79.7
2018-08-04,84.6
2018-08-05,81.6
2018-08-06,75.9
2018-08-07,64.7
2018-08-08,56.7
2018-08-09,72.1
2018-08-10,73.6
2018-08-11,76.3
2018-08-12,74.9
2018-08-13,74.4
2018-08-14,60.7
2018-08-15,65.4
2018-08-16,77.2
2018-08-17,59.0
2018-08-18,52.8
2018-08-19,60.7
2018-08-20,62.9
2018-08-21,55.2
2018-08-22,35.7
2018-08-23,63.3
2018-08-24,70.8
2018-08-25,67.9
2018-08-26,70.6
2018-08-27,77.3
2018-08-28,62.2
2018-08-29,52.4
2018-08-30,74.7
2018-08-31,79.4
2018-09-01,65.2
2018-09-02,57.5
2018-09-03,46.0
2018-09-04,49.3
2018-09-05,29.8
2018-09-06,24.4
2018-09-07,32.8
2018-09-08,40.0
2018-09-09,38.9
2018-09-10,56.2
2018-09-11,58.5
2018-09-12,64.1
2018-09-13,70.2
2018-09-14,68.4
2018-09-15,61.5
2018-09-16,65.4
2018-09-17,70.3
2018-09-18,71.9
2018-09-19,70.0
2018-09-20,51.4
2018-09-21,57.8
2018-09-22,75.4
2018-09-23,83.6
2018-09-24,74.7
2018-09-25,62.5
2018-09-26,67.5
2018-09-27,77.2
2018-09-28,37.1
2018-09-29,69.8
2018-09-30,55.7
2018-10-01,65.1
2018-10-02,69.3
2018-10-03,80.6
2018-10-04,54.7
2018-10-05,86.6
2018-10-06,51.5
2018-10-07,18.8
2018-10-08,0.7
2018-10-09,0.0
2018-10-10,26.1
2018-10-11,19.4
2018-10-12,57.3
2018-10-13,64.7
2018-10-14,12.3
2018-10-15,5.5
2018-10-16,43.9
2018-10-17,56.7
2018-10-18,34.3
2018-10-19,73.6
2018-10-20,78.4
2018-10-21,74.3
2018-10-22,78.8
2018-10-23,54.6
2018-10-24,7.5
2018-10-25,57.8
2018-10-26,70.8
2018-10-27,81.0
2018-10-28,71.5
2018-10-29,82.3
2018-10-30,67.2
2018-10-31,29.1
2018-11-01,41.1
2018-11-02,68.3
2018-11-03,56.8
2018-11-04,60.7
2018-11-05,68.7
2018-11-06,68.4
2018-11-07,40.4
2018-11-08,19.0
2018-11-09,57.4
2018-11-10,74.2
2018-11-11,27.2
2018-11-12,1.4
2018-11-13,0.0
2018-11-14,0.0
2018-11-15,71.9
2018-11-16,73.3
2018-11-17,40.4
2018-11-18,40.1
2018-11-19,60.5
2018-11-20,70.4
2018-11-21,76.6
2018-11-22,70.6
2018-11-23,78.9
2018-11-24,79.1
2018-11-25,58.7
2018-11-26,69.9
2018-11-27,81.5
2018-11-28,83.0
2018-11-29,70.1
2018-11-30,58.9
2018-12-01,64.4
2018-12-02,51.3
2018-12-03,33.0
2018-12-04,41.2
2018-12-05,47.3
2018-12-06,40.8
2018-12-07,47.9
2018-12-08,56.6
2018-12-09,62.6
2018-12-10,75.6
2018-12-11,82.1
2018-12-12,80.0
2018-12-13,66.4
2018-12-14,74.7
2018-12-15,80.5
2018-12-16,77.2
2018-12-17,75.0
2018-12-18,70.7
2018-12-19,68.4
2018-12-20,69.1
2018-12-21,80.4
2018-12-22,65.4
2018-12-23,52.6
2018-12-24,68.3
2018-12-25,65.9
2018-12-26,35.2
2018-12-27,18.1
2018-12-28,14.1
2018-12-29,17.4
2018-12-30,44.6
2018-12-31,31.2
2019-01-01,17.3
2019-01-02,21.1
2019-01-03,23.1
2019-01-04,49.5
2019-01-05,52.5
2019-01-06,47.5
2019-01-07,73.7
2019-01-08,68.8
2019-01-09,67.2
2019-01-10,69.5
2019-01-11,29.9
2019-01-12,0.0
2019-01-13,11.5
2019-01-14,20.0
2019-01-15,36.8
2019-01-16,29.1
2019-01-17,66.6
2019-01-18,58.7
2019-01-19,0.0
2019-01-20,0.0
2019-01-21,70.8
2019-01-22,41.2
2019-01-23,32.3
2019-01-24,19.9
2019-01-25,2.0
2019-01-26,58.0
2019-01-27,71.6
2019-01-28,54.4
2019-01-29,40.8
2019-01-30,40.1
2019-01-31,73.4
2019-02-01,74.1
2019-02-02,79.9
2019-02-03,81.2
2019-02-04,69.1
2019-02-05,42.7
2019-02-06,52.8
2019-02-07,36.8
2019-02-08,44.8
2019-02-09,66.2
2019-02-10,63.6
2019-02-11,70.6
2019-02-12,78.2
2019-02-13,88.8
2019-02-14,82.2
2019-02-15,50.2
2019-02-16,51.9
2019-02-17,27.3
2019-02-18,4.3
2019-02-19,0.0
2019-02-20,0.0
2019-02-21,21.0
2019-02-22,26.0
2019-02-23,25.3
2019-02-24,17.6
2019-02-25,0.0
2019-02-26,58.4
2019-02-27,47.8
2019-02-28,64.8
2019-03-01,71.2
2019-03-02,14.6
2019-03-03,3.9
2019-03-04,0.0
2019-03-05,0.0
2019-03-06,0.0
2019-03-07,59.0
2019-03-08,72.9
2019-03-09,76.0
2019-03-10,65.9
2019-03-11,56.0
2019-03-12,47.9
2019-03-13,13.7
2019-03-14,39.5
2019-03-15,47.5
2019-03-16,70.2
2019-03-17,74.9
2019-03-18,70.7
2019-03-19,62.4
2019-03-20,77.5
2019-03-21,76.4
2019-03-22,43.9
2019-03-23,66.0
2019-03-24,64.0
2019-03-25,52.8
2019-03-26,67.0
2019-03-27,84.1
2019-03-28,81.4
2019-03-29,20.8
2019-03-30,28.0
2019-03-31,39.7
2019-04-01,45.5
2019-04-02,58.6
2019-04-03,60.7
2019-04-04,74.0
2019-04-05,80.8
2019-04-06,78.9
2019-04-07,79.4
2019-04-08,80.2
2019-04-09,84.8
2019-04-10,83.9
2019-04-11,21.4
2019-04-12,37.3
2019-04-13,49.4
2019-04-14,76.3
2019-04-15,82.8
2019-04-16,81.9
2019-04-17,63.9
2019-04-18,60.3
2019-04-19,73.6
2019-04-20,86.8
2019-04-21,85.9
2019-04-22,49.4
2019-04-23,41.8
2019-04-24,73.3
2019-04-25,73.8
2019-04-26,74.1
2019-04-27,74.2
2019-04-28,85.5
2019-04-29,65.8
2019-04-30,52.8
2019-05-01,64.5
2019-05-02,50.1
2019-05-03,66.6
2019-05-04,71.1
2019-05-05,83.2
2019-05-06,70.7
2019-05-07,3.7
2019-05-08,17.5
2019-05-09,18.4
2019-05-10,36.3
2019-05-11,68.8
2019-05-12,77.9
2019-05-13,83.9
2019-05-14,88.1
2019-05-15,86.9
2019-05-16,89.5
2019-05-17,87.3
2019-05-18,79.0
2019-05-19,73.8
2019-05-20,44.7
2019-05-21,34.5
2019-05-22,50.0
2019-05-23,14.5
2019-05-24,72.9
2019-05-25,61.9
2019-05-26,43.2
2019-05-27,72.6
2019-05-28,72.2
2019-05-29,45.2
2019-05-30,53.5
2019-05-31,56.5
2019-06-01,43.6
2019-06-02,41.8
2019-06-03,39.3
2019-06-04,48.7
2019-06-05,34.6
2019-06-06,44.8
2019-06-07,41.6
2019-06-08,56.2
2019-06-09,39.2
2019-06-10,50.2
2019-06-11,59.6
2019-06-12,47.8
2019-06-13,48.9
2019-06-14,47.3
2019-06-15,43.3
2019-06-16,39.3
2019-06-17,38.0
2019-06-18,30.1
2019-06-19,45.2
2019-06-20,58.0
2019-06-21,56.1
2019-06-22,41.2
2019-06-23,47.8
2019-06-24,55.9
2019-06-25,62.3
2019-06-26,61.1
2019-06-27,66.7
2019-06-28,71.3
2019-06-29,76.5
2019-06-30,79.3
2019-07-01,66.2
2019-07-02,55.8
2019-07-03,70.4
2019-07-04,79.5
2019-07-05,67.9
2019-07-06,58.4
2019-07-07,51.3
2019-07-08,66.5
2019-07-09,76.6
2019-07-10,59.6
2019-07-11,74.3
2019-07-12,81.3
2019-07-13,79.3
2019-07-14,81.7
2019-07-15,84.8
2019-07-16,84.9
2019-07-17,88.2
2019-07-18,93.3
2019-07-19,97.3
2019-07-20,95.1
2019-07-21,72.6
2019-07-22,61.8
2019-07-23,73.6
2019-07-24,82.8
2019-07-25,85.6
2019-07-26,73.7
2019-07-27,81.7
2019-07-28,80.2
2019-07-29,83.4
2019-07-30,90.7
2019-07-31,89.9
2019-08-01,86.9
2019-08-02,73.8
2019-08-03,77.3
2019-08-04,83.9
2019-08-05,82.6
2019-08-06,83.6
2019-08-07,87.8
2019-08-08,65.7
2019-08-09,69.6
2019-08-10,76.4
2019-08-11,81.4
2019-08-12,78.8
2019-08-13,77.5
2019-08-14,73.9
2019-08-15,84.2
2019-08-16,86.6
2019-08-17,91.7
2019-08-18,82.7
2019-08-19,89.4
2019-08-20,91.0
2019-08-21,81.5
2019-08-22,76.9
2019-08-23,75.5
2019-08-24,72.5
2019-08-25,84.3
2019-08-26,78.4
2019-08-27,62.7
2019-08-28,68.4
2019-08-29,90.0
2019-08-30,71.6
2019-08-31,68.1
2019-09-01,87.6
2019-09-02,93.0
2019-09-03,91.0
2019-09-04,83.2
2019-09-05,93.3
2019-09-06,85.9
2019-09-07,83.8
2019-09-08,67.6
2019-09-09,77.9
2019-09-10,77.2
2019-09-11,75.9
2019-09-12,80.7
2019-09-13,73.4
2019-09-14,82.7
2019-09-15,80.3
2019-09-16,78.8
2019-09-17,84.2
2019-09-18,86.0
2019-09-19,80.3
2019-09-20,75.1
2019-09-21,85.0
2019-09-22,76.6
2019-09-23,86.9
2019-09-24,82.7
2019-09-25,76.9
2019-09-26,73.5
2019-09-27,83.8
2019-09-28,70.0
2019-09-29,80.3
2019-09-30,76.4
2019-10-01,39.1
2019-10-02,53.6
2019-10-03,55.0
2019-10-04,45.5
2019-10-05,76.6
2019-10-06,68.2
2019-10-07,80.2
2019-10-08,83.0
2019-10-09,91.9
2019-10-10,61.3
2019-10-11,78.2
2019-10-12,90.1
2019-10-13,90.6
2019-10-14,93.1
2019-10-15,81.8
2019-10-16,89.8
2019-10-17,95.3
2019-10-18,89.8
2019-10-19,81.1
2019-10-20,83.5
2019-10-21,83.0
2019-10-22,85.4
2019-10-23,75.7
2019-10-24,22.0
2019-10-25,26.4
2019-10-26,55.2
2019-10-27,33.7
2019-10-28,32.2
2019-10-29,16.0
2019-10-30,4.1
2019-10-31,0.0
2019-11-01,36.7
2019-11-02,44.4
2019-11-03,78.7
2019-11-04,66.2
2019-11-05,68.2
2019-11-06,69.1
2019-11-07,47.3
2019-11-08,74.6
2019-11-09,88.6
2019-11-10,79.3
2019-11-11,45.1
2019-11-12,52.6
2019-11-13,78.7
2019-11-14,63.8
2019-11-15,76.9
2019-11-16,81.0
2019-11-17,67.5
2019-11-18,74.9
2019-11-19,80.0
2019-11-20,68.1
2019-11-21,20.9
2019-11-22,3.8
2019-11-23,0.0
2019-11-24,74.3
2019-11-25,68.3
2019-11-26,37.4
2019-11-27,55.9
2019-11-28,37.9
2019-11-29,16.8
2019-11-30,65.2
2019-12-01,65.7
2019-12-02,73.8
2019-12-03,73.6
2019-12-04,65.3
2019-12-05,60.1
2019-12-06,43.6
2019-12-07,67.8
2019-12-08,71.0
2019-12-09,58.2
2019-12-10,67.0
2019-12-11,67.9
2019-12-12,70.1
2019-12-13,72.4
2019-12-14,63.9
2019-12-15,27.0
2019-12-16,4.9
2019-12-17,0.0
2019-12-18,0.0
2019-12-19,46.4
2019-12-20,46.5
2019-12-21,76.0
2019-12-22,83.5
2019-12-23,86.8
2019-12-24,80.5
2019-12-25,74.9
2019-12-26,71.9
2019-12-27,28.0
2019-12-28,4.6
2019-12-29,31.6
2019-12-30,41.1
2019-12-31,32.5
2020-01-01,49.5
2020-01-02,54.2
2020-01-03,63.7
2020-01-04,73.1
2020-01-05,69.3
2020-01-06,73.9
2020-01-07,79.4
2020-01-08,80.0
2020-01-09,74.8
2020-01-10,45.9
2020-01-11,59.8
2020-01-12,70.4
2020-01-13,78.0
2020-01-14,83.6
2020-01-15,75.7
2020-01-16,58.6
2020-01-17,27.2
2020-01-18,64.6
2020-01-19,67.0
2020-01-20,73.5
2020-01-21,41.3
2020-01-22,65.6
2020-01-23,66.8
2020-01-24,75.0
2020-01-25,71.9
2020-01-26,72.3
2020-01-27,61.2
2020-01-28,12.0
2020-01-29,1.4
2020-01-30,39.0
2020-01-31,48.3
2020-02-01,79.9
2020-02-02,91.7
2020-02-03,72.1
2020-02-04,29.3
2020-02-05,39.6
2020-02-06,47.5
2020-02-07,25.5
2020-02-08,24.5
2020-02-09,47.7
2020-02-10,45.7
2020-02-11,25.3
2020-02-12,4.4
2020-02-13,20.7
2020-02-14,36.6
2020-02-15,62.9
2020-02-16,69.7
2020-02-17,64.0
2020-02-18,37.7
2020-02-19,40.7
2020-02-20,3.3
2020-02-21,0.0
2020-02-22,68.7
2020-02-23,49.4
2020-02-24,57.7
2020-02-25,44.8
2020-02-26,8.9
2020-02-27,47.0
2020-02-28,80.0
2020-02-29,88.3
2020-03-01,85.7
2020-03-02,76.3
2020-03-03,79.5
2020-03-04,82.0
2020-03-05,76.3
2020-03-06,82.2
2020-03-07,84.1
2020-03-08,69.1
2020-03-09,72.1
2020-03-10,84.4
2020-03-11,78.6
2020-03-12,77.0
2020-03-13,42.8
2020-03-14,24.6
2020-03-15,21.3
2020-03-16,59.5
2020-03-17,21.6
2020-03-18,74.8
2020-03-19,71.1
2020-03-20,59.1
2020-03-21,63.5
2020-03-22,77.0
2020-03-23,69.6
2020-03-24,81.0
2020-03-25,95.0
2020-03-26,87.8
2020-03-27,76.4
2020-03-28,72.7
2020-03-29,80.0
2020-03-30,74.2
2020-03-31,80.6
2020-04-01,88.4
2020-04-02,71.4
2020-04-03,71.1
2020-04-04,74.7
2020-04-05,87.5
2020-04-06,93.7
2020-04-07,98.2
2020-04-08,95.6
2020-04-09,75.6
2020-04-10,80.8
2020-04-11,92.3
2020-04-12,83.2
2020-04-13,42.7
2020-04-14,3.1
2020-04-15,52.6
2020-04-16,65.0
2020-04-17,50.1
2020-04-18,83.6
2020-04-19,79.8
2020-04-20,75.2
2020-04-21,44.9
2020-04-22,63.4
2020-04-23,84.7
2020-04-24,71.5
2020-04-25,76.2
2020-04-26,89.7
2020-04-27,91.9
2020-04-28,89.0
2020-04-29,90.8
2020-04-30,97.5
2020-05-01,96.9
2020-05-02,80.0
2020-05-03,84.9
2020-05-04,84.3
2020-05-05,81.5
2020-05-06,83.2
2020-05-07,89.6
2020-05-08,78.6
2020-05-09,83.8
2020-05-10,78.2
2020-05-11,54.5
2020-05-12,43.9
2020-05-13,93.3
2020-05-14,82.3
2020-05-15,67.6
2020-05-16,68.3
2020-05-17,74.9
2020-05-18,79.8
2020-05-19,75.7
2020-05-20,75.3
2020-05-21,84.0
2020-05-22,84.6
2020-05-23,94.6
2020-05-24,73.4
2020-05-25,65.2
2020-05-26,84.5
2020-05-27,82.7
2020-05-28,76.5
2020-05-29,86.1
2020-05-30,88.3
2020-05-31,85.5
2020-06-01,89.0
2020-06-02,89.9
2020-06-03,87.9
2020-06-04,95.8
2020-06-05,94.6
2020-06-06,92.1
2020-06-07,95.2
2020-06-08,99.6
2020-06-09,77.8
2020-06-10,87.8
2020-06-11,95.0
2020-06-12,93.7
2020-06-13,98.4
2020-06-14,92.9
2020-06-15,95.6
2020-06-16,91.2
2020-06-17,97.4
2020-06-18,83.5
2020-06-19,52.1
2020-06-20,80.6
2020-06-21,90.6
2020-06-22,82.9
2020-06-23,70.5
2020-06-24,86.4
2020-06-25,91.1
2020-06-26,83.7
2020-06-27,89.9
2020-06-28,99.7
2020-06-29,102.2
2020-06-30,103.6
2020-07-01,92.1
2020-07-02,88.6
2020-07-03,80.5
2020-07-04,75.4
2020-07-05,64.0
2020-07-06,81.9
2020-07-07,82.1
2020-07-08,96.3
2020-07-09,87.0
2020-07-10,81.3
2020-07-11,82.2
2020-07-12,82.9
2020-07-13,86.8
2020-07-14,81.8
2020-07-15,59.3
2020-07-16,78.7
2020-07-17,86.4
2020-07-18,91.0
2020-07-19,76.7
2020-07-20,78.9
2020-07-21,75.7
2020-07-22,84.2
2020-07-23,76.4
2020-07-24,76.7
2020-07-25,77.5
2020-07-26,74.4
2020-07-27,34.8
2020-07-28,64.4
2020-07-29,76.1
2020-07-30,71.3
2020-07-31,77.1
2020-08-01,83.9
2020-08-02,73.7
2020-08-03,68.9
2020-08-04,75.2
2020-08-05,72.5
2020-08-06,73.2
2020-08-07,79.1
2020-08-08,93.0
2020-08-09,87.7
2020-08-10,85.5
2020-08-11,81.9
2020-08-12,79.7
2020-08-13,81.2
2020-08-14,87.5
2020-08-15,73.6
2020-08-16,70.2
2020-08-17,80.6
2020-08-18,86.6
2020-08-19,81.6
2020-08-20,78.8
2020-08-21,79.3
2020-08-22,86.8
2020-08-23,87.0
2020-08-24,88.6
2020-08-25,89.0
2020-08-26,91.9
2020-08-27,93.1
2020-08-28,88.6
2020-08-29,43.7
2020-08-30,84.5
2020-08-31,75.1
2020-09-01,65.0
2020-09-02,81.6
2020-09-03,81.0
2020-09-04,84.2
2020-09-05,87.5
2020-09-06,97.7
2020-09-07,91.6
2020-09-08,63.1
2020-09-09,2.2
2020-09-10,16.8
2020-09-11,45.5
2020-09-12,82.4
2020-09-13,84.6
2020-09-14,78.7
2020-09-15,81.5
2020-09-16,79.2
2020-09-17,76.8
2020-09-18,81.6
2020-09-19,82.2
2020-09-20,80.1
2020-09-21,79.4
2020-09-22,78.3
2020-09-23,77.0
2020-09-24,87.6
2020-09-25,92.5
2020-09-26,95.0
2020-09-27,74.2
2020-09-28,75.7
2020-09-29,86.9
2020-09-30,87.6
2020-10-01,76.9
2020-10-02,86.9
2020-10-03,75.7
2020-10-04,84.1
2020-10-05,91.0
2020-10-06,90.4
2020-10-07,95.8
2020-10-08,96.2
2020-10-09,98.5
2020-10-10,96.8
2020-10-11,97.4
2020-10-12,89.9
2020-10-13,92.5
2020-10-14,100.3
2020-10-15,70.8
2020-10-16,77.8
2020-10-17,91.3
2020-10-18,63.7
2020-10-19,61.3
2020-10-20,85.4
2020-10-21,70.6
2020-10-22,82.3
2020-10-23,50.3
2020-10-24,81.0
2020-10-25,32.4
2020-10-26,4.3
2020-10-27,0.0
2020-10-28,0.0
2020-10-29,20.2
2020-10-30,65.0
2020-10-31,80.3
2020-11-01,76.0
2020-11-02,83.1
2020-11-03,84.6
2020-11-04,87.7
2020-11-05,86.1
2020-11-06,88.0
2020-11-07,79.5
2020-11-08,72.6
2020-11-09,75.5
2020-11-10,75.0
2020-11-11,66.7
2020-11-12,71.3
2020-11-13,75.6
2020-11-14,83.4
2020-11-15,82.8
2020-11-16,84.0
2020-11-17,86.3
2020-11-18,89.7
2020-11-19,88.9
2020-11-20,70.6
2020-11-21,56.0
2020-11-22,58.6
2020-11-23,46.1
2020-11-24,25.9
2020-11-25,25.2
2020-11-26,63.0
2020-11-27,58.1
2020-11-28,42.5
2020-11-29,57.1
2020-11-30,71.4
2020-12-01,71.5
2020-12-02,29.7
2020-12-03,2.9
2020-12-04,22.0
2020-12-05,64.7
2020-12-06,72.4
2020-12-07,79.0
2020-12-08,86.3
2020-12-09,87.0
2020-12-10,72.6
2020-12-11,18.6
2020-12-12,13.7
2020-12-13,2.6
2020-12-14,2.1
2020-12-15,0.0
2020-12-16,0.0
2020-12-17,0.0
2020-12-18,0.0
2020-12-19,0.0
2020-12-20,41.6
2020-12-21,64.5
2020-12-22,74.0
2020-12-23,63.9
2020-12-24,73.5
2020-12-25,78.9
2020-12-26,83.1
2020-12-27,68.2
2020-12-28,43.2
2020-12-29,53.0
2020-12-30,63.5
2020-12-31,67.2
2021-01-01,58.3
2021-01-02,70.0
2021-01-03,75.4
2021-01-04,73.1
2021-01-05,79.3
2021-01-06,42.7
2021-01-07,61.7
2021-01-08,58.0
2021-01-09,31.8
2021-01-10,0.1
2021-01-11,0.0
2021-01-12,20.6
2021-01-13,24.8
2021-01-14,64.5
2021-01-15,70.6
2021-01-16,62.7
2021-01-17,65.3
2021-01-18,62.3
2021-01-19,52.5
2021-01-20,70.4
2021-01-21,72.7
2021-01-22,63.4
2021-01-23,69.8
2021-01-24,45.2
2021-01-25,16.1
2021-01-26,2.1
2021-01-27,0.0
2021-01-28,24.0
2021-01-29,76.7
2021-01-30,68.0
2021-01-31,66.6
2021-02-01,74.2
2021-02-02,81.0
2021-02-03,82.1
2021-02-04,61.9
2021-02-05,59.3
2021-02-06,43.8
2021-02-07,66.4
2021-02-08,46.1
2021-02-09,33.6
2021-02-10,32.9
2021-02-11,48.2
2021-02-12,28.6
2021-02-13,23.3
2021-02-14,8.5
2021-02-15,0.0
2021-02-16,0.0
2021-02-17,0.0
2021-02-18,0.0
2021-02-19,16.6
2021-02-20,21.9
2021-02-21,58.7
2021-02-22,78.0
2021-02-23,85.4
2021-02-24,72.0
2021-02-25,68.8
2021-02-26,81.0
2021-02-27,90.5
2021-02-28,72.7
2021-03-01,80.1
2021-03-02,92.6
2021-03-03,90.9
2021-03-04,80.6
2021-03-05,60.4
2021-03-06,77.8
2021-03-07,86.1
2021-03-08,83.4
2021-03-09,87.4
2021-03-10,87.2
2021-03-11,72.2
2021-03-12,41.5
2021-03-13,17.1
2021-03-14,31.3
2021-03-15,39.5
2021-03-16,43.8
2021-03-17,31.3
2021-03-18,44.7
2021-03-19,69.0
2021-03-20,82.6
2021-03-21,75.7
2021-03-22,32.7
2021-03-23,21.6
2021-03-24,15.2
2021-03-25,37.9
2021-03-26,76.4
2021-03-27,69.8
2021-03-28,82.7
2021-03-29,96.3
2021-03-30,76.0
2021-03-31,80.2
2021-04-01,88.0
2021-04-02,91.5
2021-04-03,92.1
2021-04-04,90.8
2021-04-05,93.8
2021-04-06,95.4
2021-04-07,71.8
2021-04-08,89.2
2021-04-09,79.7
2021-04-10,89.9
2021-04-11,94.6
2021-04-12,75.5
2021-04-13,76.8
2021-04-14,70.4
2021-04-15,54.9
2021-04-16,38.5
2021-04-17,38.9
2021-04-18,51.3
2021-04-19,74.5
2021-04-20,45.8
2021-04-21,49.4
2021-04-22,79.2
2021-04-23,64.4
2021-04-24,80.1
2021-04-25,96.6
2021-04-26,101.5
2021-04-27,91.3
2021-04-28,58.4
2021-04-29,80.4
2021-04-30,88.7
2021-05-01,92.6
2021-05-02,88.9
2021-05-03,35.3
2021-05-04,65.3
2021-05-05,75.3
2021-05-06,82.0
2021-05-07,78.5
2021-05-08,94.4
2021-05-09,60.9
2021-05-10,24.3
2021-05-11,1.6
2021-05-12,47.9
2021-05-13,74.0
2021-05-14,79.9
2021-05-15,68.2
2021-05-16,62.8
2021-05-17,56.6
2021-05-18,42.5
2021-05-19,60.1
2021-05-20,68.2
2021-05-21,68.0
2021-05-22,51.3
2021-05-23,53.2
2021-05-24,61.8
2021-05-25,53.5
2021-05-26,60.0
2021-05-27,59.8
2021-05-28,47.8
2021-05-29,40.3
2021-05-30,6.7
2021-05-31,10.3
2021-06-01,28.8
2021-06-02,36.2
2021-06-03,39.6
2021-06-04,39.6
2021-06-05,39.3
2021-06-06,36.4
2021-06-07,39.9
2021-06-08,44.8
2021-06-09,40.8
2021-06-10,51.9
2021-06-11,56.3
2021-06-12,33.3
2021-06-13,50.4
2021-06-14,50.3
2021-06-15,61.7
2021-06-16,70.8
2021-06-17,76.8
2021-06-18,80.2
2021-06-19,76.3
2021-06-20,77.2
2021-06-21,53.3
2021-06-22,76.1
2021-06-23,91.9
2021-06-24,87.2
2021-06-25,65.3
2021-06-26,57.7
2021-06-27,56.3
2021-06-28,62.4
2021-06-29,46.4
2021-06-30,45.2
2021-07-01,52.1
2021-07-02,52.6
2021-07-03,65.0
2021-07-04,65.6
2021-07-05,62.4
2021-07-06,56.7
2021-07-07,60.7
2021-07-08,76.4
2021-07-09,81.9
2021-07-10,67.8
2021-07-11,68.4
2021-07-12,77.6
2021-07-13,79.7
2021-07-14,73.4
2021-07-15,63.0
2021-07-16,68.5
2021-07-17,60.9
2021-07-18,59.9
2021-07-19,59.2
2021-07-20,64.0
2021-07-21,65.1
2021-07-22,70.6
2021-07-23,71.9
2021-07-24,68.6
2021-07-25,71.5
2021-07-26,66.8
2021-07-27,72.7
2021-07-28,82.6
2021-07-29,81.7
2021-07-30,86.7
2021-07-31,76.0
2021-08-01,53.0
2021-08-02,74.5
2021-08-03,77.4
2021-08-04,55.6
2021-08-05,81.0
2021-08-06,90.0
2021-08-07,88.1
2021-08-08,87.0
2021-08-09,93.5
2021-08-10,89.2
2021-08-11,90.8
2021-08-12,84.1
2021-08-13,66.4
2021-08-14,80.5
2021-08-15,85.3
2021-08-16,76.5
2021-08-17,81.2
2021-08-18,78.0
2021-08-19,87.0
2021-08-20,88.6
2021-08-21,75.6
2021-08-22,86.9
2021-08-23,92.4
2021-08-24,98.3
2021-08-25,91.9
2021-08-26,89.7
2021-08-27,85.7
2021-08-28,88.0
2021-08-29,68.5
2021-08-30,82.5
2021-08-31,92.0
2021-09-01,82.4
2021-09-02,76.3
2021-09-03,64.7
2021-09-04,64.6
2021-09-05,75.5
2021-09-06,84.9
2021-09-07,90.5
2021-09-08,85.2
2021-09-09,92.5
2021-09-10,98.3
2021-09-11,101.0
2021-09-12,91.2
2021-09-13,93.4
2021-09-14,77.4
2021-09-15,77.2
2021-09-16,85.4
2021-09-17,65.9
2021-09-18,79.6
2021-09-19,88.1
2021-09-20,80.7
2021-09-21,78.0
2021-09-22,86.3
2021-09-23,90.4
2021-09-24,85.0
2021-09-25,86.3
2021-09-26,91.6
2021-09-27,86.6
2021-09-28,82.0
2021-09-29,78.5
2021-09-30,49.2
2021-10-01,34.9
2021-10-02,57.8
2021-10-03,77.8
2021-10-04,87.2
2021-10-05,80.4
2021-10-06,80.6
2021-10-07,84.7
2021-10-08,89.4
2021-10-09,89.7
2021-10-10,71.6
2021-10-11,75.5
2021-10-12,73.0
2021-10-13,81.2
2021-10-14,63.1
2021-10-15,65.7
2021-10-16,81.1
2021-10-17,85.4
2021-10-18,86.0
2021-10-19,86.3
2021-10-20,74.7
2021-10-21,79.0
2021-10-22,86.6
2021-10-23,90.1
2021-10-24,78.9
2021-10-25,85.8
2021-10-26,86.3
2021-10-27,72.5
2021-10-28,73.6
2021-10-29,78.9
2021-10-30,84.8
2021-10-31,55.0
2021-11-01,55.6
2021-11-02,32.4
2021-11-03,57.5
2021-11-04,72.5
2021-11-05,79.2
2021-11-06,88.2
2021-11-07,94.6
2021-11-08,82.5
2021-11-09,60.4
2021-11-10,73.0
2021-11-11,73.3
2021-11-12,70.2
2021-11-13,81.8
2021-11-14,76.0
2021-11-15,89.5
2021-11-16,86.8
2021-11-17,77.9
2021-11-18,76.6
2021-11-19,86.8
2021-11-20,80.1
2021-11-21,66.5
2021-11-22,85.0
2021-11-23,91.5
2021-11-24,77.0
2021-11-25,48.3
2021-11-26,84.7
2021-11-27,76.2
2021-11-28,78.9
2021-11-29,86.1
2021-11-30,72.4
2021-12-01,83.7
2021-12-02,89.5
2021-12-03,74.2
2021-12-04,66.1
2021-12-05,86.4
2021-12-06,66.8
2021-12-07,75.0
2021-12-08,77.3
2021-12-09,79.8
2021-12-10,65.3
2021-12-11,32.3
2021-12-12,83.8
2021-12-13,83.6
2021-12-14,85.6
2021-12-15,74.6
2021-12-16,72.5
2021-12-17,69.4
2021-12-18,68.9
2021-12-19,83.5
2021-12-20,86.2
2021-12-21,88.2
2021-12-22,91.2
2021-12-23,85.7
2021-12-24,76.6
2021-12-25,77.2
2021-12-26,82.8
2021-12-27,75.1
2021-12-28,76.2
2021-12-29,74.4
2021-12-30,78.0
2021-12-31,76.1
2022-01-01,38.5
2022-01-02,21.2
2022-01-03,0.0
2022-01-04,73.7
2022-01-05,62.7
2022-01-06,48.8
2022-01-07,73.2
2022-01-08,73.5
2022-01-09,44.3
2022-01-10,49.8
2022-01-11,78.3
2022-01-12,80.5
2022-01-13,78.8
2022-01-14,69.9
2022-01-15,63.5
2022-01-16,82.5
2022-01-17,82.8
2022-01-18,84.9
2022-01-19,61.0
2022-01-20,44.7
2022-01-21,33.4
2022-01-22,17.9
2022-01-23,43.3
2022-01-24,67.5
2022-01-25,47.3
2022-01-26,41.5
2022-01-27,45.1
2022-01-28,48.4
2022-01-29,81.7
2022-01-30,79.7
2022-01-31,85.9
2022-02-01,69.9
2022-02-02,47.1
2022-02-03,17.7
2022-02-04,0.0
2022-02-05,20.0
2022-02-06,32.3
2022-02-07,47.7
2022-02-08,49.5
2022-02-09,73.8
2022-02-10,73.9
2022-02-11,65.7
2022-02-12,4.7
2022-02-13,23.8
2022-02-14,74.5
2022-02-15,86.6
2022-02-16,77.7
2022-02-17,42.0
2022-02-18,21.9
2022-02-19,73.7
2022-02-20,86.4
2022-02-21,90.6
2022-02-22,63.1
2022-02-23,64.1
2022-02-24,68.4
2022-02-25,68.9
2022-02-26,75.6
2022-02-27,90.4
2022-02-28,92.5
2022-03-01,97.6
2022-03-02,98.5
2022-03-03,100.4
2022-03-04,87.6
2022-03-05,79.9
2022-03-06,49.9
2022-03-07,45.6
2022-03-08,41.9
2022-03-09,42.9
2022-03-10,25.6
2022-03-11,25.0
2022-03-12,42.1
2022-03-13,83.4
2022-03-14,76.5
2022-03-15,85.3
2022-03-16,84.1
2022-03-17,46.8
2022-03-18,0.7
2022-03-19,52.4
2022-03-20,84.8
2022-03-21,71.0
2022-03-22,0.8
2022-03-23,42.4
2022-03-24,77.3
2022-03-25,69.3
2022-03-26,89.0
2022-03-27,77.5
2022-03-28,91.9
2022-03-29,88.9
2022-03-30,62.0
2022-03-31,78.9
2022-04-01,70.1
2022-04-02,84.8
2022-04-03,80.6
2022-04-04,81.0
2022-04-05,87.9
2022-04-06,86.3
2022-04-07,85.0
2022-04-08,89.1
2022-04-09,99.8
2022-04-10,92.2
2022-04-11,87.6
2022-04-12,93.4
2022-04-13,82.9
2022-04-14,91.5
2022-04-15,95.3
2022-04-16,77.9
2022-04-17,87.2
2022-04-18,71.7
2022-04-19,85.6
2022-04-20,89.8
2022-04-21,88.0
2022-04-22,92.1
2022-04-23,92.1
2022-04-24,77.8
2022-04-25,69.9
2022-04-26,85.5
2022-04-27,85.4
2022-04-28,89.1
2022-04-29,98.7
2022-04-30,89.8
2022-05-01,83.9
2022-05-02,61.2
2022-05-03,71.7
2022-05-04,48.4
2022-05-05,66.8
2022-05-06,93.3
2022-05-07,98.2
2022-05-08,93.4
2022-05-09,103.4
2022-05-10,96.8
2022-05-11,90.5
2022-05-12,101.0
2022-05-13,93.2
2022-05-14,98.5
2022-05-15,90.5
2022-05-16,81.2
2022-05-17,93.8
2022-05-18,85.1
2022-05-19,95.3
2022-05-20,85.4
2022-05-21,39.3
2022-05-22,52.8
2022-05-23,61.7
2022-05-24,9.8
2022-05-25,70.0
2022-05-26,87.6
2022-05-27,97.0
2022-05-28,100.9
2022-05-29,101.8
2022-05-30,95.8
2022-05-31,82.1
2022-06-01,50.5
2022-06-02,55.0
2022-06-03,63.0
2022-06-04,86.0
2022-06-05,78.5
2022-06-06,74.9
2022-06-07,63.8
2022-06-08,61.3
2022-06-09,67.8
2022-06-10,79.8
2022-06-11,87.5
2022-06-12,92.7
2022-06-13,99.4
2022-06-14,97.0
2022-06-15,86.8
2022-06-16,87.3
2022-06-17,91.6
2022-06-18,85.4
2022-06-19,83.6
2022-06-20,81.3
2022-06-21,70.3
2022-06-22,56.9
2022-06-23,83.8
2022-06-24,93.5
2022-06-25,68.3
2022-06-26,39.4
2022-06-27,41.0
2022-06-28,78.2
2022-06-29,87.1
2022-06-30,89.7
2022-07-01,74.5
2022-07-02,68.2
2022-07-03,77.1
2022-07-04,87.3
2022-07-05,87.9
2022-07-06,73.3
2022-07-07,79.9
2022-07-08,72.7
2022-07-09,84.3
2022-07-10,95.0
2022-07-11,82.9
2022-07-12,69.9
2022-07-13,89.1
2022-07-14,94.7
2022-07-15,95.5
2022-07-16,92.6
2022-07-17,89.5
2022-07-18,92.1
2022-07-19,94.8
2022-07-20,87.2
2022-07-21,83.3
2022-07-22,89.6
2022-07-23,93.5
2022-07-24,80.6
2022-07-25,73.6
2022-07-26,76.4
2022-07-27,70.3
2022-07-28,50.0
2022-07-29,22.4
2022-07-30,61.2
2022-07-31,73.2
2022-08-01,81.2
2022-08-02,85.0
2022-08-03,84.8
2022-08-04,77.6
2022-08-05,83.7
2022-08-06,85.5
2022-08-07,85.8
2022-08-08,62.9
2022-08-09,79.9
2022-08-10,78.7
2022-08-11,87.9
2022-08-12,90.8
2022-08-13,92.9
2022-08-14,93.8
2022-08-15,90.2
2022-08-16,66.6
2022-08-17,46.5
2022-08-18,74.7
2022-08-19,83.2
2022-08-20,49.9
2022-08-21,55.3
2022-08-22,70.2
2022-08-23,78.2
2022-08-24,78.8
2022-08-25,80.4
2022-08-26,75.3
2022-08-27,79.0
2022-08-28,90.9
2022-08-29,86.4
2022-08-30,74.0
2022-08-31,79.3
2022-09-01,82.4
2022-09-02,88.7
2022-09-03,81.6
2022-09-04,87.5
2022-09-05,87.8
2022-09-06,92.7
2022-09-07,96.7
2022-09-08,95.6
2022-09-09,80.4
2022-09-10,38.3
2022-09-11,62.9
2022-09-12,83.0
2022-09-13,85.9
2022-09-14,73.9
2022-09-15,78.8
2022-09-16,86.1
2022-09-17,94.0
2022-09-18,94.7
2022-09-19,84.5
2022-09-20,91.6
2022-09-21,66.1
2022-09-22,28.7
2022-09-23,82.5
2022-09-24,83.2
2022-09-25,81.9
2022-09-26,86.8
2022-09-27,89.9
2022-09-28,78.7
2022-09-29,90.1
2022-09-30,91.8
2022-10-01,84.8
2022-10-02,80.2
2022-10-03,81.2
2022-10-04,56.8
2022-10-05,47.2
2022-10-06,69.6
2022-10-07,44.8
2022-10-08,56.7
2022-10-09,77.1
2022-10-10,79.2
2022-10-11,87.4
2022-10-12,84.0
2022-10-13,79.1
2022-10-14,91.1
2022-10-15,85.2
2022-10-16,60.0
2022-10-17,69.4
2022-10-18,75.8
2022-10-19,90.2
2022-10-20,93.3
2022-10-21,95.8
2022-10-22,95.2
2022-10-23,84.5
2022-10-24,72.7
2022-10-25,80.0
2022-10-26,78.1
2022-10-27,63.1
2022-10-28,64.2
2022-10-29,75.2
2022-10-30,75.3
2022-10-31,82.1
2022-11-01,84.5
2022-11-02,85.8
2022-11-03,79.4
2022-11-04,46.7
2022-11-05,54.1
2022-11-06,71.1
2022-11-07,63.2
2022-11-08,59.4
2022-11-09,69.6
2022-11-10,72.9
2022-11-11,61.8
2022-11-12,72.7
2022-11-13,78.2
2022-11-14,54.7
2022-11-15,24.7
2022-11-16,22.6
2022-11-17,38.9
2022-11-18,22.2
2022-11-19,25.9
2022-11-20,26.2
2022-11-21,75.2
2022-11-22,78.5
2022-11-23,82.2
2022-11-24,60.2
2022-11-25,70.1
2022-11-26,71.3
2022-11-27,49.6
2022-11-28,75.5
2022-11-29,73.1
2022-11-30,45.6
2022-12-01,49.3
2022-12-02,80.3
2022-12-03,71.1
2022-12-04,72.6
2022-12-05,77.6
2022-12-06,69.3
2022-12-07,67.7
2022-12-08,76.9
2022-12-09,67.9
2022-12-10,74.0
2022-12-11,84.4
2022-12-12,66.8
2022-12-13,58.4
2022-12-14,41.4
2022-12-15,57.6
2022-12-16,45.9
2022-12-17,68.4
2022-12-18,71.4
2022-12-19,73.2
2022-12-20,71.8
2022-12-21,75.5
2022-12-22,55.4
2022-12-23,62.8
2022-12-24,68.4
2022-12-25,73.8
2022-12-26,59.5
2022-12-27,80.7
2022-12-28,70.8
2022-12-29,61.1
2022-12-30,46.9
2022-12-31,75.8
2023-01-01,61.6
2023-01-02,15.2
2023-01-03,0.4
2023-01-04,18.3
2023-01-05,38.0
2023-01-06,74.5
2023-01-07,60.6
2023-01-08,74.2
2023-01-09,80.9
2023-01-10,81.1
2023-01-11,74.4
2023-01-12,57.8
2023-01-13,74.9
2023-01-14,82.7
2023-01-15,77.4
2023-01-16,77.6
2023-01-17,65.8
2023-01-18,32.5
2023-01-19,45.5
2023-01-20,56.6
2023-01-21,14.4
2023-01-22,2.3
2023-01-23,0.0
2023-01-24,0.0
2023-01-25,13.0
2023-01-26,22.6
2023-01-27,47.6
2023-01-28,60.7
2023-01-29,33.1
2023-01-30,38.1
2023-01-31,48.1
2023-02-01,65.2
2023-02-02,69.8
2023-02-03,81.5
2023-02-04,83.4
2023-02-05,81.2
2023-02-06,76.6
2023-02-07,65.3
2023-02-08,70.9
2023-02-09,46.3
2023-02-10,49.2
2023-02-11,53.5
2023-02-12,77.2
2023-02-13,73.9
2023-02-14,63.5
2023-02-15,37.0
2023-02-16,9.7
2023-02-17,0.0
2023-02-18,21.0
2023-02-19,71.4
2023-02-20,81.3
2023-02-21,81.7
2023-02-22,48.6
2023-02-23,26.8
2023-02-24,42.3
2023-02-25,80.0
2023-02-26,78.7
2023-02-27,82.0
2023-02-28,84.1
2023-03-01,77.8
2023-03-02,67.4
2023-03-03,74.1
2023-03-04,63.3
2023-03-05,89.4
2023-03-06,80.0
2023-03-07,43.8
2023-03-08,51.4
2023-03-09,61.7
2023-03-10,71.1
2023-03-11,73.1
2023-03-12,65.1
2023-03-13,64.5
2023-03-14,76.2
2023-03-15,81.9
2023-03-16,65.3
2023-03-17,44.0
2023-03-18,50.0
2023-03-19,55.2
2023-03-20,79.8
2023-03-21,81.4
2023-03-22,85.3
2023-03-23,71.0
2023-03-24,62.2
2023-03-25,74.9
2023-03-26,72.9
2023-03-27,71.6
2023-03-28,79.7
2023-03-29,88.4
2023-03-30,93.4
2023-03-31,90.2
2023-04-01,90.4
2023-04-02,100.7
2023-04-03,95.5
2023-04-04,94.7
2023-04-05,54.3
2023-04-06,55.3
2023-04-07,86.5
2023-04-08,92.8
2023-04-09,87.1
2023-04-10,92.8
2023-04-11,97.3
2023-04-12,96.6
2023-04-13,90.3
2023-04-14,90.4
2023-04-15,63.6
2023-04-16,83.8
2023-04-17,95.1
2023-04-18,99.2
2023-04-19,98.6
2023-04-20,80.1
2023-04-21,87.2
2023-04-22,76.0
2023-04-23,51.3
2023-04-24,66.0
2023-04-25,40.8
2023-04-26,0.0
2023-04-27,49.8
2023-04-28,56.6
2023-04-29,79.9
2023-04-30,76.0
2023-05-01,84.3
2023-05-02,72.7
2023-05-03,75.9
2023-05-04,80.7
2023-05-05,93.1
2023-05-06,98.1
2023-05-07,98.0
2023-05-08,82.6
2023-05-09,98.3
2023-05-10,76.1
2023-05-11,61.9
2023-05-12,69.5
2023-05-13,52.3
2023-05-14,7.8
2023-05-15,37.7
2023-05-16,64.1
2023-05-17,58.1
2023-05-18,40.0
2023-05-19,11.3
2023-05-20,41.9
2023-05-21,45.0
2023-05-22,33.5
2023-05-23,22.5
2023-05-24,22.6
2023-05-25,24.3
2023-05-26,22.5
2023-05-27,25.9
2023-05-28,39.6
2023-05-29,38.6
2023-05-30,37.6
2023-05-31,27.8
2023-06-01,30.4
2023-06-02,28.3
2023-06-03,19.7
2023-06-04,10.9
2023-06-05,19.6
2023-06-06,27.2
2023-06-07,25.7
2023-06-08,30.0
2023-06-09,28.9
2023-06-10,31.0
2023-06-11,22.1
2023-06-12,12.5
2023-06-13,15.2
2023-06-14,31.2
2023-06-15,26.8
2023-06-16,29.1
2023-06-17,18.3
2023-06-18,37.4
2023-06-19,45.8
2023-06-20,46.3
2023-06-21,35.6
2023-06-22,13.2
2023-06-23,35.8
2023-06-24,48.6
2023-06-25,40.6
2023-06-26,42.7
2023-06-27,43.9
2023-06-28,56.3
2023-06-29,47.0
2023-06-30,33.6
2023-07-01,52.0
2023-07-02,45.2
2023-07-03,58.6
2023-07-04,61.9
2023-07-05,32.5
2023-07-06,37.2
2023-07-07,33.5
2023-07-08,39.2
2023-07-09,34.8
2023-07-10,48.8
2023-07-11,60.2
2023-07-12,66.5
2023-07-13,41.9
2023-07-14,55.2
2023-07-15,56.1
2023-07-16,69.2
2023-07-17,76.5
2023-07-18,75.5
2023-07-19,56.2
2023-07-20,52.9
2023-07-21,39.7
2023-07-22,63.9
2023-07-23,73.2
2023-07-24,77.5
2023-07-25,79.2
2023-07-26,77.5
2023-07-27,71.3
2023-07-28,79.9
2023-07-29,73.1
2023-07-30,81.9
2023-07-31,86.7
2023-08-01,75.6
2023-08-02,75.4
2023-08-03,74.0
2023-08-04,78.0
2023-08-05,72.5
2023-08-06,64.0
2023-08-07,74.3
2023-08-08,74.0
2023-08-09,73.2
2023-08-10,86.5
2023-08-11,83.2
2023-08-12,67.8
2023-08-13,60.3
2023-08-14,72.8
2023-08-15,79.1
2023-08-16,87.5
2023-08-17,78.1
2023-08-18,90.5
2023-08-19,97.5
2023-08-20,94.2
2023-08-21,90.2
2023-08-22,88.3
2023-08-23,86.6
2023-08-24,83.4
2023-08-25,80.5
2023-08-26,50.5
2023-08-27,71.3
2023-08-28,76.5
2023-08-29,72.9
2023-08-30,86.2
2023-08-31,91.2
2023-09-01,95.4
2023-09-02,97.1
2023-09-03,94.7
2023-09-04,99.1
2023-09-05,86.3
2023-09-06,84.0
2023-09-07,95.4
2023-09-08,91.2
2023-09-09,83.9
2023-09-10,77.2
2023-09-11,2.3
2023-09-12,47.5
2023-09-13,43.1
2023-09-14,55.7
2023-09-15,35.5
2023-09-16,68.1
2023-09-17,82.8
2023-09-18,84.3
2023-09-19,83.3
2023-09-20,83.7
2023-09-21,85.0
2023-09-22,87.1
2023-09-23,79.7
2023-09-24,78.7
2023-09-25,83.6
2023-09-26,81.5
2023-09-27,82.2
2023-09-28,88.7
2023-09-29,91.3
2023-09-30,82.4
2023-10-01,61.8
2023-10-02,57.3
2023-10-03,72.0
2023-10-04,64.7
2023-10-05,66.8
2023-10-06,54.3
2023-10-07,65.6
2023-10-08,73.9
2023-10-09,72.4
2023-10-10,79.6
2023-10-11,85.5
2023-10-12,82.9
2023-10-13,68.9
2023-10-14,64.8
2023-10-15,73.5
2023-10-16,79.7
2023-10-17,87.7
2023-10-18,78.9
2023-10-19,86.6
2023-10-20,91.2
2023-10-21,89.4
2023-10-22,82.4
2023-10-23,83.1
2023-10-24,73.1
2023-10-25,62.8
2023-10-26,86.1
2023-10-27,68.0
2023-10-28,47.6
2023-10-29,43.1
2023-10-30,50.9
2023-10-31,71.9
2023-11-01,85.2
2023-11-02,88.4
2023-11-03,88.0
2023-11-04,75.9
2023-11-05,84.8
2023-11-06,86.5
2023-11-07,94.5
2023-11-08,84.1
2023-11-09,62.2
2023-11-10,70.2
2023-11-11,73.6
2023-11-12,82.6
2023-11-13,80.1
2023-11-14,82.0
2023-11-15,80.6
2023-11-16,80.5
2023-11-17,74.7
2023-11-18,71.4
2023-11-19,70.1
2023-11-20,45.9
2023-11-21,65.8
2023-11-22,81.4
2023-11-23,67.1
2023-11-24,40.4
2023-11-25,28.0
2023-11-26,42.8
2023-11-27,43.2
2023-11-28,79.1
2023-11-29,81.9
2023-11-30,68.8
2023-12-01,59.4
2023-12-02,68.5
2023-12-03,70.8
2023-12-04,80.2
2023-12-05,74.7
2023-12-06,85.5
2023-12-07,89.1
2023-12-08,74.8
2023-12-09,48.3
2023-12-10,56.4
2023-12-11,70.2
2023-12-12,58.7
2023-12-13,32.6
2023-12-14,0.4
2023-12-15,0.0
2023-12-16,0.0
2023-12-17,45.0
2023-12-18,65.9
2023-12-19,75.6
2023-12-20,70.3
2023-12-21,61.6
2023-12-22,66.7
2023-12-23,44.0
2023-12-24,32.2
2023-12-25,47.4
2023-12-26,28.6
2023-12-27,16.9
2023-12-28,53.2
2023-12-29,71.9
2023-12-30,77.8
2023-12-31,53.3
2024-01-01,62.0
2024-01-02,55.6
2024-01-03,63.8
2024-01-04,24.7
2024-01-05,0.3
2024-01-06,0.0
2024-01-07,0.0
2024-01-08,0.0
2024-01-09,0.0
2024-01-10,0.0
2024-01-11,0.0
2024-01-12,0.0
2024-01-13,0.0
2024-01-14,0.0
2024-01-15,0.0
2024-01-16,0.0
2024-01-17,39.2
2024-01-18,40.9
2024-01-19,35.1
2024-01-20,35.8
2024-01-21,40.1
2024-01-22,56.8
2024-01-23,36.2
2024-01-24,33.7
2024-01-25,50.0
2024-01-26,3.9
2024-01-27,54.8
2024-01-28,68.7
2024-01-29,69.3
2024-01-30,71.1
2024-01-31,73.1
2024-02-01,75.1
2024-02-02,48.9
2024-02-03,24.3
2024-02-04,4.9
2024-02-05,58.8
2024-02-06,70.8
2024-02-07,57.8
2024-02-08,78.8
2024-02-09,59.7
2024-02-10,6.7
2024-02-11,0.0
2024-02-12,0.0
2024-02-13,21.1
2024-02-14,72.6
2024-02-15,64.5
2024-02-16,40.9
2024-02-17,26.2
2024-02-18,6.2
2024-02-19,73.9
2024-02-20,85.0
2024-02-21,87.9
2024-02-22,69.6
2024-02-23,74.5
2024-02-24,87.6
2024-02-25,91.7
2024-02-26,89.5
2024-02-27,75.9
2024-02-28,51.3
2024-02-29,69.3
2024-03-01,87.0
2024-03-02,93.9
2024-03-03,88.7
2024-03-04,77.6
2024-03-05,64.2
2024-03-06,75.7
2024-03-07,58.7
2024-03-08,16.9
2024-03-09,68.1
2024-03-10,84.8
2024-03-11,89.4
2024-03-12,87.4
2024-03-13,79.6
2024-03-14,23.6
2024-03-15,28.8
2024-03-16,36.9
2024-03-17,63.5
2024-03-18,73.5
2024-03-19,82.2
2024-03-20,82.1
2024-03-21,77.1
2024-03-22,72.7
2024-03-23,67.9
2024-03-24,72.2
2024-03-25,19.3
2024-03-26,5.2
2024-03-27,39.2
2024-03-28,81.0
2024-03-29,88.4
2024-03-30,76.1
2024-03-31,91.8
2024-04-01,75.1
2024-04-02,70.3
2024-04-03,80.2
2024-04-04,90.6
2024-04-05,93.9
2024-04-06,87.0
2024-04-07,91.9
2024-04-08,77.0
2024-04-09,70.4
2024-04-10,76.3
2024-04-11,76.9
2024-04-12,89.1
2024-04-13,95.7
2024-04-14,96.0
2024-04-15,99.6
2024-04-16,87.8
2024-04-17,89.6
2024-04-18,66.3
2024-04-19,69.2
2024-04-20,64.1
2024-04-21,68.8
2024-04-22,91.1
2024-04-23,82.0
2024-04-24,68.1
2024-04-25,82.8
2024-04-26,86.6
2024-04-27,64.1
2024-04-28,68.6
2024-04-29,82.8
2024-04-30,92.2
2024-05-01,91.1
2024-05-02,77.1
2024-05-03,70.4
2024-05-04,64.5
2024-05-05,70.5
2024-05-06,88.9
2024-05-07,96.7
2024-05-08,87.2
2024-05-09,77.8
2024-05-10,65.4
2024-05-11,47.4
2024-05-12,62.2
2024-05-13,77.6
2024-05-14,87.7
2024-05-15,67.4
2024-05-16,67.2
2024-05-17,85.4
2024-05-18,88.4
2024-05-19,87.1
2024-05-20,82.8
2024-05-21,79.6
2024-05-22,79.1
2024-05-23,93.8
2024-05-24,84.1
2024-05-25,93.8
2024-05-26,87.2
2024-05-27,88.3
2024-05-28,69.3
2024-05-29,66.8
2024-05-30,62.3
2024-05-31,66.5
2024-06-01,70.8
2024-06-02,73.6
2024-06-03,77.8
2024-06-04,74.2
2024-06-05,82.7
2024-06-06,74.3
2024-06-07,78.0
2024-06-08,80.1
2024-06-09,59.4
2024-06-10,54.9
2024-06-11,70.9
2024-06-12,85.3
2024-06-13,90.9
2024-06-14,61.0
2024-06-15,80.7
2024-06-16,85.4
2024-06-17,89.2
2024-06-18,83.0
2024-06-19,39.3
2024-06-20,64.9
2024-06-21,62.4
2024-06-22,73.4
2024-06-23,74.6
2024-06-24,84.7
2024-06-25,89.6
2024-06-26,77.2
2024-06-27,67.6
2024-06-28,85.2
2024-06-29,68.1
2024-06-30,59.2
2024-07-01,76.8
2024-07-02,74.9
2024-07-03,60.7
2024-07-04,68.3
2024-07-05,69.2
2024-07-06,76.3
2024-07-07,60.9
2024-07-08,68.2
2024-07-09,81.9
2024-07-10,86.0
2024-07-11,88.8
2024-07-12,94.1
2024-07-13,95.8
2024-07-14,95.0
2024-07-15,93.8
2024-07-16,83.9
2024-07-17,68.4
2024-07-18,70.7
2024-07-19,80.8
2024-07-20,71.7
2024-07-21,49.8
2024-07-22,71.1
2024-07-23,74.0
2024-07-24,83.5
2024-07-25,87.2
2024-07-26,83.6
2024-07-27,85.5
2024-07-28,90.5
2024-07-29,93.3
2024-07-30,96.8
2024-07-31,95.2
2024-08-01,77.9
2024-08-02,81.7
2024-08-03,81.4
2024-08-04,85.1
2024-08-05,90.9
2024-08-06,84.5
2024-08-07,94.1
2024-08-08,49.8
2024-08-09,23.0
2024-08-10,59.2
2024-08-11,69.8
2024-08-12,60.2
2024-08-13,78.9
2024-08-14,86.9
2024-08-15,84.8
2024-08-16,82.4
2024-08-17,87.6
2024-08-18,95.6
2024-08-19,81.1
2024-08-20,74.4
2024-08-21,85.6
2024-08-22,87.5
2024-08-23,88.7
2024-08-24,95.6
2024-08-25,92.6
2024-08-26,75.9
2024-08-27,73.0
2024-08-28,83.9
2024-08-29,78.1
2024-08-30,73.3
2024-08-31,81.6
2024-09-01,87.8
2024-09-02,82.9
2024-09-03,87.2
2024-09-04,85.8
2024-09-05,56.8
2024-09-06,73.5
2024-09-07,81.6
2024-09-08,87.0
2024-09-09,91.7
2024-09-10,91.2
2024-09-11,92.2
2024-09-12,89.2
2024-09-13,91.1
2024-09-14,85.0
2024-09-15,90.0
2024-09-16,79.2
2024-09-17,71.1
2024-09-18,85.5
2024-09-19,87.3
2024-09-20,68.8
2024-09-21,45.9
2024-09-22,44.4
2024-09-23,74.3
2024-09-24,79.5
2024-09-25,83.2
2024-09-26,86.5
2024-09-27,84.4
2024-09-28,86.8
2024-09-29,88.1
2024-09-30,90.7
2024-10-01,83.1
2024-10-02,93.6
2024-10-03,91.1
2024-10-04,80.2
2024-10-05,95.4
2024-10-06,85.6
2024-10-07,87.4
2024-10-08,85.7
2024-10-09,87.4
2024-10-10,91.6
2024-10-11,94.1
2024-10-12,93.7
2024-10-13,79.9
2024-10-14,83.8
2024-10-15,78.0
2024-10-16,78.2
2024-10-17,77.3
2024-10-18,53.6
2024-10-19,4.1
2024-10-20,42.2
2024-10-21,72.2
2024-10-22,83.4
2024-10-23,65.4
2024-10-24,86.5
2024-10-25,72.5
2024-10-26,72.1
2024-10-27,77.9
2024-10-28,84.1
2024-10-29,87.6
2024-10-30,66.9
2024-10-31,65.5
2024-11-01,82.5
2024-11-02,57.4
2024-11-03,72.6
2024-11-04,20.5
2024-11-05,19.5
2024-11-06,5.9
2024-11-07,0.0
2024-11-08,0.0
2024-11-09,17.4
2024-11-10,23.6
2024-11-11,21.0
2024-11-12,22.0
2024-11-13,52.0
2024-11-14,67.6
2024-11-15,71.8
2024-11-16,74.7
2024-11-17,47.8
2024-11-18,37.2
2024-11-19,53.3
2024-11-20,66.3
2024-11-21,66.5
2024-11-22,75.0
2024-11-23,75.6
2024-11-24,79.7
2024-11-25,52.6
2024-11-26,64.4
2024-11-27,12.4
2024-11-28,39.3
2024-11-29,39.3
2024-11-30,66.8
2024-12-01,73.0
2024-12-02,58.7
2024-12-03,66.5
2024-12-04,70.8
2024-12-05,55.2
2024-12-06,67.7
2024-12-07,71.3
2024-12-08,75.8
2024-12-09,56.2
2024-12-10,40.6
2024-12-11,50.2
2024-12-12,71.8
2024-12-13,56.0
2024-12-14,75.5
2024-12-15,80.3
2024-12-16,67.1
2024-12-17,75.0
2024-12-18,61.3
2024-12-19,74.7
2024-12-20,78.9
2024-12-21,79.5
2024-12-22,84.1
2024-12-23,61.9
2024-12-24,60.8
2024-12-25,56.2
2024-12-26,60.0
2024-12-27,68.6
2024-12-28,71.7
2024-12-29,71.8
2024-12-30,78.9
2024-12-31,53.4
